NU_ANO_CENSO;NO_REGIAO;CO_REGIAO;NO_UF;SG_UF;CO_UF;NO_MUNICIPIO;CO_MUNICIPIO;NO_REGIAO_GEOG_INTERM;CO_REGIAO_GEOG_INTERM;NO_REGIAO_GEOG_IMED;CO_REGIAO_GEOG_IMED;NO_MESORREGIAO;CO_MESORREGIAO;NO_MICRORREGIAO;CO_MICRORREGIAO;NO_DISTRITO;CO_DISTRITO;NO_REGIAO_ADMINISTRATIVA;CO_REGIAO_ADMINISTRATIVA;NO_ENTIDADE;CO_ENTIDADE;TP_DEPENDENCIA;TP_CATEGORIA_ESCOLA_PRIVADA;TP_LOCALIZACAO;TP_LOCALIZACAO_DIFERENCIADA;DS_ENDERECO;NU_ENDERECO;DS_COMPLEMENTO;NO_BAIRRO;CO_CEP;NU_DDD;NU_TELEFONE;LATITUDE;LONGITUDE;TP_SITUACAO_FUNCIONAMENTO;CO_ORGAO_REGIONAL;DT_ANO_LETIVO_INICIO;DT_ANO_LETIVO_TERMINO;IN_VINCULO_SECRETARIA_EDUCACAO;IN_VINCULO_SEGURANCA_PUBLICA;IN_VINCULO_SECRETARIA_SAUDE;IN_VINCULO_OUTRO_ORGAO;IN_PODER_PUBLICO_PARCERIA;TP_PODER_PUBLICO_PARCERIA;IN_FORMA_CONT_TERMO_COLABORA;IN_FORMA_CONT_TERMO_FOMENTO;IN_FORMA_CONT_ACORDO_COOP;IN_FORMA_CONT_PRESTACAO_SERV;IN_FORMA_CONT_COOP_TEC_FIN;IN_FORMA_CONT_CONSORCIO_PUB;IN_FORMA_CONT_MU_TERMO_COLAB;IN_FORMA_CONT_MU_TERMO_FOMENTO;IN_FORMA_CONT_MU_ACORDO_COOP;IN_FORMA_CONT_MU_PREST_SERV;IN_FORMA_CONT_MU_COOP_TEC_FIN;IN_FORMA_CONT_MU_CONSORCIO_PUB;IN_FORMA_CONT_ES_TERMO_COLAB;IN_FORMA_CONT_ES_TERMO_FOMENTO;IN_FORMA_CONT_ES_ACORDO_COOP;IN_FORMA_CONT_ES_PREST_SERV;IN_FORMA_CONT_ES_COOP_TEC_FIN;IN_FORMA_CONT_ES_CONSORCIO_PUB;IN_MANT_ESCOLA_PRIVADA_EMP;IN_MANT_ESCOLA_PRIVADA_ONG;IN_MANT_ESCOLA_PRIVADA_OSCIP;IN_MANT_ESCOLA_PRIV_ONG_OSCIP;IN_MANT_ESCOLA_PRIVADA_SIND;IN_MANT_ESCOLA_PRIVADA_SIST_S;IN_MANT_ESCOLA_PRIVADA_S_FINS;NU_CNPJ_ESCOLA_PRIVADA;NU_CNPJ_MANTENEDORA;TP_REGULAMENTACAO;TP_RESPONSAVEL_REGULAMENTACAO;CO_ESCOLA_SEDE_VINCULADA;CO_IES_OFERTANTE;IN_LOCAL_FUNC_PREDIO_ESCOLAR;TP_OCUPACAO_PREDIO_ESCOLAR;IN_LOCAL_FUNC_SOCIOEDUCATIVO;IN_LOCAL_FUNC_UNID_PRISIONAL;IN_LOCAL_FUNC_PRISIONAL_SOCIO;IN_LOCAL_FUNC_GALPAO;TP_OCUPACAO_GALPAO;IN_LOCAL_FUNC_SALAS_OUTRA_ESC;IN_LOCAL_FUNC_OUTROS;IN_PREDIO_COMPARTILHADO;IN_AGUA_POTAVEL;IN_AGUA_REDE_PUBLICA;IN_AGUA_POCO_ARTESIANO;IN_AGUA_CACIMBA;IN_AGUA_FONTE_RIO;IN_AGUA_INEXISTENTE;IN_AGUA_CARRO_PIPA;IN_ENERGIA_REDE_PUBLICA;IN_ENERGIA_GERADOR_FOSSIL;IN_ENERGIA_RENOVAVEL;IN_ENERGIA_INEXISTENTE;IN_ESGOTO_REDE_PUBLICA;IN_ESGOTO_FOSSA_SEPTICA;IN_ESGOTO_FOSSA_COMUM;IN_ESGOTO_FOSSA;IN_ESGOTO_INEXISTENTE;IN_LIXO_SERVICO_COLETA;IN_LIXO_QUEIMA;IN_LIXO_ENTERRA;IN_LIXO_DESTINO_FINAL_PUBLICO;IN_LIXO_DESCARTA_OUTRA_AREA;IN_TRATAMENTO_LIXO_SEPARACAO;IN_TRATAMENTO_LIXO_REUTILIZA;IN_TRATAMENTO_LIXO_RECICLAGEM;IN_TRATAMENTO_LIXO_INEXISTENTE;IN_ALMOXARIFADO;IN_AREA_VERDE;IN_AREA_PLANTIO;IN_AUDITORIO;IN_BANHEIRO;IN_BANHEIRO_EI;IN_BANHEIRO_PNE;IN_BANHEIRO_FUNCIONARIOS;IN_BANHEIRO_CHUVEIRO;IN_BIBLIOTECA;IN_BIBLIOTECA_SALA_LEITURA;IN_COZINHA;IN_DESPENSA;IN_DORMITORIO_ALUNO;IN_DORMITORIO_PROFESSOR;IN_LABORATORIO_CIENCIAS;IN_LABORATORIO_INFORMATICA;IN_LABORATORIO_EDUC_PROF;IN_PATIO_COBERTO;IN_PATIO_DESCOBERTO;IN_PARQUE_INFANTIL;IN_PISCINA;IN_QUADRA_ESPORTES;IN_QUADRA_ESPORTES_COBERTA;IN_QUADRA_ESPORTES_DESCOBERTA;IN_REFEITORIO;IN_SALA_ATELIE_ARTES;IN_SALA_MUSICA_CORAL;IN_SALA_ESTUDIO_DANCA;IN_SALA_MULTIUSO;IN_SALA_ESTUDIO_GRAVACAO;IN_SALA_OFICINAS_EDUC_PROF;IN_SALA_DIRETORIA;IN_SALA_LEITURA;IN_SALA_PROFESSOR;IN_SALA_REPOUSO_ALUNO;IN_SECRETARIA;IN_SALA_ATENDIMENTO_ESPECIAL;IN_TERREIRAO;IN_VIVEIRO;IN_DEPENDENCIAS_OUTRAS;IN_ACESSIBILIDADE_CORRIMAO;IN_ACESSIBILIDADE_ELEVADOR;IN_ACESSIBILIDADE_PISOS_TATEIS;IN_ACESSIBILIDADE_VAO_LIVRE;IN_ACESSIBILIDADE_RAMPAS;IN_ACESSIBILIDADE_SINAL_SONORO;IN_ACESSIBILIDADE_SINAL_TATIL;IN_ACESSIBILIDADE_SINAL_VISUAL;IN_ACESSIBILIDADE_INEXISTENTE;IN_ACESSIBILIDADE_SINALIZACAO;QT_SALAS_UTILIZADAS_DENTRO;QT_SALAS_UTILIZADAS_FORA;QT_SALAS_UTILIZADAS;QT_SALAS_UTILIZA_CLIMATIZADAS;QT_SALAS_UTILIZADAS_ACESSIVEIS;QT_SALAS_LEITURA;IN_EQUIP_PARABOLICA;IN_COMPUTADOR;IN_EQUIP_COPIADORA;IN_EQUIP_IMPRESSORA;IN_EQUIP_IMPRESSORA_MULT;IN_EQUIP_SCANNER;IN_EQUIP_NENHUM;IN_EQUIP_DVD;QT_EQUIP_DVD;IN_EQUIP_SOM;QT_EQUIP_SOM;IN_EQUIP_TV;QT_EQUIP_TV;IN_EQUIP_LOUSA_DIGITAL;QT_EQUIP_LOUSA_DIGITAL;IN_EQUIP_MULTIMIDIA;QT_EQUIP_MULTIMIDIA;IN_DESKTOP_ALUNO;QT_DESKTOP_ALUNO;IN_COMP_PORTATIL_ALUNO;QT_COMP_PORTATIL_ALUNO;IN_TABLET_ALUNO;QT_TABLET_ALUNO;IN_INTERNET;IN_INTERNET_ALUNOS;IN_INTERNET_ADMINISTRATIVO;IN_INTERNET_APRENDIZAGEM;IN_INTERNET_COMUNIDADE;IN_ACESSO_INTERNET_COMPUTADOR;IN_ACES_INTERNET_DISP_PESSOAIS;TP_REDE_LOCAL;IN_BANDA_LARGA;QT_PROF_ADMINISTRATIVOS;QT_PROF_SERVICOS_GERAIS;QT_PROF_BIBLIOTECARIO;QT_PROF_SAUDE;QT_PROF_COORDENADOR;QT_PROF_FONAUDIOLOGO;QT_PROF_NUTRICIONISTA;QT_PROF_PSICOLOGO;QT_PROF_ALIMENTACAO;QT_PROF_PEDAGOGIA;QT_PROF_SECRETARIO;QT_PROF_SEGURANCA;QT_PROF_MONITORES;QT_PROF_GESTAO;QT_PROF_ASSIST_SOCIAL;QT_PROF_TRAD_LIBRAS;QT_PROF_AGRICOLA;QT_PROF_REVISOR_BRAILLE;IN_ALIMENTACAO;IN_MATERIAL_PED_MULTIMIDIA;IN_MATERIAL_PED_INFANTIL;IN_MATERIAL_PED_CIENTIFICO;IN_MATERIAL_PED_DIFUSAO;IN_MATERIAL_PED_MUSICAL;IN_MATERIAL_PED_JOGOS;IN_MATERIAL_PED_ARTISTICAS;IN_MATERIAL_PED_PROFISSIONAL;IN_MATERIAL_PED_DESPORTIVA;IN_MATERIAL_PED_INDIGENA;IN_MATERIAL_PED_ETNICO;IN_MATERIAL_PED_CAMPO;IN_MATERIAL_PED_BIL_SURDOS;IN_MATERIAL_PED_AGRICOLA;IN_MATERIAL_PED_QUILOMBOLA;IN_MATERIAL_PED_EDU_ESP;IN_MATERIAL_PED_NENHUM;IN_EDUCACAO_INDIGENA;TP_INDIGENA_LINGUA;CO_LINGUA_INDIGENA_1;CO_LINGUA_INDIGENA_2;CO_LINGUA_INDIGENA_3;IN_EXAME_SELECAO;IN_RESERVA_PPI;IN_RESERVA_RENDA;IN_RESERVA_PUBLICA;IN_RESERVA_PCD;IN_RESERVA_OUTROS;IN_RESERVA_NENHUMA;IN_REDES_SOCIAIS;IN_ESPACO_ATIVIDADE;IN_ESPACO_EQUIPAMENTO;IN_ORGAO_ASS_PAIS;IN_ORGAO_ASS_PAIS_MESTRES;IN_ORGAO_CONSELHO_ESCOLAR;IN_ORGAO_GREMIO_ESTUDANTIL;IN_ORGAO_OUTROS;IN_ORGAO_NENHUM;TP_PROPOSTA_PEDAGOGICA;IN_EDUC_AMBIENTAL;IN_EDUC_AMB_CONTEUDO;IN_EDUC_AMB_CURRICULAR;IN_EDUC_AMB_EIXO;IN_EDUC_AMB_EVENTOS;IN_EDUC_AMB_PROJETOS;IN_EDUC_AMB_NENHUMA;TP_AEE;TP_ATIVIDADE_COMPLEMENTAR;TP_ITINERARIO_FORMATIVO;IN_ITINERARIO_APROFUNDAMENTO;IN_ITINERARIO_TECN_PROF;IN_ESCOLARIZACAO;IN_MEDIACAO_PRESENCIAL;IN_MEDIACAO_SEMIPRESENCIAL;IN_MEDIACAO_EAD;IN_ESPECIAL_EXCLUSIVA;IN_REGULAR;IN_EJA;IN_PROFISSIONALIZANTE;IN_COMUM_CRECHE;IN_COMUM_PRE;IN_COMUM_FUND_AI;IN_COMUM_FUND_AF;IN_COMUM_MEDIO_MEDIO;IN_COMUM_MEDIO_INTEGRADO;IN_COMUM_MEDIO_FIC;IN_COMUM_MEDIO_NORMAL;IN_ESP_EXCLUSIVA_CRECHE;IN_ESP_EXCLUSIVA_PRE;IN_ESP_EXCLUSIVA_FUND_AI;IN_ESP_EXCLUSIVA_FUND_AF;IN_ESP_EXCLUSIVA_MEDIO_MEDIO;IN_ESP_EXCLUSIVA_MEDIO_INTEGR;IN_ESP_EXCLUSIVA_MEDIO_FIC;IN_ESP_EXCLUSIVA_MEDIO_NORMAL;IN_COMUM_EJA_FUND;IN_COMUM_EJA_MEDIO;IN_COMUM_EJA_PROF;IN_ESP_EXCLUSIVA_EJA_FUND;IN_ESP_EXCLUSIVA_EJA_MEDIO;IN_ESP_EXCLUSIVA_EJA_PROF;IN_COMUM_PROF;IN_ESP_EXCLUSIVA_PROF
2025;Norte;1;Rondônia;RO;11;Alta Floresta D'Oeste;1100015;Ji-Paraná;1102;Cacoal;110005;Leste Rondoniense;2;Cacoal;6;Alta Floresta D'Oeste;110001505;;;EIEEF HAP BITT TUPARI;11022558;2;;2;2;TERRA INDIGENA RIO BRANCO;S/N;ALDEIA COLORADO;RURAL;76954000;69;993784647;;;1;00015;2025-02-10;2025-12-11;1;0;0;0;0;;;;;;;;;;;;;;;;;;;;;;;;;;;;;1;2;;;1;1;0;0;0;0;;0;0;0;0;0;0;0;0;1;0;0;0;1;0;0;0;1;1;0;0;1;1;0;0;0;0;0;1;0;1;0;0;1;0;0;0;0;0;0;1;0;0;0;0;0;0;0;0;0;0;0;0;0;0;0;0;0;0;0;0;0;0;0;0;0;0;1;0;0;0;0;0;0;0;0;0;0;1;0;1;0;1;0;0;0;0;0;0;1;0;0;0;0;0;1;1;0;0;0;0;0;0;0;0;1;1;0;0;1;0;1;1;0;0;0;0;0;0;0;0;0;0;0;0;0;0;0;0;0;0;0;0;0;0;0;1;0;0;0;0;0;1;0;0;1;1;0;0;0;0;0;0;0;1;3;171;;;0;;;;;;;0;1;1;0;0;1;0;0;0;1;1;1;0;0;0;0;0;0;0;0;0;0;1;1;0;0;0;1;0;0;0;0;1;0;0;0;0;0;0;0;0;0;0;0;0;0;0;0;0;0;0;0;0;0
2025;Norte;1;Rondônia;RO;11;Alta Floresta D'Oeste;1100015;Ji-Paraná;1102;Cacoal;110005;Leste Rondoniense;2;Cacoal;6;Alta Floresta D'Oeste;110001505;;;CEEJA LUIZ VAZ DE CAMOES;11024275;2;;1;0;AVENIDA RIO DE JANEIRO;4776;ESCOLA;CIDADE ALTA;76954000;69;36412656;-11.9309573;-61.9865132;1;00015;2025-02-10;2025-12-24;1;0;0;0;0;;;;;;;;;;;;;;;;;;;;;;;;;;;;;1;2;;;1;1;0;0;0;0;;1;0;0;1;1;0;0;0;0;0;1;0;0;0;0;1;0;1;0;1;0;0;0;0;0;0;0;1;1;1;0;0;1;0;1;1;1;1;1;1;1;0;0;0;1;0;1;0;0;0;1;1;0;1;0;0;0;0;0;0;1;1;1;0;1;0;0;0;0;1;0;1;1;1;0;0;1;0;0;9;4;13;13;13;0;0;1;1;1;1;1;0;0;0;1;12;1;3;1;2;1;12;1;19;1;4;1;26;1;1;1;1;0;1;1;3;1;3;5;4;0;0;0;0;0;2;4;1;0;2;1;0;0;0;0;1;0;0;1;1;0;1;1;0;1;0;0;0;0;0;0;0;0;0;;;;;0;;;;;;;1;0;0;0;0;1;0;0;0;1;1;1;0;0;1;1;0;0;0;0;0;0;1;1;0;0;0;0;1;0;0;0;0;0;0;0;0;0;0;0;0;0;0;0;0;0;1;1;0;0;0;0;0;0
2025;Norte;1;Rondônia;RO;11;Alta Floresta D'Oeste;1100015;Ji-Paraná;1102;Cacoal;110005;Leste Rondoniense;2;Cacoal;6;Alta Floresta D'Oeste;110001505;;;EMMEF 7 DE SETEMBRO;11024291;3;;2;;LINHA 60 COM A 140;;;;76954000;69;36413630;-12.04284487;-62.17757596;2;00015;;;;;;;;;;;;;;;;;;;;;;;;;;;;;;;;;;;;;;;;;;;;;;;;;;;;;;;;;;;;;;;;;;;;;;;;;;;;;;;;;;;;;;;;;;;;;;;;;;;;;;;;;;;;;;;;;;;;;;;;;;;;;;;;;;;;;;;;;;;;;;;;;;;;;;;;;;;;;;;;;;;;;;;;;;;;;;;;;;;;;;;;;;;;;;;;;;;;;;;;;;;;;;;;;;;;;;;;;;;;;;;;;;;;;;;;;;;;;;;;;;;;;;;;;;;;;;;;;;;;;;;;;
2025;Norte;1;Rondônia;RO;11;Alta Floresta D'Oeste;1100015;Ji-Paraná;1102;Cacoal;110005;Leste Rondoniense;2;Cacoal;6;Alta Floresta D'Oeste;110001505;;;EMEIEF BOA ESPERANCA;11024666;3;;2;0;LINHA P 50 KM 22;;ZONA RURAL;;76954000;69;999005110;-12.12982012;-61.99334879;1;00015;2025-02-06;2025-12-17;1;0;0;0;1;1;0;0;0;0;1;0;0;0;0;0;1;0;;;;;;;;;;;;;;;;1;3;;;1;1;0;0;0;0;;0;0;1;1;0;1;0;0;0;0;1;0;0;0;0;1;0;1;0;0;1;0;0;0;0;0;0;1;0;1;1;0;1;0;1;0;1;0;1;1;1;0;0;0;0;0;1;1;0;0;1;1;0;1;0;0;0;0;0;0;1;1;1;0;0;0;0;0;0;0;0;0;1;1;0;0;0;0;0;8;3;11;3;0;5;0;1;0;1;0;0;0;1;1;0;0;1;1;0;0;0;0;0;0;0;0;0;0;1;0;1;0;0;0;0;3;0;0;5;0;0;0;0;0;0;4;1;0;2;0;0;0;0;0;0;1;1;1;0;1;0;1;0;0;1;0;0;0;0;1;0;0;0;0;;;;;0;;;;;;;1;1;0;0;0;1;0;0;0;1;1;1;0;0;0;1;0;0;0;0;0;0;1;1;0;0;0;1;0;0;0;1;1;1;0;0;0;0;0;0;0;0;0;0;0;0;0;0;0;0;0;0;0;0
2025;Norte;1;Rondônia;RO;11;Alta Floresta D'Oeste;1100015;Ji-Paraná;1102;Cacoal;110005;Leste Rondoniense;2;Cacoal;6;Alta Floresta D'Oeste;110001505;;;EEEFM EURIDICE LOPES PEDROSO;11024682;2;;1;0;AVENIDA MATO GROSSO;3861;;CENTRO;76954000;69;993589910;-11.9273293;-61.995058;1;00015;2025-02-10;2025-12-16;1;0;0;0;0;;;;;;;;;;;;;;;;;;;;;;;;;;;;;1;2;;;1;1;0;0;0;0;;1;0;0;1;1;1;0;0;0;0;1;0;0;0;0;1;0;1;0;1;0;0;0;0;0;0;1;0;1;1;0;0;1;0;1;1;1;1;1;1;1;0;0;0;1;0;1;1;0;0;1;1;0;1;0;0;0;0;0;0;1;1;1;0;1;1;0;0;0;1;0;1;1;1;0;1;0;0;0;9;24;33;30;33;0;0;1;0;1;1;1;0;0;0;1;7;1;19;0;0;1;7;1;19;0;0;0;0;1;1;1;1;0;1;0;3;0;3;18;4;0;0;0;0;0;16;11;1;0;3;2;0;1;0;0;1;0;0;1;1;1;1;1;0;1;0;0;0;0;0;0;1;0;0;;;;;1;0;0;0;1;0;0;1;1;0;0;0;1;0;0;0;1;1;1;0;0;1;1;0;1;0;1;1;1;1;1;0;0;0;1;0;1;0;0;0;1;1;0;1;0;0;0;0;0;0;0;0;0;0;0;0;0;0;0;0;0
2025;Norte;1;Rondônia;RO;11;Alta Floresta D'Oeste;1100015;Ji-Paraná;1102;Cacoal;110005;Leste Rondoniense;2;Cacoal;6;Alta Floresta D'Oeste;110001505;;;EMEIEF JOSE BASILIO DA GAMA;11024917;3;;2;0;LINHA 42,5 KM 17;;;;76954000;69;999247718;-11.88567737;-62.06721101;1;00015;2025-02-06;2025-12-17;1;0;0;0;1;1;0;0;0;0;1;0;0;0;0;0;1;0;;;;;;;;;;;;;;;;1;3;;;1;1;0;0;0;0;;0;0;1;1;0;1;0;0;0;0;1;0;0;0;0;1;0;1;0;0;1;0;0;0;0;0;0;1;0;1;1;0;1;0;0;1;1;0;1;1;1;0;0;0;0;0;1;0;0;0;1;1;0;0;0;0;0;0;0;0;1;1;1;0;0;0;0;0;0;0;0;0;0;1;0;0;0;0;0;6;0;6;0;0;0;0;1;0;1;0;0;0;0;0;1;1;1;1;0;0;0;0;0;0;0;0;0;0;1;0;1;0;0;0;0;3;0;0;1;0;0;0;0;0;0;3;0;0;0;0;0;0;0;0;0;1;0;1;0;0;0;1;0;0;1;0;0;0;0;0;0;0;0;0;;;;;0;;;;;;;1;1;0;0;0;1;0;0;0;1;1;0;0;0;0;1;0;0;0;0;0;0;1;1;0;0;0;1;0;0;0;1;1;1;0;0;0;0;0;0;0;0;0;0;0;0;0;0;0;0;0;0;0;0
2025;Norte;1;Rondônia;RO;11;Alta Floresta D'Oeste;1100015;Ji-Paraná;1102;Cacoal;110005;Leste Rondoniense;2;Cacoal;6;Alta Floresta D'Oeste;110001505;;;EEEMTI JUSCELINO KUBITSCHEK DE OLIVEIRA;11024968;2;;1;0;AVENIDA AMAPA;4503;;SANTA FELICIDADE;76954000;69;36412127;-11.9246006;-61.9893275;1;00015;2025-02-10;2025-12-16;1;0;0;0;0;;;;;;;;;;;;;;;;;;;;;;;;;;;;;1;2;;;1;1;0;0;0;0;;0;0;0;1;0;1;0;0;0;0;1;0;0;0;0;1;0;1;0;1;0;0;0;0;1;0;0;0;1;1;0;1;1;0;1;1;1;1;1;1;1;1;0;1;1;0;1;1;0;0;1;1;0;1;0;0;0;0;0;0;1;1;1;1;1;0;0;0;0;1;0;1;1;1;0;1;1;0;0;16;0;16;16;16;0;0;1;0;1;1;1;0;0;0;1;16;1;19;0;0;1;6;1;25;1;24;0;0;1;1;1;1;0;1;1;2;0;5;7;1;0;0;0;0;0;10;2;1;0;0;3;2;0;0;0;1;1;0;1;1;0;1;1;0;1;0;1;0;0;0;0;0;0;0;;;;;0;;;;;;;1;1;1;0;0;1;0;1;0;1;0;9;9;9;9;9;9;0;0;1;1;1;1;1;0;0;0;1;0;1;0;0;0;1;1;0;1;0;0;0;0;0;0;0;0;0;0;0;0;0;0;0;0;0
2025;Norte;1;Rondônia;RO;11;Alta Floresta D'Oeste;1100015;Ji-Paraná;1102;Cacoal;110005;Leste Rondoniense;2;Cacoal;6;Alta Floresta D'Oeste;110001505;;;EMMEF MALBA TAHAN;11025034;3;;2;;LINHA 95 COM 140;;;;76954000;69;36413630;-12.29395256;-62.10423212;2;00015;;;;;;;;;;;;;;;;;;;;;;;;;;;;;;;;;;;;;;;;;;;;;;;;;;;;;;;;;;;;;;;;;;;;;;;;;;;;;;;;;;;;;;;;;;;;;;;;;;;;;;;;;;;;;;;;;;;;;;;;;;;;;;;;;;;;;;;;;;;;;;;;;;;;;;;;;;;;;;;;;;;;;;;;;;;;;;;;;;;;;;;;;;;;;;;;;;;;;;;;;;;;;;;;;;;;;;;;;;;;;;;;;;;;;;;;;;;;;;;;;;;;;;;;;;;;;;;;;;;;;;;;;
2025;Norte;1;Rondônia;RO;11;Alta Floresta D'Oeste;1100015;Ji-Paraná;1102;Cacoal;110005;Leste Rondoniense;2;Cacoal;6;Alta Floresta D'Oeste;110001505;;;EMMEF MARTIM AFONSO DE SOUZA;11025115;3;;2;0;LINHA 50 COM A 134;;;;76954000;69;992563981;-11.94904005;-62.22953537;1;00015;2025-02-06;2025-12-17;1;0;0;0;1;1;0;0;0;0;1;0;0;0;0;0;1;0;;;;;;;;;;;;;;;;1;3;;;1;1;0;0;0;0;;0;0;0;1;0;1;0;0;0;0;1;0;0;0;0;1;0;1;0;0;1;0;0;0;0;0;0;1;0;0;0;0;1;0;0;0;0;0;0;1;0;0;0;0;0;0;0;0;0;0;1;1;0;0;0;0;0;0;0;0;0;0;1;0;0;0;0;0;0;0;0;0;0;0;0;0;0;1;0;1;0;1;0;0;0;0;1;0;1;0;0;0;1;1;1;1;1;1;0;0;0;0;0;0;0;0;0;0;0;0;0;0;0;0;0;3;;0;0;0;0;0;0;0;0;1;0;0;0;0;0;0;0;0;0;1;0;0;0;0;0;1;0;0;1;0;0;0;0;0;0;0;0;0;;;;;0;;;;;;;0;0;0;0;0;1;0;0;0;1;1;0;0;0;0;1;0;0;0;0;0;0;1;1;0;0;0;1;0;0;0;0;1;0;0;0;0;0;0;0;0;0;0;0;0;0;0;0;0;0;0;0;0;0
2025;Norte;1;Rondônia;RO;11;Alta Floresta D'Oeste;1100015;Ji-Paraná;1102;Cacoal;110005;Leste Rondoniense;2;Cacoal;6;Alta Floresta D'Oeste;110001505;;;EMEIEF PEDRO ALEIXO;11025310;3;;2;0;LINHA 148 COM A 65 KM 38;;;;76954000;69;992797168;-12.08884367;-62.10503397;1;00015;2025-02-06;2025-12-17;1;0;0;0;1;1;0;0;0;0;1;0;0;0;0;0;1;0;;;;;;;;;;;;;;;;1;3;;;1;1;0;0;0;0;;0;0;1;1;0;1;0;0;0;0;1;0;0;0;0;1;0;1;0;0;1;0;0;0;0;0;0;1;0;1;1;0;1;0;0;1;1;0;1;1;1;0;0;0;0;0;1;1;1;0;1;1;0;0;0;0;0;0;0;0;1;1;1;0;0;0;0;0;0;0;0;0;1;1;0;0;0;0;0;11;0;11;0;0;7;0;1;0;1;1;0;0;0;0;1;2;0;0;0;0;1;1;0;0;0;0;0;0;1;0;1;0;0;0;0;3;0;0;6;0;0;0;0;0;0;2;1;0;0;0;0;0;0;1;0;1;0;1;0;0;0;1;0;0;1;0;0;0;0;0;0;0;0;0;;;;;0;;;;;;;1;1;1;0;0;1;0;0;0;1;1;1;0;0;1;1;0;0;0;0;0;0;1;1;0;0;0;1;0;0;0;1;1;1;0;0;0;0;0;0;0;0;0;0;0;0;0;0;0;0;0;0;0;0
2025;Norte;1;Rondônia;RO;11;Alta Floresta D'Oeste;1100015;Ji-Paraná;1102;Cacoal;110005;Leste Rondoniense;2;Cacoal;6;Alta Floresta D'Oeste;110001505;;;EMEIEF POTY;11025352;3;;2;0;LINHA 60;KM 18;;;76954000;69;992277399;-12.04266138;-62.03112723;1;00015;2025-02-06;2025-12-17;1;0;0;0;1;1;0;0;0;0;1;0;0;0;0;0;1;0;;;;;;;;;;;;;;;;1;3;;;1;1;0;0;0;0;;0;0;1;1;0;1;0;0;0;0;1;0;0;0;0;1;0;1;0;0;1;0;0;0;1;0;0;0;1;1;1;0;1;1;1;0;1;0;1;1;1;0;0;0;0;0;1;0;1;0;1;1;0;0;0;0;0;0;0;0;1;1;1;0;0;1;0;0;0;0;0;0;1;1;0;0;0;0;0;9;0;9;9;0;6;0;1;0;1;0;0;0;0;0;0;0;1;3;0;0;1;1;0;0;1;1;0;0;1;0;1;0;0;0;0;1;0;0;5;0;0;0;0;0;0;4;1;0;2;0;0;0;0;1;0;1;0;1;0;1;0;1;0;0;1;0;0;0;0;0;0;1;0;0;;;;;1;0;0;0;0;0;1;1;0;0;0;0;1;0;0;0;1;0;9;9;9;9;9;9;1;0;0;0;0;1;1;0;0;0;1;0;0;0;1;1;1;0;0;0;0;0;0;0;0;0;0;0;0;0;0;0;0;0;0;0;0
2025;Norte;1;Rondônia;RO;11;Alta Floresta D'Oeste;1100015;Ji-Paraná;1102;Cacoal;110005;Leste Rondoniense;2;Cacoal;6;Alta Floresta D'Oeste;110001505;;;EMMEF SAO JORGE;11025476;3;;2;;LINHA 156 COM A 85 ESQUINA COM A 90 KM 53;;;;76954000;69;36413630;-12.28509704;-62.04207831;2;00015;;;;;;;;;;;;;;;;;;;;;;;;;;;;;;;;;;;;;;;;;;;;;;;;;;;;;;;;;;;;;;;;;;;;;;;;;;;;;;;;;;;;;;;;;;;;;;;;;;;;;;;;;;;;;;;;;;;;;;;;;;;;;;;;;;;;;;;;;;;;;;;;;;;;;;;;;;;;;;;;;;;;;;;;;;;;;;;;;;;;;;;;;;;;;;;;;;;;;;;;;;;;;;;;;;;;;;;;;;;;;;;;;;;;;;;;;;;;;;;;;;;;;;;;;;;;;;;;;;;;;;;;;
2025;Norte;1;Rondônia;RO;11;Alta Floresta D'Oeste;1100015;Ji-Paraná;1102;Cacoal;110005;Leste Rondoniense;2;Cacoal;6;Alta Floresta D'Oeste;110001505;;;EEEF TANCREDO DE ALMEIDA NEVES;11025620;2;;1;0;AV. ALTA FLORESTA;2973;;;76954000;69;993547958;-11.9239175;-62.0032528;1;00015;2025-02-10;2025-12-31;1;0;0;0;0;;;;;;;;;;;;;;;;;;;;;;;;;;;;;1;2;;;1;1;0;0;0;0;;0;0;1;1;0;1;0;0;0;0;1;0;0;0;0;0;1;1;0;1;0;0;0;0;0;0;0;1;1;1;1;0;1;0;1;1;1;1;1;1;1;0;0;0;1;0;1;0;0;0;1;1;0;1;0;0;0;0;0;0;1;0;1;0;1;1;1;0;0;1;0;1;1;1;0;1;0;0;0;8;1;9;8;8;0;0;1;0;1;0;1;0;0;0;0;0;1;1;0;0;1;2;1;27;1;4;1;32;1;1;1;1;0;1;0;3;0;3;7;1;0;0;0;0;0;7;4;1;0;1;2;0;0;0;0;1;0;0;1;1;1;1;1;0;1;0;1;0;1;1;0;1;0;0;;;;;0;;;;;;;1;0;0;0;0;1;1;0;0;1;1;0;0;0;1;1;0;1;0;1;1;1;1;1;0;0;0;1;0;1;0;0;0;1;1;0;1;0;0;0;0;0;0;0;0;0;0;0;0;0;0;0;0;0
2025;Norte;1;Rondônia;RO;11;Alta Floresta D'Oeste;1100015;Ji-Paraná;1102;Cacoal;110005;Leste Rondoniense;2;Cacoal;6;Alta Floresta D'Oeste;110001505;;;COLEGIO TIRADENTES DA POLICIA MILITAR - CTPM XI;11025638;2;;1;0;RUA NEREU RAMOS;4581;;REDONDO;76954000;69;993872020;-11.934471;-62.0028328;1;00015;2025-02-10;2025-12-16;1;1;0;0;0;;;;;;;;;;;;;;;;;;;;;;;;;;;;;2;2;;;1;1;0;0;0;0;;0;0;0;1;0;1;0;0;0;0;1;0;1;0;0;1;0;1;0;1;0;0;0;0;1;0;1;0;1;1;1;1;1;0;1;1;1;1;1;1;1;0;0;1;1;0;1;0;0;0;1;1;1;1;1;0;0;0;0;0;1;1;1;0;1;1;0;0;0;1;0;1;1;1;0;0;1;0;0;16;16;32;16;16;0;0;1;1;1;1;1;0;0;0;1;2;1;1;0;0;1;13;1;26;0;0;1;2;1;1;1;1;0;1;1;3;1;5;10;1;0;4;0;0;0;9;4;1;4;2;1;0;0;0;0;1;1;0;1;1;1;1;1;0;1;0;1;0;0;1;0;1;0;0;;;;;1;0;0;0;0;0;1;1;1;1;0;0;1;0;0;0;1;1;0;0;0;1;1;0;1;0;1;1;1;1;1;0;0;0;1;0;1;0;0;0;1;1;0;1;0;0;0;0;0;0;0;0;0;0;0;0;0;0;0;0;0
2025;Norte;1;Rondônia;RO;11;Alta Floresta D'Oeste;1100015;Ji-Paraná;1102;Cacoal;110005;Leste Rondoniense;2;Cacoal;6;Alta Floresta D'Oeste;110001505;;;EMEIEF FLORESTA ENCANTADA;11025654;3;;1;0;AVENIDA BAHIA;4598;;;76954000;69;984481350;-11.9318066;-61.9882186;1;00015;2025-02-06;2025-12-17;1;0;0;0;1;1;0;0;0;0;1;0;0;0;0;0;1;0;;;;;;;;;;;;;;;;1;3;;;1;1;0;0;0;0;;0;0;0;1;1;0;0;0;0;0;1;0;0;0;0;1;0;1;0;1;0;0;0;0;1;0;0;0;1;0;0;1;1;1;1;1;1;0;1;1;1;0;0;0;0;0;1;0;1;0;0;0;0;1;0;0;0;0;0;0;1;1;1;0;1;1;1;0;0;1;0;1;1;1;1;0;1;0;1;11;0;11;11;0;11;0;1;1;1;1;1;0;1;1;0;0;1;1;0;0;1;1;0;0;0;0;0;0;1;1;1;1;1;0;1;2;1;1;9;0;0;2;0;0;0;5;3;1;2;0;0;1;0;0;0;1;1;1;0;1;1;1;0;0;1;0;1;0;1;0;0;1;0;0;;;;;0;;;;;;;1;1;1;0;0;1;0;0;0;1;1;1;1;1;1;1;0;1;0;0;0;0;1;1;0;0;0;1;0;0;0;1;1;0;0;0;0;0;0;0;0;0;0;0;0;0;0;0;0;0;0;0;0;0
2025;Norte;1;Rondônia;RO;11;Alta Floresta D'Oeste;1100015;Ji-Paraná;1102;Cacoal;110005;Leste Rondoniense;2;Cacoal;6;Alta Floresta D'Oeste;110001505;;;EIEEFM KON KOATT TUPARI;11037962;2;;2;2;TERRA INDIGENA RIO BRANCO;S/N;ALDEIA CAJUI;RURAL;76954000;69;993784647;;;1;00015;2025-03-10;2025-12-17;1;0;0;0;0;;;;;;;;;;;;;;;;;;;;;;;;;;;;;1;2;;;1;1;0;0;0;0;;0;0;0;1;0;0;1;0;0;0;0;0;1;0;0;0;1;1;0;0;1;1;0;0;0;0;0;1;1;1;0;0;1;0;0;0;0;0;0;1;1;0;0;0;0;0;1;0;0;0;0;0;0;1;0;0;0;0;0;0;0;0;1;0;0;0;1;0;0;0;0;0;0;0;0;0;0;1;0;4;0;4;2;0;0;0;1;0;1;0;0;0;0;0;0;0;0;0;0;0;0;0;0;0;0;0;1;33;1;1;1;1;0;1;0;2;0;0;0;0;0;0;0;0;0;0;0;0;0;0;0;0;0;0;0;1;0;0;0;0;0;1;0;0;1;1;0;0;0;0;0;0;0;1;3;171;;;0;;;;;;;0;1;1;0;0;1;0;0;0;1;1;1;0;0;0;0;0;0;0;1;1;0;1;1;0;0;0;1;0;0;0;0;1;1;1;0;0;0;0;0;0;0;0;0;0;0;0;0;0;0;0;0;0;0
2025;Norte;1;Rondônia;RO;11;Alta Floresta D'Oeste;1100015;Ji-Paraná;1102;Cacoal;110005;Leste Rondoniense;2;Cacoal;6;Alta Floresta D'Oeste;110001505;;;EIEEF SAW D JO TUPARI;11038047;2;;2;2;RESERVA BIOLOGICA VALE DO GUAPORE;S/N;ALDEIA PALHAL;RURAL;76954000;69;993784647;;;1;00015;2025-02-10;2025-12-11;1;0;0;0;0;;;;;;;;;;;;;;;;;;;;;;;;;;;;;1;2;;;1;1;0;0;0;0;;0;0;0;0;0;0;0;0;1;0;0;0;1;0;0;0;0;0;1;0;1;1;0;0;0;0;0;1;0;0;0;0;0;0;0;0;0;0;0;0;0;0;0;0;0;0;0;0;0;0;0;0;0;0;0;0;0;0;0;0;0;0;0;0;0;0;0;0;1;0;0;0;0;0;0;0;0;1;0;1;0;1;0;0;0;0;0;0;0;0;0;1;0;0;0;0;0;0;0;0;0;0;0;0;0;0;0;0;0;0;0;0;0;0;0;9;;0;0;0;0;0;0;0;0;0;0;0;0;0;0;0;0;0;0;1;0;0;0;0;0;1;0;0;1;0;0;0;0;0;0;0;0;1;3;171;;;0;;;;;;;0;0;1;0;0;1;0;0;0;1;1;1;0;0;0;0;0;0;0;0;0;0;1;1;0;0;0;1;0;0;0;0;1;0;0;0;0;0;0;0;0;0;0;0;0;0;0;0;0;0;0;0;0;0
2025;Norte;1;Rondônia;RO;11;Alta Floresta D'Oeste;1100015;Ji-Paraná;1102;Cacoal;110005;Leste Rondoniense;2;Cacoal;6;Alta Floresta D'Oeste;110001505;;;EIEEFM BOATT GERAINNY;11038373;2;;2;2;TERRA INDIGENA RIO BRANCO;S/N;ALDEIA SAO LUIZ;RURAL;76954000;69;993784647;;;1;00015;2025-02-10;2025-12-11;1;0;0;0;0;;;;;;;;;;;;;;;;;;;;;;;;;;;;;1;2;;;1;1;0;0;0;0;;0;0;0;0;0;0;0;0;1;0;1;0;0;0;0;0;1;1;0;0;1;1;0;0;0;0;0;1;1;1;0;0;1;0;0;0;1;0;0;1;1;0;1;0;0;0;1;0;0;0;0;0;0;1;0;0;0;0;0;0;0;0;0;0;0;0;1;0;0;0;0;0;0;0;0;0;0;1;0;6;0;6;6;0;0;0;1;0;1;0;1;0;0;0;1;1;1;2;0;0;0;0;0;0;0;0;1;15;1;1;1;1;0;1;0;2;0;1;1;0;0;0;0;0;0;1;1;0;0;0;0;1;0;0;0;1;0;0;0;1;0;1;0;0;1;1;0;0;0;0;0;0;0;1;3;171;;;0;;;;;;;0;1;1;0;0;1;0;0;0;1;1;1;0;0;0;0;0;0;0;1;1;1;1;1;0;0;0;1;0;1;0;0;1;1;1;0;1;0;0;0;0;0;0;0;0;0;0;0;0;0;0;0;0;0
2025;Norte;1;Rondônia;RO;11;Alta Floresta D'Oeste;1100015;Ji-Paraná;1102;Cacoal;110005;Leste Rondoniense;2;Cacoal;6;Alta Floresta D'Oeste;110001505;;;CRECHE MUNICIPAL CANTINHO DA ALEGRIA;11039493;3;;1;0;RUA TERESINA;Nº 7802;PREDIO;;76954000;69;992282722;-11.92321819;-62.00246545;1;00015;2025-02-06;2025-12-17;1;0;0;0;1;1;0;0;0;0;1;0;0;0;0;0;1;0;;;;;;;;;;;;;;;;1;3;;;1;1;0;0;0;0;;0;0;0;1;0;1;0;0;0;0;1;0;0;0;0;1;0;1;0;1;0;0;0;0;0;0;0;1;1;0;0;0;1;1;1;1;1;0;0;1;1;0;0;0;0;0;1;1;1;0;0;0;0;0;0;0;0;0;0;0;1;0;1;0;1;0;1;0;0;0;0;1;1;1;0;1;1;0;0;5;0;5;5;5;0;0;1;0;1;0;0;0;0;0;1;1;0;0;0;0;1;1;0;0;0;0;0;0;1;0;1;1;0;0;0;3;0;0;5;0;0;0;0;0;0;4;1;1;2;0;0;0;0;0;0;1;0;1;0;0;1;1;0;0;1;0;0;0;0;1;0;0;0;0;;;;;0;;;;;;;1;0;0;0;0;1;0;0;0;1;1;0;0;0;0;1;0;0;0;0;0;0;1;1;0;0;0;1;0;0;1;0;0;0;0;0;0;0;0;0;0;0;0;0;0;0;0;0;0;0;0;0;0;0
2025;Norte;1;Rondônia;RO;11;Alta Floresta D'Oeste;1100015;Ji-Paraná;1102;Cacoal;110005;Leste Rondoniense;2;Cacoal;6;Alta Floresta D'Oeste;110001505;;;EIEEF MEKITOM TUPARI;11046236;2;;2;;TERRA INDIGENA RIO BRANCO;;ALDEIA POCAO;;76954000;69;993784647;;;3;00015;;;;;;;;;;;;;;;;;;;;;;;;;;;;;;;;;;;;;;;;;;;;;;;;;;;;;;;;;;;;;;;;;;;;;;;;;;;;;;;;;;;;;;;;;;;;;;;;;;;;;;;;;;;;;;;;;;;;;;;;;;;;;;;;;;;;;;;;;;;;;;;;;;;;;;;;;;;;;;;;;;;;;;;;;;;;;;;;;;;;;;;;;;;;;;;;;;;;;;;;;;;;;;;;;;;;;;;;;;;;;;;;;;;;;;;;;;;;;;;;;;;;;;;;;;;;;;;;;;;;;;;;;
2025;Norte;1;Rondônia;RO;11;Alta Floresta D'Oeste;1100015;Ji-Paraná;1102;Cacoal;110005;Leste Rondoniense;2;Cacoal;6;Alta Floresta D'Oeste;110001505;;;EIEEF AMEN KOARE TUPARI;11046244;2;;2;;TERRA INDIGENA RIO BRANCO;S/N;ALDEIA FIGUEIRA;RURAL;76954000;69;993784647;;;3;00015;;;;;;;;;;;;;;;;;;;;;;;;;;;;;;;;;;;;;;;;;;;;;;;;;;;;;;;;;;;;;;;;;;;;;;;;;;;;;;;;;;;;;;;;;;;;;;;;;;;;;;;;;;;;;;;;;;;;;;;;;;;;;;;;;;;;;;;;;;;;;;;;;;;;;;;;;;;;;;;;;;;;;;;;;;;;;;;;;;;;;;;;;;;;;;;;;;;;;;;;;;;;;;;;;;;;;;;;;;;;;;;;;;;;;;;;;;;;;;;;;;;;;;;;;;;;;;;;;;;;;;;;;
2025;Norte;1;Rondônia;RO;11;Alta Floresta D'Oeste;1100015;Ji-Paraná;1102;Cacoal;110005;Leste Rondoniense;2;Cacoal;6;Alta Floresta D'Oeste;110001505;;;EIEEFM ANOMAE TUPARI;11046252;2;;2;2;TERRA INDIGENA RIO BRANCO;S/N;ALDEIA SERRINHA;;76954000;69;993784647;;;1;00015;2025-02-10;2025-12-11;1;0;0;0;0;;;;;;;;;;;;;;;;;;;;;;;;;;;;;1;2;;;1;1;0;0;0;0;;0;0;0;0;0;0;0;0;1;0;1;0;0;0;0;0;1;1;0;0;1;1;0;0;0;0;0;1;0;1;0;0;1;0;0;0;0;0;0;1;0;0;1;0;0;0;1;0;0;0;0;0;0;0;0;0;0;0;0;0;0;0;0;0;0;0;1;0;0;0;0;0;0;0;0;0;0;1;0;4;0;4;2;0;0;0;1;0;1;0;1;0;0;0;0;0;1;2;0;0;0;0;0;0;0;0;1;30;1;1;1;1;0;0;1;2;0;0;0;0;0;0;0;0;0;0;0;0;0;0;0;0;0;0;0;1;0;0;0;0;0;1;0;0;1;1;0;0;0;0;0;0;0;1;3;171;;;0;;;;;;;0;1;1;0;0;1;0;0;0;1;1;1;0;0;0;0;0;0;0;1;1;0;1;1;0;0;0;1;0;0;0;0;1;1;1;0;0;0;0;0;0;0;0;0;0;0;0;0;0;0;0;0;0;0
2025;Norte;1;Rondônia;RO;11;Alta Floresta D'Oeste;1100015;Ji-Paraná;1102;Cacoal;110005;Leste Rondoniense;2;Cacoal;6;Alta Floresta D'Oeste;110001505;;;CENTRO EDUCACIONAL DR ANTONIO LAZARO DE MOURA;11046864;4;4;1;0;AV MINAS GERAIS ESQUINA COM A FORTALEZA;4405;;;76954000;69;36413055;-11.9326001;-61.983286;1;00015;2025-02-06;2025-12-16;;;;;1;3;0;0;1;0;0;0;0;0;1;0;0;0;0;0;1;0;0;0;0;0;0;0;0;0;1;05976299000138;05976299000138;2;2;;;1;1;0;0;0;0;;0;0;0;1;1;0;0;0;0;0;0;0;1;0;0;0;1;1;0;1;0;0;0;0;0;0;0;1;1;1;0;0;1;1;1;1;1;0;0;1;1;0;0;0;0;0;1;0;0;0;0;0;0;1;0;0;0;1;0;1;1;0;1;0;1;1;1;0;0;0;0;0;1;1;0;1;0;0;1;9;0;9;8;9;0;0;1;0;1;1;0;0;1;3;1;1;1;3;1;1;1;2;1;4;1;1;0;0;1;1;1;1;0;1;1;3;0;0;2;0;0;0;0;0;0;1;1;1;0;0;0;0;0;0;0;1;1;1;0;1;0;1;1;0;1;0;0;0;0;0;0;1;0;0;;;;;0;;;;;;;1;1;0;1;0;0;0;1;0;1;1;1;0;0;0;1;0;2;0;0;0;0;0;1;0;0;0;0;0;;0;0;0;0;0;0;0;0;0;0;0;0;0;0;0;0;0;0;0;0;0;0;0;0
2025;Norte;1;Rondônia;RO;11;Alta Floresta D'Oeste;1100015;Ji-Paraná;1102;Cacoal;110005;Leste Rondoniense;2;Cacoal;6;Alta Floresta D'Oeste;110001505;;;EMEI MONTEIRO LOBATO;11047402;3;;1;0;RUA ACRE ESQUINA COM A AV NILO PECANHA;4357;;;76954000;69;999137895;-11.93256197;-61.99928624;1;00015;2025-02-06;2025-12-17;1;0;0;0;1;1;0;0;0;0;1;0;0;0;0;0;1;0;;;;;;;;;;;;;;;;1;3;;;1;1;0;0;0;0;;0;0;0;1;1;0;0;0;0;0;1;0;0;0;0;1;0;1;0;1;0;0;0;0;0;0;0;1;0;0;0;0;1;1;0;1;1;0;0;1;1;0;0;0;0;0;1;0;1;0;0;0;0;0;0;0;0;0;0;0;0;0;0;0;1;0;0;0;0;0;0;0;1;1;0;0;0;0;0;7;0;7;7;5;0;0;1;0;0;1;0;0;0;0;0;0;1;7;0;0;1;1;0;0;0;0;0;0;1;0;1;1;0;0;0;1;1;0;5;0;0;0;0;0;0;4;3;1;0;0;0;0;0;0;0;1;0;1;0;1;0;1;1;0;1;0;0;0;0;0;0;0;0;0;;;;;0;;;;;;;1;0;0;0;0;1;0;0;0;1;0;9;9;9;9;9;9;0;0;0;0;0;1;1;0;0;0;1;0;0;0;1;0;0;0;0;0;0;0;0;0;0;0;0;0;0;0;0;0;0;0;0;0;0
2025;Norte;1;Rondônia;RO;11;Alta Floresta D'Oeste;1100015;Ji-Paraná;1102;Cacoal;110005;Leste Rondoniense;2;Cacoal;6;Alta Floresta D'Oeste;110001505;;;EMEIEF 17 DE JUNHO;11047461;3;;1;0;AVENIDA BRASIL;2934;;;76954000;69;999514356;-11.9297843;-62.0035214;1;00015;2025-02-06;2025-12-17;1;0;0;0;1;1;0;0;0;0;1;0;0;0;0;0;1;0;;;;;;;;;;;;;;;;1;3;;;1;1;0;0;0;0;;1;0;0;1;1;0;0;0;0;0;1;0;0;0;0;1;0;1;0;1;0;0;0;0;0;0;0;1;0;0;0;0;1;1;0;1;1;0;0;1;1;0;0;0;0;0;1;0;0;0;0;0;0;0;0;0;0;0;0;0;1;0;0;0;0;0;0;0;0;1;0;0;0;1;0;0;0;0;0;7;3;10;10;10;7;0;0;0;0;1;0;0;1;1;1;1;1;1;0;0;1;1;0;0;0;0;0;0;1;0;1;1;0;0;0;0;0;1;6;0;0;0;0;0;0;6;22;1;2;0;1;0;0;0;0;1;0;1;0;1;0;1;0;0;1;0;0;0;0;0;0;1;0;0;;;;;0;;;;;;;1;0;0;0;0;1;0;0;0;1;1;0;0;0;1;1;0;0;0;0;0;0;1;1;0;0;0;1;0;0;0;1;1;0;0;0;0;0;0;0;0;0;0;0;0;0;0;0;0;0;0;0;0;0
2025;Norte;1;Rondônia;RO;11;Alta Floresta D'Oeste;1100015;Ji-Paraná;1102;Cacoal;110005;Leste Rondoniense;2;Cacoal;6;Alta Floresta D'Oeste;110001505;;;EMMEF HERBERT JOSE DE SOUSA;11049782;3;;2;;LINHA 144 KM 50;SN;ZONA RURAL;;76954000;69;36413630;-12.20527511;-62.13277733;2;00015;;;;;;;;;;;;;;;;;;;;;;;;;;;;;;;;;;;;;;;;;;;;;;;;;;;;;;;;;;;;;;;;;;;;;;;;;;;;;;;;;;;;;;;;;;;;;;;;;;;;;;;;;;;;;;;;;;;;;;;;;;;;;;;;;;;;;;;;;;;;;;;;;;;;;;;;;;;;;;;;;;;;;;;;;;;;;;;;;;;;;;;;;;;;;;;;;;;;;;;;;;;;;;;;;;;;;;;;;;;;;;;;;;;;;;;;;;;;;;;;;;;;;;;;;;;;;;;;;;;;;;;;;
2025;Norte;1;Rondônia;RO;11;Alta Floresta D'Oeste;1100015;Ji-Paraná;1102;Cacoal;110005;Leste Rondoniense;2;Cacoal;6;Alta Floresta D'Oeste;110001505;;;EMEF MARIOMA PEREIRA DA SILVA;11050594;3;;1;0;RUA FORTALEZA;4321;;;76954000;69;993246848;-11.93184753;-61.9831682;1;00015;2025-02-06;2025-12-19;1;0;0;0;1;1;0;0;0;0;1;0;0;0;0;0;1;0;;;;;;;;;;;;;;;;1;3;;;1;1;0;0;0;0;;0;0;0;1;1;0;0;0;0;0;1;0;0;0;0;1;0;1;0;1;0;0;0;0;0;0;0;1;0;1;0;0;1;0;1;1;1;0;0;1;1;0;0;0;0;0;1;1;1;0;0;0;0;0;0;0;0;0;0;0;1;0;1;0;1;1;0;0;0;0;0;0;1;0;0;0;0;0;0;6;0;6;6;0;0;0;1;0;1;0;0;0;0;0;1;1;1;1;0;0;0;0;0;0;0;0;0;0;1;0;1;1;0;0;0;3;0;1;3;0;0;2;0;0;0;8;1;1;1;0;0;0;0;0;0;1;0;0;0;0;0;1;0;0;1;0;0;0;0;0;0;0;0;0;;;;;0;;;;;;;1;0;1;0;0;1;0;0;0;1;1;1;0;0;0;0;0;1;1;0;0;0;1;1;0;0;0;1;0;0;0;0;1;0;0;0;0;0;0;0;0;0;0;0;0;0;0;0;0;0;0;0;0;0
2025;Norte;1;Rondônia;RO;11;Alta Floresta D'Oeste;1100015;Ji-Paraná;1102;Cacoal;110005;Leste Rondoniense;2;Cacoal;6;Alta Floresta D'Oeste;110001505;;;CRECHE MUNICIPAL HEITOR MOREIRA UGOLINI;11051264;3;;1;0;RUA TANCREDO NEVES;4849;;SANTA FELICIDADE;76954000;69;;;;1;00015;2025-02-06;2025-12-17;1;0;0;0;1;1;0;0;0;0;1;0;0;0;0;0;1;0;;;;;;;;;;;;;;;;1;3;;;1;1;0;0;0;0;;0;0;0;1;1;0;0;0;0;0;1;0;0;0;0;1;0;1;0;1;0;0;0;0;0;0;0;1;1;1;0;0;1;1;1;1;1;0;0;1;1;0;0;0;0;0;1;1;0;0;0;0;0;0;0;0;0;0;0;0;1;0;1;0;1;0;0;0;0;0;0;1;0;0;0;0;0;0;0;5;0;5;5;0;0;0;1;0;1;0;0;0;0;0;1;1;1;3;0;0;0;0;0;0;0;0;0;0;1;0;1;0;0;0;0;3;0;1;6;0;0;1;0;1;1;4;1;1;0;0;0;0;0;0;0;1;0;1;0;0;0;1;0;0;1;0;0;0;0;0;0;0;0;0;;;;;0;;;;;;;1;0;0;0;0;1;0;0;0;1;0;9;9;9;9;9;9;0;0;0;0;0;1;1;0;0;0;1;0;0;1;0;0;0;0;0;0;0;0;0;0;0;0;0;0;0;0;0;0;0;0;0;0;0
2025;Norte;1;Rondônia;RO;11;Alta Floresta D'Oeste;1100015;Ji-Paraná;1102;Cacoal;110005;Leste Rondoniense;2;Cacoal;6;Filadélfia d'Oeste;110001515;;;EMEIEF PADRE FEIJO;11025280;3;;2;0;LINHA 105 COM A 152;SN;DISTR. DE FILADELFIA;;76954000;69;993890888;-12.43655517;-62.0426595;1;00015;2025-02-06;2025-12-17;1;0;0;0;1;1;0;0;0;0;1;0;0;0;0;0;1;0;;;;;;;;;;;;;;;;1;3;;;1;1;0;0;0;0;;0;0;1;1;0;1;0;0;0;0;1;0;0;0;0;1;0;1;0;0;1;0;0;0;0;0;0;1;0;0;0;0;1;0;0;0;1;0;1;1;0;0;0;0;0;0;0;0;0;0;1;1;0;0;0;0;0;0;0;0;0;1;1;0;0;0;0;0;0;0;0;0;0;0;0;0;0;1;0;7;0;7;0;0;0;0;1;0;1;0;0;0;0;0;0;0;0;0;0;0;1;1;0;0;0;0;0;0;1;0;1;0;0;0;0;3;0;0;2;0;0;0;0;0;0;4;0;0;0;0;0;0;0;0;0;1;0;0;0;0;0;0;0;0;1;0;0;0;0;0;0;0;0;0;;;;;0;;;;;;;0;0;0;0;0;1;0;0;0;1;0;9;9;9;9;9;9;0;0;0;0;0;1;1;0;0;0;1;0;0;0;1;1;1;0;0;0;0;0;0;0;0;0;0;0;0;0;0;0;0;0;0;0;0
2025;Norte;1;Rondônia;RO;11;Alta Floresta D'Oeste;1100015;Ji-Paraná;1102;Cacoal;110005;Leste Rondoniense;2;Cacoal;6;Izidolândia;110001520;;;EMEIEF IZIDORO STEDILE;11024828;3;;2;0;LINHA 138 KM 100;S/N;DISTRITO;;76954000;69;984489053;-12.60328476;-62.17533345;1;00015;2025-02-06;2025-12-17;1;0;0;0;1;1;0;0;0;0;1;0;0;0;0;0;1;0;;;;;;;;;;;;;;;;1;3;;;1;1;0;0;0;0;;0;0;1;1;0;1;0;0;0;0;1;0;0;0;0;1;0;1;0;1;0;0;0;0;0;0;0;1;0;1;1;0;1;1;1;1;1;0;1;1;1;0;0;0;0;0;1;0;1;0;1;1;0;0;0;0;0;0;0;0;1;1;1;0;0;0;0;0;0;0;0;0;1;1;0;0;0;0;0;9;0;9;3;0;4;0;1;0;1;1;0;0;0;0;0;0;1;1;0;0;1;1;0;0;0;0;0;0;1;1;1;0;0;0;1;3;0;1;3;0;0;0;0;0;0;1;1;0;2;0;0;0;0;1;0;1;0;1;0;0;0;1;0;0;1;0;0;0;0;1;0;0;0;0;;;;;0;;;;;;;1;1;0;0;0;1;0;0;0;1;1;1;0;0;1;0;0;0;0;0;0;0;1;1;0;0;0;1;0;0;0;1;1;1;0;0;0;0;0;0;0;0;0;0;0;0;0;0;0;0;0;0;0;0
2025;Norte;1;Rondônia;RO;11;Alta Floresta D'Oeste;1100015;Ji-Paraná;1102;Cacoal;110005;Leste Rondoniense;2;Cacoal;6;Nova Gease d'Oeste;110001525;;;EMEIEF MARIA DE SOUZA PEGO;11025077;3;;2;0;LINHA 47,5;;;;76954000;69;999651326;-11.91801765;-62.32095124;1;00015;2025-02-06;2025-12-17;1;0;0;0;1;1;0;0;0;0;1;0;0;0;0;0;1;0;;;;;;;;;;;;;;;;1;3;;;1;1;0;0;0;0;;0;0;1;1;0;1;0;0;0;0;1;0;0;0;0;1;0;1;0;0;1;0;0;0;0;0;0;1;0;0;0;0;1;1;1;1;1;0;1;1;1;0;0;0;0;0;1;0;0;0;1;1;0;0;0;0;0;0;0;0;1;1;1;0;0;0;0;0;0;0;0;0;0;1;0;0;0;0;0;8;0;8;0;0;4;0;1;0;0;1;0;0;0;0;1;3;1;1;0;0;1;1;0;0;0;0;0;0;1;0;1;0;0;0;0;3;0;0;5;0;0;0;0;0;0;5;0;0;0;0;0;0;0;0;0;1;0;1;0;0;0;1;0;0;1;0;0;0;0;1;0;0;0;0;;;;;0;;;;;;;1;1;0;0;0;1;0;0;0;1;1;0;0;0;0;1;0;0;0;0;0;0;1;1;0;0;0;1;0;0;0;1;1;1;0;0;0;0;0;0;0;0;0;0;0;0;0;0;0;0;0;0;0;0
2025;Norte;1;Rondônia;RO;11;Alta Floresta D'Oeste;1100015;Ji-Paraná;1102;Cacoal;110005;Leste Rondoniense;2;Cacoal;6;Rolim de Moura do Guaporé;110001530;;;EMEIEF ANA NERY;11024372;3;;2;0;ROLIM DE MOURA DO GUAPORE;;ZONA RURAL;;76954000;69;984454516;-13.08366621;-62.27693003;1;00015;2025-02-06;2025-12-17;1;0;0;0;1;1;0;0;0;0;1;0;0;0;0;0;1;0;;;;;;;;;;;;;;;;1;3;;;1;1;0;0;0;0;;0;0;1;1;0;0;1;0;0;0;1;0;0;0;0;1;0;1;0;1;0;0;0;0;0;0;0;1;0;0;0;0;1;0;0;0;0;1;1;1;1;0;0;0;0;0;1;0;0;0;1;1;0;1;0;0;0;0;0;0;1;0;1;0;0;0;0;0;0;0;0;0;0;1;0;0;0;0;0;8;0;8;7;0;0;1;1;0;1;1;0;0;1;1;0;0;1;2;0;0;1;1;0;0;0;0;0;0;1;1;1;1;0;0;1;3;0;0;5;0;0;0;0;0;0;2;1;0;2;0;0;0;0;0;0;1;0;1;0;1;1;1;1;0;1;0;0;0;0;1;0;0;0;0;;;;;0;;;;;;;1;0;1;0;0;1;0;0;0;1;1;1;0;0;0;1;0;0;0;0;0;0;1;1;0;0;0;1;0;0;0;1;1;1;0;0;0;0;0;0;0;0;0;0;0;0;0;0;0;0;0;0;0;0
2025;Norte;1;Rondônia;RO;11;Porto Velho;1100205;Porto Velho;1101;Porto Velho;110001;Madeira-Guaporé;1;Porto Velho;1;Porto Velho;110020505;;;EMEIEF PEQUENOS TALENTOS;11000040;3;;1;0;CAETANO;3256;PREDIO;CALADINHO;76808108;69;;-8.79373016;-63.88391863;1;00009;2025-02-10;2025-12-22;1;0;0;0;0;;;;;;;;;;;;;;;;;;;;;;;;;;;;;1;3;;;1;1;0;0;0;0;;0;0;0;1;0;1;0;0;0;0;1;0;0;0;1;1;0;1;0;1;0;0;0;0;0;0;0;1;1;0;0;0;1;1;1;1;1;0;0;1;1;0;0;0;0;0;1;1;1;0;0;0;0;1;0;0;0;0;0;0;1;0;1;0;1;1;0;0;0;0;0;1;1;1;0;0;0;0;0;6;0;6;6;6;0;0;1;0;1;1;1;0;0;0;0;0;1;6;0;0;0;0;0;0;0;0;1;68;1;0;1;1;0;0;0;2;1;1;1;0;0;0;0;0;0;2;17;1;0;0;1;0;0;0;0;1;1;1;0;1;0;1;1;0;1;0;0;0;0;0;0;1;0;0;;;;;0;;;;;;;1;0;0;0;0;1;0;0;0;1;0;9;9;9;9;9;9;1;0;0;0;0;1;1;0;0;0;1;0;0;0;1;0;0;0;0;0;0;0;0;0;0;0;0;0;0;0;0;0;0;0;0;0;0
2025;Norte;1;Rondônia;RO;11;Porto Velho;1100205;Porto Velho;1101;Porto Velho;110001;Madeira-Guaporé;1;Porto Velho;1;Porto Velho;110020505;;;COLEGIO TIRADENTES DA POLICIA MILITAR - CTPM I;11000260;2;;1;0;DOS IMIGRANTES;4884;;INDUSTRIAL;76821291;69;993268418;-8.7382676;-63.8790881;1;00009;2025-02-10;2025-12-30;1;1;0;0;0;;;;;;;;;;;;;;;;;;;;;;;;;;;;;2;2;;;1;1;0;0;0;0;;0;0;0;1;0;1;0;0;0;0;1;0;0;0;1;0;0;0;0;1;0;0;0;0;0;0;0;1;1;1;1;1;1;1;1;1;1;1;1;1;1;0;0;1;0;0;1;1;0;0;1;1;1;1;0;0;0;0;0;0;1;0;1;0;1;1;1;0;0;1;0;0;0;1;0;0;0;0;0;44;0;44;44;0;0;0;1;0;1;1;1;0;0;0;0;0;1;3;1;13;1;17;0;0;0;0;1;132;1;1;1;1;0;1;1;3;1;7;10;3;0;0;0;0;0;7;3;1;0;0;1;1;0;0;0;1;1;1;0;1;1;1;0;0;1;0;0;0;0;0;0;1;0;0;;;;;1;0;0;0;1;1;0;1;1;0;0;1;1;0;0;0;1;0;9;9;9;9;9;9;1;0;1;1;0;1;1;0;0;0;1;0;0;0;1;1;1;1;0;0;0;0;0;0;0;0;0;0;0;0;0;0;0;0;0;0;0
2025;Norte;1;Rondônia;RO;11;Porto Velho;1100205;Porto Velho;1101;Porto Velho;110001;Madeira-Guaporé;1;Porto Velho;1;Porto Velho;110020505;;;EEEFM BELA VISTA;11000597;2;;1;0;GOVERNADOR VALADARES;3601;;CONCEICAO;76808298;69;992668012;-8.798406;-63.8923997;1;00009;2025-02-10;2025-12-30;1;0;0;0;0;;;;;;;;;;;;;;;;;;;;;;;;;;;;;1;2;;;1;1;0;0;0;0;;0;0;0;1;0;1;0;0;0;0;1;0;1;0;0;1;0;1;0;1;0;0;0;0;0;0;0;1;1;0;0;1;1;0;1;1;1;1;1;1;1;0;0;1;1;0;1;0;0;0;1;1;0;1;0;1;0;0;0;1;1;1;1;0;1;1;0;0;0;1;0;0;1;1;0;0;0;0;0;21;0;21;21;16;0;0;1;1;1;1;1;0;0;0;0;0;1;1;1;21;1;5;1;33;1;2;1;45;1;1;1;1;0;1;0;3;1;3;12;1;0;0;0;0;0;10;4;1;0;1;2;0;0;0;0;1;0;0;1;1;1;1;1;0;1;0;1;0;0;0;0;1;0;0;;;;;0;;;;;;;1;1;0;0;0;1;0;0;0;1;1;1;0;0;0;1;0;1;0;1;1;0;1;1;0;0;0;1;0;1;0;0;0;1;1;1;0;0;0;0;0;0;0;0;0;0;0;0;0;0;0;0;0;0
2025;Norte;1;Rondônia;RO;11;Porto Velho;1100205;Porto Velho;1101;Porto Velho;110001;Madeira-Guaporé;1;Porto Velho;1;Porto Velho;110020505;;;EEEFM CAP CLAUDIO MANOEL DA COSTA;11000708;2;;1;0;JOAO ELIAS DE SOUZA;301;;CIDADE DO LOBO;76810534;69;993856781;-8.806943;-63.8848503;1;00009;2025-02-10;2025-12-30;1;0;0;0;0;;;;;;;;;;;;;;;;;;;;;;;;;;;;;2;2;;;1;1;0;0;0;0;;0;0;0;1;0;1;0;0;0;0;1;0;1;0;0;1;0;1;0;1;0;0;0;0;0;0;0;1;0;0;0;1;1;0;1;1;0;1;1;1;1;0;0;1;1;0;1;0;0;0;1;1;0;1;0;1;0;0;0;0;1;1;1;0;1;1;0;0;0;0;0;0;0;1;0;0;0;0;0;20;0;20;20;0;0;0;1;1;1;1;1;0;0;0;1;1;1;5;0;0;1;3;1;25;0;0;1;50;1;1;1;1;0;0;1;3;1;6;18;3;0;3;0;0;0;9;6;1;0;2;2;0;0;0;0;1;1;1;1;1;1;1;0;0;1;0;0;0;0;0;0;1;0;0;;;;;0;;;;;;;1;1;1;0;0;1;1;0;0;1;1;0;0;0;1;0;0;1;0;1;1;0;1;1;0;0;0;1;1;0;0;0;0;1;1;0;0;0;0;0;0;0;0;0;0;0;1;1;0;0;0;0;0;0
2025;Norte;1;Rondônia;RO;11;Porto Velho;1100205;Porto Velho;1101;Porto Velho;110001;Madeira-Guaporé;1;Porto Velho;1;Porto Velho;110020505;;;EEEFM DR OSWALDO PIANNA;11000937;2;;1;0;RUA MONTES CLAROS;6614;;NACIONAL;76801894;69;992355685;-8.7275472;-63.9090556;1;00009;2025-02-10;2025-12-31;1;0;0;0;0;;;;;;;;;;;;;;;;;;;;;;;;;;;;;1;2;;;1;1;0;0;0;0;;0;0;0;1;0;1;0;0;0;0;1;0;0;0;1;0;0;0;0;1;0;0;0;0;0;0;0;1;0;0;0;1;1;0;1;1;1;1;1;1;1;0;0;1;1;0;1;0;0;0;1;1;0;1;0;0;0;0;0;0;1;1;1;0;1;1;0;0;0;1;0;0;0;1;0;0;0;0;0;8;0;8;7;1;0;0;1;0;1;1;1;0;1;2;1;2;1;2;1;1;1;1;1;6;0;0;0;0;1;1;1;1;0;1;0;1;1;3;7;3;0;0;0;0;0;4;3;1;4;0;2;0;0;0;0;1;0;0;0;0;0;1;0;0;1;0;0;0;0;0;0;1;0;0;;;;;0;;;;;;;1;1;0;0;0;1;0;0;0;1;0;9;9;9;9;9;9;1;0;0;0;0;1;1;0;0;0;1;1;0;0;0;0;1;0;0;0;0;0;0;0;0;0;0;0;0;0;1;0;0;0;0;0;0
2025;Norte;1;Rondônia;RO;11;Porto Velho;1100205;Porto Velho;1101;Porto Velho;110001;Madeira-Guaporé;1;Porto Velho;1;Porto Velho;110020505;;;ESCOLA MARCELO CANDIA SUBSEDE I;11048450;4;4;1;0;PETROLINA;10804;;MARIANA;76813690;69;993490550;-8.7803559;-63.8102449;1;00009;2025-02-04;2025-12-19;;;;;1;3;0;1;1;0;0;0;0;1;1;0;0;0;0;0;1;0;0;0;0;0;0;0;0;0;1;08876396000147;15449585000107;1;2;;;1;1;0;0;0;0;;0;0;0;1;0;1;0;0;0;0;1;0;0;0;0;1;0;1;0;1;0;0;0;0;0;0;0;1;1;1;0;1;1;0;1;1;1;1;1;1;1;0;0;1;1;0;1;1;0;1;1;1;1;1;0;0;1;0;0;0;1;1;1;0;1;1;1;0;0;0;0;0;1;1;0;0;0;0;0;20;0;20;20;0;0;0;1;1;1;1;1;0;1;2;1;2;1;10;0;0;1;6;1;25;1;4;0;0;1;1;1;1;0;1;1;3;1;2;15;0;0;3;0;0;0;5;5;1;0;1;1;0;0;0;0;1;0;0;1;1;0;1;1;0;1;0;0;0;0;0;0;0;0;0;;;;;0;;;;;;;1;1;1;0;0;1;0;0;0;1;0;9;9;9;9;9;9;1;0;1;1;0;1;1;0;0;0;1;0;0;0;0;1;1;1;0;0;0;0;0;0;0;0;0;0;0;0;0;0;0;0;0;0;0
2025;Norte;1;Rondônia;RO;11;Porto Velho;1100205;Porto Velho;1101;Porto Velho;110001;Madeira-Guaporé;1;Porto Velho;1;Porto Velho;110020505;;;IFRO - CAMPUS PORTO VELHO CALAMA;11109807;1;;1;0;AVENIDA CALAMA;4985;LOTE 994, QUADRA 169;FLODOALDO PONTES PINTO;76820441;69;21828901;-8.7450971;-63.8715495;1;;2025-03-24;2025-11-28;1;0;0;0;0;;;;;;;;;;;;;;;;;;;;;;;;;;;;;1;6;;4785;1;1;0;0;0;0;;0;0;0;1;0;1;0;0;0;0;1;1;1;0;0;1;0;1;0;1;0;0;0;0;0;0;0;1;1;1;0;1;1;0;1;1;1;1;1;1;1;0;0;1;1;1;1;0;0;0;1;1;0;1;0;0;0;0;0;0;1;0;1;1;1;1;0;0;0;1;1;1;1;1;0;1;0;0;0;20;0;20;20;20;0;0;1;1;1;1;1;0;1;10;1;7;1;20;0;0;1;20;1;50;1;10;0;0;1;1;1;1;1;1;1;3;1;5;22;6;2;0;0;0;1;0;13;1;6;12;2;1;0;0;0;1;1;0;1;1;1;1;1;1;1;0;0;0;0;0;0;0;0;0;;;;;1;1;1;1;1;1;0;1;1;1;0;0;1;1;0;0;1;1;1;0;0;1;1;0;0;0;1;0;1;1;1;0;0;0;1;0;1;0;0;0;0;0;1;0;0;0;0;0;0;0;0;0;0;0;0;0;0;0;0;1;0
2025;Norte;1;Rondônia;RO;11;Porto Velho;1100205;Porto Velho;1101;Porto Velho;110001;Madeira-Guaporé;1;Porto Velho;1;Extrema;110020517;;;EMEIEF 13 DE MAIO;11000368;3;;2;0;RUA CAMPO GRANDE;582;;;76847000;69;32521161;-9.777907091;-66.35614607;1;00004;2025-02-10;2025-12-23;1;0;0;0;0;;;;;;;;;;;;;;;;;;;;;;;;;;;;;1;3;;;1;1;0;0;0;0;;0;0;0;1;1;0;0;0;0;0;1;0;0;0;0;1;0;1;0;1;0;0;0;0;0;0;0;1;0;0;1;1;1;1;1;1;1;1;1;1;1;0;0;0;1;0;1;1;1;0;1;1;0;1;0;0;0;0;0;0;1;0;1;0;1;1;0;0;0;0;0;0;0;1;0;0;0;0;0;12;0;12;12;12;1;0;1;0;1;1;0;0;0;0;1;1;1;3;0;0;0;0;1;20;0;0;0;0;1;1;1;1;0;1;0;1;1;2;12;2;0;0;0;0;0;7;24;1;0;0;2;0;0;0;0;1;0;1;0;0;0;1;0;0;1;0;0;0;0;0;0;0;0;0;;;;;0;;;;;;;1;1;1;0;0;1;0;0;0;1;0;9;9;9;9;9;9;1;0;0;0;0;1;1;0;0;0;1;0;0;0;1;1;0;0;0;0;0;0;0;0;0;0;0;0;0;0;0;0;0;0;0;0;0
2025;Norte;1;Acre;AC;12;Rio Branco;1200401;Rio Branco;1201;Rio Branco;120001;Vale do Acre;2;Rio Branco;4;Rio Branco;120040105;;;COLEGIO ADVENTISTA DE RIO BRANCO;12010928;4;3;1;0;MANAUS;70;ESTACAO EXPERIMENTAL;LOTEAMENTO ISAURA PARENTE;69919018;68;32262625;-9.9612512;-67.839808;1;00002;2025-01-22;2025-12-12;;;;;0;;;;;;;;;;;;;;;;;;;;1;0;0;0;0;0;1;17340112002219;17340112002561;1;2;;;1;1;0;0;0;0;;0;0;0;1;0;1;0;0;0;1;1;0;0;0;1;0;0;0;0;1;0;0;0;0;1;0;0;0;1;0;0;1;1;1;1;1;1;1;1;1;1;0;0;1;0;0;1;0;1;1;1;1;0;1;0;1;0;1;0;0;1;1;1;0;1;1;0;0;0;1;0;0;1;1;0;1;0;0;0;30;0;30;30;30;2;1;1;1;1;1;1;0;1;3;1;10;1;5;1;3;1;1;1;5;1;4;1;4;1;1;1;1;0;1;0;1;1;4;10;1;0;1;0;0;0;0;4;1;0;12;1;0;0;0;0;0;1;1;0;1;0;1;0;0;1;0;0;0;0;0;0;0;0;0;;;;;0;;;;;;;1;1;1;0;0;0;0;0;1;1;0;9;9;9;9;9;9;0;0;1;1;1;1;1;0;0;0;1;0;1;1;1;1;1;1;1;1;0;0;0;0;0;0;0;0;0;0;0;0;0;0;0;0;0
2025;Norte;1;Acre;AC;12;Rio Branco;1200401;Rio Branco;1201;Rio Branco;120001;Vale do Acre;2;Rio Branco;4;Rio Branco;120040105;;;ESC COLEGIO DE APLICACAO UFAC;12011410;1;;1;0;DIAS MARTINS;894;AO LADO DO DETRAN-AC;JARDIM PRIMAVERA;69919600;68;992576488;-9.9712787;-67.8106281;1;;2025-04-07;2026-02-12;1;0;0;0;0;;;;;;;;;;;;;;;;;;;;;;;;;;;;;1;1;;;1;3;0;0;0;0;;0;0;0;1;1;0;0;0;0;0;1;0;0;0;1;0;0;0;0;1;0;0;0;0;0;0;0;1;1;0;0;1;1;1;1;1;0;1;1;1;0;0;0;1;0;0;0;0;0;0;0;0;0;1;1;0;0;0;0;0;1;0;1;0;1;1;0;0;0;1;0;1;1;1;0;0;0;0;0;18;0;18;18;0;0;0;1;0;1;1;1;0;0;0;0;0;1;1;0;0;1;7;0;0;0;0;0;0;1;0;1;1;0;0;0;0;1;2;5;3;0;0;0;0;0;5;2;1;6;5;2;1;0;0;0;1;0;0;0;1;1;0;0;0;1;0;0;0;0;0;0;0;0;0;;;;;0;;;;;;;1;0;0;0;0;1;1;0;0;0;0;9;9;9;9;9;9;1;0;0;0;0;1;1;0;0;0;1;0;1;0;1;1;1;1;1;0;0;0;0;0;0;0;0;0;0;0;0;0;0;0;0;0;0
2025;Norte;1;Acre;AC;12;Rio Branco;1200401;Rio Branco;1201;Rio Branco;120001;Vale do Acre;2;Rio Branco;4;Rio Branco;120040105;;;ESC ISMAEL GOMES DE CARVALHO;12011681;3;;1;0;VITORIA;54;;TANCREDO NEVES;69921773;68;992403834;-9.933255;-67.83209;1;00002;2025-03-17;2026-02-16;1;0;0;0;0;;;;;;;;;;;;;;;;;;;;;;;;;;;;;1;3;;;1;1;0;0;0;0;;0;0;0;1;1;0;0;0;0;1;1;0;0;0;0;0;1;1;0;1;0;0;0;0;0;0;0;1;1;0;0;0;1;1;1;1;1;0;1;1;1;0;0;0;0;0;1;0;0;0;0;0;0;1;0;0;0;1;0;0;1;1;1;0;1;1;0;0;0;0;0;0;0;1;0;0;0;0;0;11;0;11;11;0;0;0;1;0;1;1;1;0;0;0;1;3;1;2;0;0;1;11;0;0;1;1;0;0;1;0;1;1;0;0;0;1;1;4;6;3;0;0;0;0;0;6;2;0;0;0;0;0;1;0;0;1;1;1;0;1;0;1;1;0;1;0;1;0;0;0;0;0;0;0;;;;;0;;;;;;;1;0;0;0;0;1;0;0;0;1;0;9;9;9;9;9;9;1;0;0;0;0;1;1;0;0;0;1;0;0;0;0;1;0;0;0;0;0;0;0;0;0;0;0;0;0;0;0;0;0;0;0;0;0
2025;Norte;1;Acre;AC;12;Rio Branco;1200401;Rio Branco;1201;Rio Branco;120001;Vale do Acre;2;Rio Branco;4;Rio Branco;120040105;;;ESC MAJOR JOAO CANCIO;12012823;2;;2;0;RURAL;KM 80;AC 90;ÁREA RURAL DE RIO BRANCO;69923899;68;999613649;;;1;00002;2025-02-24;2025-12-23;1;0;0;0;0;;;;;;;;;;;;;;;;;;;;;;;;;;;;;2;2;;;1;3;0;0;0;0;;0;0;0;1;0;0;1;0;0;0;1;0;0;0;0;0;1;1;0;0;0;1;0;0;0;0;0;1;0;0;1;0;1;1;1;1;1;0;0;1;1;0;1;0;1;0;0;0;0;0;0;0;0;1;0;0;0;0;0;0;1;0;1;0;1;1;0;0;0;1;0;1;1;1;0;0;0;0;0;13;0;13;12;1;3;0;1;1;1;1;0;0;1;2;0;0;1;3;0;0;1;4;1;20;1;20;0;0;1;1;1;1;0;1;0;3;1;0;4;1;0;1;0;0;0;2;2;1;3;11;1;0;0;0;0;1;1;0;1;0;0;1;0;0;1;0;0;0;0;0;0;1;0;0;;;;;0;;;;;;;0;1;1;0;0;1;0;0;0;1;0;9;9;9;9;9;9;1;0;0;0;0;1;1;0;0;0;1;0;0;0;0;1;1;1;0;0;0;0;0;0;0;0;0;0;0;0;0;0;0;0;0;0;0
2025;Norte;1;Acre;AC;12;Rio Branco;1200401;Rio Branco;1201;Rio Branco;120001;Vale do Acre;2;Rio Branco;4;Rio Branco;120040105;;;ESC PADRE CARLOS CASAVECCHIA;12013242;2;;1;0;WILSON RIBEIRO;60;Q-20;XAVIER MAIA;69903050;68;984158841;-9.932784;-67.820324;1;00002;2025-02-10;2025-12-21;1;0;0;0;0;;;;;;;;;;;;;;;;;;;;;;;;;;;;;2;2;;;1;1;0;0;0;0;;0;0;0;1;1;0;0;0;0;1;1;0;0;0;1;0;0;0;0;1;0;0;0;0;0;0;0;1;1;1;0;0;1;0;1;1;1;0;1;1;1;0;0;0;0;0;1;0;0;0;1;1;0;1;0;0;0;0;0;0;1;1;1;0;1;1;0;0;0;0;0;0;1;1;0;0;0;0;0;12;0;12;12;12;0;0;1;1;1;1;1;0;0;0;1;4;0;0;0;0;1;6;1;1;0;0;0;0;1;0;1;1;0;0;0;3;1;15;12;3;0;0;0;0;0;6;6;1;4;0;1;0;0;0;0;1;1;0;0;1;1;1;1;0;1;0;1;0;0;0;0;0;0;0;;;;;0;;;;;;;1;1;1;0;0;1;0;1;0;1;1;0;0;0;1;0;0;1;0;1;1;1;1;1;0;0;0;1;1;1;0;0;0;1;1;1;1;0;0;0;0;0;0;0;0;0;1;1;1;0;0;0;0;0
2025;Norte;1;Acre;AC;12;Rio Branco;1200401;Rio Branco;1201;Rio Branco;120001;Vale do Acre;2;Rio Branco;4;Rio Branco;120040105;;;ESC SAO PEDRO I;12013595;2;;2;0;DA ESCOLA;S/N;SERINGAL BENFICA;VILA ACRE;69909800;68;992146959;;;1;00002;2025-03-10;2025-12-23;1;0;0;0;0;;;;;;;;;;;;;;;;;;;;;;;;;;;;;1;2;;;1;1;0;0;0;0;;0;0;0;1;0;1;0;0;0;1;1;0;0;0;0;1;0;1;0;1;0;0;0;0;0;0;0;1;1;1;0;0;1;0;1;1;1;0;1;1;1;0;0;1;1;0;1;0;0;0;0;0;0;1;0;0;0;0;0;0;1;1;1;0;1;1;0;0;0;0;0;1;1;1;0;0;1;0;0;10;0;10;10;10;0;0;1;1;1;1;1;0;0;0;0;0;1;1;0;0;1;3;1;7;0;0;0;0;1;0;1;0;0;0;0;1;1;0;0;0;0;0;0;0;0;3;0;1;2;0;0;0;0;0;0;1;1;1;1;1;0;1;0;0;1;0;0;1;0;0;0;0;0;0;;;;;0;;;;;;;0;0;0;0;0;1;0;0;0;0;0;9;9;9;9;9;9;1;0;1;1;1;1;1;0;0;0;1;1;1;0;0;1;1;1;1;1;0;0;0;0;0;0;0;0;0;1;1;0;0;0;0;0;0
2025;Norte;1;Acre;AC;12;Rio Branco;1200401;Rio Branco;1201;Rio Branco;120001;Vale do Acre;2;Rio Branco;4;Rio Branco;120040105;;;ESC SANTO ANTONIO II;12014001;2;;2;0;BR-364;S/N;RAMAL BELO JARDIM I;BELO JARDIM I;69907868;68;999785183;-9.9672244;-67.7307638;1;00002;2025-02-10;2025-12-23;1;0;0;0;0;;;;;;;;;;;;;;;;;;;;;;;;;;;;;2;2;;;1;1;0;0;0;0;;0;0;0;0;1;0;0;0;0;1;1;0;0;0;0;1;0;1;0;1;0;0;0;0;0;0;0;1;0;0;0;0;1;0;1;1;1;0;0;1;1;0;0;0;0;0;0;1;0;0;1;0;1;1;0;0;0;0;0;0;1;0;1;0;1;1;0;0;0;0;0;0;0;1;0;0;0;0;0;8;0;8;8;0;0;0;0;0;1;0;0;0;1;1;1;1;1;3;0;0;1;4;0;0;0;0;0;0;1;0;1;0;0;0;0;0;0;3;3;0;0;0;0;0;0;0;2;0;0;0;0;0;0;0;0;1;0;0;0;0;0;1;0;0;1;0;0;0;0;0;0;1;0;0;;;;;0;;;;;;;1;1;1;0;0;1;0;0;0;1;1;0;0;0;1;0;0;1;0;1;0;1;1;1;0;0;0;1;1;1;0;0;1;1;1;1;1;0;0;0;0;0;0;0;0;0;1;1;0;0;0;0;0;0
2025;Norte;1;Acre;AC;12;Rio Branco;1200401;Rio Branco;1201;Rio Branco;120001;Vale do Acre;2;Rio Branco;4;Rio Branco;120040105;;;ESC INSTITUTO SAO JOSE;12014389;2;;1;0;FLORIANO PEIXOTO;722;PROXIMO A CATEDRAL;CENTRO;69900090;68;32235518;-9.9745187;-67.8114023;1;00002;2025-02-12;2025-12-31;1;0;0;0;0;;;;;;;;;;;;;;;;;;;;;;;;;;;;;1;2;;;1;1;0;0;0;0;;0;0;0;1;1;0;0;0;0;0;1;0;0;0;1;0;0;0;0;1;0;0;0;0;0;0;0;1;1;1;0;1;1;1;1;1;0;0;1;1;1;0;0;1;1;0;1;1;0;0;1;1;1;1;0;0;0;0;0;0;1;1;1;0;1;1;0;0;0;1;1;0;0;1;0;0;0;0;0;20;0;20;20;20;0;0;1;1;1;1;1;0;0;0;1;2;1;2;0;0;0;0;0;0;1;3;0;0;1;1;1;1;0;1;0;1;1;7;19;1;0;0;0;0;1;8;3;1;0;0;3;1;0;0;0;1;0;0;0;1;0;0;0;0;1;0;0;0;0;0;0;0;0;0;;;;;0;;;;;;;1;0;0;0;0;0;0;0;1;1;0;9;9;9;9;9;9;1;0;0;0;0;1;1;0;0;0;1;0;0;0;0;1;1;0;0;0;0;0;0;0;0;0;0;0;0;0;0;0;0;0;0;0;0
2025;Norte;1;Amazonas;AM;13;Manaus;1302603;Manaus;1301;Manaus;130001;Centro Amazonense;3;Manaus;7;Manaus;130260305;;;INSTITUICOES EDUCACIONAIS NELLY FALCO DE SOUZA - LTDA;13025082;4;1;1;0;SALVADOR;455;;ADRIANÓPOLIS;69057040;92;33030704;-3.1092481;-60.0131873;1;00004;2025-01-27;2025-12-01;;;;;0;;;;;;;;;;;;;;;;;;;;1;0;0;0;0;0;0;20801621000181;20801621000181;1;2;;;1;2;0;0;0;0;;0;0;0;1;1;1;0;0;0;0;1;1;0;0;1;0;0;0;0;1;0;0;0;0;1;0;1;0;1;1;0;1;1;1;1;1;1;1;1;1;1;1;0;1;1;0;1;1;1;1;1;1;0;1;1;1;1;1;0;0;1;1;1;0;1;0;0;0;0;1;1;0;1;1;1;0;1;0;0;18;0;18;18;18;6;0;1;1;1;1;1;0;1;1;1;18;1;4;0;0;1;18;1;30;1;100;1;5;1;1;1;1;0;1;0;3;1;0;16;1;1;2;0;0;2;0;2;1;0;1;2;1;0;1;0;0;1;1;1;1;1;1;1;0;1;0;0;0;0;0;0;0;0;0;;;;;1;0;0;0;0;0;1;1;0;1;0;1;0;0;0;0;1;1;0;0;0;1;1;0;0;0;1;1;0;1;1;0;0;0;1;0;0;0;0;1;1;1;0;0;0;0;0;0;0;0;0;0;0;0;0;0;0;0;0;0;0
2025;Norte;1;Amazonas;AM;13;Manaus;1302603;Manaus;1301;Manaus;130001;Centro Amazonense;3;Manaus;7;Manaus;130260305;;;COLEGIO MILITAR DE MANAUS;13026488;1;;1;0;JOSE CLEMENTE;157;;CENTRO;69010070;92;;-3.1306148;-60.0264454;1;;2025-02-03;2025-11-28;1;0;0;0;0;;;;;;;;;;;;;;;;;;;;;;;;;;;;;1;1;;;1;1;0;0;0;0;;0;0;0;1;1;1;0;0;0;0;1;1;0;0;1;0;0;0;0;1;0;0;0;0;1;0;0;0;1;1;0;1;1;0;1;1;1;1;1;1;1;0;0;1;1;1;1;1;0;1;1;1;1;1;0;1;1;1;0;0;1;1;1;0;1;1;0;0;0;1;1;0;1;1;1;1;1;0;0;33;0;33;33;33;0;0;1;1;1;1;1;0;0;0;1;33;0;0;1;1;1;20;1;10;0;0;0;0;1;1;1;1;0;1;1;3;1;6;10;1;20;4;0;1;3;20;3;1;9;20;1;1;0;15;0;1;1;1;1;1;1;1;1;0;1;0;1;0;0;0;0;1;0;0;;;;;1;1;0;0;1;0;0;1;1;1;0;1;1;0;0;0;1;1;0;0;0;0;1;0;0;0;0;0;0;1;1;0;0;0;1;0;0;0;0;0;1;1;0;0;0;0;0;0;0;0;0;0;0;0;0;0;0;0;0;0;0
2025;Norte;1;Amazonas;AM;13;Manaus;1302603;Manaus;1301;Manaus;130001;Centro Amazonense;3;Manaus;7;Manaus;130260305;;;COLEGIO MILITAR DA POLICIA MILITAR DO AMAZONAS;13026577;2;;1;0;MARQUES DA SILVEIRA;S/N;;PETROPOLIS;69063393;92;32149528;-3.1190834;-60.0000964;1;00001;2025-02-03;2025-12-01;1;1;0;0;0;;;;;;;;;;;;;;;;;;;;;;;;;;;;;1;2;;;1;2;0;0;0;0;;0;0;0;1;0;1;0;0;0;0;1;0;0;0;0;1;0;1;0;1;0;0;0;0;0;0;0;1;0;0;0;1;1;1;1;1;1;1;1;1;1;0;0;1;1;0;1;0;0;0;1;1;0;1;0;0;0;0;0;0;1;0;1;0;1;1;0;0;0;1;0;0;0;1;0;0;0;0;0;32;0;32;32;0;0;0;1;1;1;1;0;0;1;1;1;3;1;4;0;0;1;19;1;2;0;0;0;0;1;1;1;0;0;0;1;3;1;6;7;1;1;0;0;0;1;8;13;1;1;0;1;1;0;0;0;1;0;0;1;1;1;1;0;0;1;0;0;0;0;0;0;1;0;0;;;;;0;;;;;;;1;1;0;0;0;1;0;0;0;1;0;9;9;9;9;9;9;0;0;1;1;0;1;1;0;0;0;1;0;0;0;0;1;1;1;0;0;0;0;0;0;0;0;0;0;0;0;0;0;0;0;0;0;0
2025;Norte;1;Amazonas;AM;13;Manaus;1302603;Manaus;1301;Manaus;130001;Centro Amazonense;3;Manaus;7;Manaus;130260305;;;EM DESEMBARGADOR CANDIDO HONORIO FERREIRA;13026828;3;;1;0;PROFESSOR ABILIO ALENCAR;371;;ALVORADA;69042010;92;988427977;-3.078756667;-60.05107;1;00005;2025-02-05;2025-12-18;1;0;0;0;0;;;;;;;;;;;;;;;;;;;;;;;;;;;;;1;3;;;1;1;0;0;0;0;;0;1;0;1;1;1;0;0;0;0;1;0;0;0;1;0;0;0;0;1;0;0;0;0;0;0;0;1;1;1;0;1;1;0;1;1;1;1;1;1;1;0;0;0;1;0;0;1;0;0;1;1;0;1;0;0;0;0;0;0;1;0;1;0;1;1;0;0;0;1;0;1;0;0;0;0;0;0;0;16;0;16;16;0;7;0;1;0;1;1;0;0;0;0;1;2;1;6;0;0;1;9;1;8;1;11;1;25;1;1;1;1;1;1;0;3;1;4;8;1;0;0;0;0;0;4;2;1;0;2;0;0;0;0;0;1;1;0;1;0;0;1;1;0;1;0;0;0;0;0;0;1;0;0;;;;;0;;;;;;;1;1;0;0;0;1;1;0;0;1;1;1;1;1;0;0;0;1;1;0;0;0;1;1;0;0;0;1;1;0;0;0;1;0;0;0;0;0;0;0;0;0;0;0;0;0;1;0;0;0;0;0;0;0
2025;Norte;1;Amazonas;AM;13;Manaus;1302603;Manaus;1301;Manaus;130001;Centro Amazonense;3;Manaus;7;Manaus;130260305;;;ESCOLA ESTADUAL 1º DE MAIO;13027042;2;;1;0;RUA DUQUE DE CAXIAS;1856;;PRACA 14 DE JANEIRO;69020141;;;-3.11894185;-60.01148944;1;00001;2025-02-07;2025-12-15;1;0;0;0;0;;;;;;;;;;;;;;;;;;;;;;;;;;;;;1;2;;;1;1;0;0;0;0;;0;1;0;1;0;1;0;0;0;0;1;0;0;0;0;1;0;1;0;1;0;0;0;0;0;0;0;1;0;0;0;0;1;0;0;1;0;1;1;1;0;0;0;1;1;0;0;0;0;0;0;0;0;1;0;0;0;0;0;0;1;0;1;0;1;1;0;0;0;0;0;0;0;0;0;0;0;1;0;10;0;10;10;0;0;1;1;0;1;1;0;0;0;0;1;2;1;2;0;0;1;2;1;13;1;1;0;0;1;1;1;1;0;1;0;3;1;0;2;3;2;0;0;0;0;0;2;0;1;1;0;1;0;0;0;1;0;0;0;0;0;1;0;0;0;0;0;0;0;0;0;0;0;0;;;;;0;;;;;;;0;0;1;0;0;1;0;0;0;1;0;9;9;9;9;9;9;0;0;0;0;0;1;1;0;0;0;1;0;0;0;0;0;1;0;0;0;0;0;0;0;0;0;0;0;0;0;0;0;0;0;0;0;0
2025;Norte;1;Amazonas;AM;13;Manaus;1302603;Manaus;1301;Manaus;130001;Centro Amazonense;3;Manaus;7;Manaus;130260305;;;ESCOLA ESTADUAL ANTONIO DA ENCARNACAO FILHO;13027158;2;;1;0;AV DESEMB JOAO MACHADO;211;;LIRIO DO VALE;69037000;92;993554977;-3.0754695;-60.0645253;1;00002;2025-02-06;2025-12-15;1;0;0;0;0;;;;;;;;;;;;;;;;;;;;;;;;;;;;;1;2;;;1;1;0;0;0;0;;0;1;0;1;0;1;0;0;0;0;1;0;0;0;0;1;0;1;0;1;0;0;0;0;0;0;0;1;1;1;1;1;1;0;1;1;1;1;1;1;1;0;0;1;1;0;0;1;0;0;1;1;0;1;0;0;0;0;0;0;1;0;1;0;1;1;0;0;0;1;0;0;1;1;0;0;0;0;0;11;0;11;11;0;0;0;1;1;0;1;0;0;0;0;1;5;1;2;0;0;1;2;1;5;1;18;1;13;1;0;1;0;0;0;0;3;1;0;6;6;5;0;0;0;0;0;9;0;1;2;0;1;0;0;0;1;1;0;0;1;1;1;0;0;1;0;0;0;0;0;0;0;0;0;;;;;0;;;;;;;1;1;0;0;0;0;1;0;0;1;1;0;0;0;1;0;0;1;0;1;1;0;1;1;0;0;0;1;1;0;0;0;0;0;1;0;0;0;0;0;0;0;0;0;0;0;0;1;0;0;0;0;0;0
2025;Norte;1;Amazonas;AM;13;Manaus;1302603;Manaus;1301;Manaus;130001;Centro Amazonense;3;Manaus;7;Manaus;130260305;;;ESCOLA ESTADUAL D MILTON CORREA PEREIRA;13027255;2;;1;0;AV. ROGERIO MAGALHAES;S/N;NUCLEO 11;CIDADE NOVA;69095000;;;-3.0355044;-59.9679929;1;00003;2025-02-06;2025-12-15;1;0;0;0;0;;;;;;;;;;;;;;;;;;;;;;;;;;;;;1;2;;;1;1;0;0;0;0;;0;1;0;1;0;1;0;0;0;0;1;0;0;0;1;0;0;0;0;1;0;0;0;0;0;0;0;1;0;0;0;0;1;0;1;1;0;1;1;1;0;0;0;1;0;0;0;0;0;0;1;0;1;1;0;0;0;0;0;0;1;0;1;0;1;0;0;0;0;0;0;0;0;1;0;0;0;0;0;22;0;22;22;0;0;0;1;1;1;1;1;0;0;0;0;0;1;3;0;0;1;9;0;0;1;35;1;30;1;1;1;1;0;1;1;3;1;6;10;10;9;0;0;0;0;0;2;1;0;0;1;0;0;0;0;1;1;0;0;0;0;0;0;0;0;0;0;0;0;0;0;0;0;0;;;;;0;;;;;;;0;1;0;0;0;1;1;0;0;1;0;9;9;9;9;9;9;0;0;1;1;0;1;1;0;0;0;1;1;0;0;0;0;1;1;0;0;0;0;0;0;0;0;0;0;0;1;1;0;0;0;0;0;0
2025;Norte;1;Amazonas;AM;13;Manaus;1302603;Manaus;1301;Manaus;130001;Centro Amazonense;3;Manaus;7;Manaus;130260305;;;ESCOLA ESTADUAL DR JOSE MILTON BANDEIRA;13027280;2;;1;0;DUARTINA;S/N;;CIDADE NOVA;69090747;92;32166422;-3.0299757;-59.9990673;1;00003;2025-02-07;2025-12-15;1;0;0;0;0;;;;;;;;;;;;;;;;;;;;;;;;;;;;;1;2;;;1;1;0;0;0;0;;0;1;0;1;0;1;0;0;0;0;1;0;0;0;0;1;0;1;0;1;0;0;0;0;0;0;0;1;0;0;0;0;1;0;1;0;0;1;1;1;1;0;0;1;0;0;1;0;0;0;1;1;0;1;0;0;0;0;0;0;1;0;1;0;1;0;0;0;0;0;0;0;1;0;0;0;1;0;0;12;0;12;12;0;0;0;1;0;1;0;0;0;0;0;0;0;1;4;0;0;1;4;1;7;1;1;0;0;1;1;1;1;0;0;1;3;1;2;3;0;0;0;0;0;0;0;1;1;0;0;1;0;0;0;0;1;0;0;1;0;0;0;0;0;0;0;0;0;0;0;0;0;0;0;;;;;0;;;;;;;1;1;0;0;0;1;1;0;0;1;1;1;0;0;1;1;0;0;0;1;1;0;1;1;0;0;0;1;0;0;0;0;0;0;1;0;0;0;0;0;0;0;0;0;0;0;0;0;0;0;0;0;0;0
2025;Norte;1;Pará;PA;15;Belém;1501402;Belém;1501;Belém;150001;Metropolitana de Belém;3;Belém;7;Belém;150140205;;;ESCOLA ESTADUAL RAINHA DA PAZ;15035557;2;;1;0;RUA FORTALEZA;109;AO LADO DA IGREJA SA;AGUAS LINDAS;66690730;91;912849930;-1.39482991;-48.39571645;1;01915;2025-01-27;2025-12-18;1;0;0;0;0;;;;;;;;;;;;;;;;;;;;;;;;;;;;;1;2;;;1;2;0;0;0;0;;0;0;0;1;0;1;0;0;0;0;1;0;0;0;0;0;1;1;0;1;0;0;0;0;0;0;0;1;0;0;0;0;1;0;0;1;0;0;1;1;1;0;0;0;0;0;1;1;0;0;1;1;0;0;0;0;0;0;0;0;1;1;1;0;1;1;1;0;0;0;0;0;0;0;0;0;0;1;0;7;0;7;7;1;0;0;1;1;1;1;0;0;1;1;1;1;1;3;0;0;1;4;0;0;1;1;0;0;1;1;1;0;0;1;1;3;1;1;4;0;0;0;0;0;0;1;2;1;0;0;2;0;0;0;0;1;0;0;0;0;0;0;0;0;0;0;0;0;0;0;0;0;1;0;;;;;0;;;;;;;0;1;0;0;0;1;0;0;0;0;0;9;9;9;9;9;9;1;1;1;1;0;1;1;0;0;0;1;0;0;0;0;0;1;1;0;0;0;0;0;0;0;0;0;0;0;0;0;0;0;0;0;0;0
2025;Norte;1;Pará;PA;15;Belém;1501402;Belém;1501;Belém;150001;Metropolitana de Belém;3;Belém;7;Belém;150140205;;;ESCOLA ESTADUAL CONEGO BATISTA CAMPOS;15037991;2;;1;0;RUA CONEGO BATISTA CAMPOS;SN;ENTRE AV BRASIL E RU;CABANAGEM;66625740;91;31310984;-1.361773023;-48.43608594;1;01913;2025-01-27;2025-12-18;1;0;0;0;0;;;;;;;;;;;;;;;;;;;;;;;;;;;;;1;2;;;1;2;0;0;0;0;;0;0;0;1;1;1;0;0;0;0;1;0;0;0;0;0;1;1;0;1;0;0;0;0;1;0;0;0;0;1;0;1;1;0;1;1;0;0;1;1;1;0;0;0;0;0;0;1;0;0;1;0;1;1;0;0;0;1;0;0;1;1;1;0;1;1;0;0;0;0;0;0;1;1;0;0;0;0;0;15;0;15;9;1;0;0;1;0;0;1;0;0;0;0;1;1;1;1;0;0;1;1;0;0;1;1;0;0;1;1;1;0;0;1;1;3;1;1;8;0;0;0;0;0;0;2;1;0;0;0;2;0;0;0;0;1;1;0;0;1;1;0;0;0;1;0;0;0;0;0;0;1;0;0;;;;;0;;;;;;;0;0;0;0;0;1;0;0;0;0;1;1;1;0;1;0;0;1;0;1;1;0;1;1;0;0;0;1;0;0;0;0;1;1;1;0;0;0;0;0;0;0;0;0;0;0;0;0;0;0;0;0;0;0
2025;Norte;1;Pará;PA;15;Belém;1501402;Belém;1501;Belém;150001;Metropolitana de Belém;3;Belém;7;Belém;150140205;;;ESCOLA ESTADUAL BARAO DE IGARAPE MIRI;15038769;2;;1;0;RUA BARAO DE MAMORE;767;;GUAMA;66075051;91;32496460;-1.4396455;-48.4710213;1;01905;2025-01-27;2025-12-18;1;0;0;0;0;;;;;;;;;;;;;;;;;;;;;;;;;;;;;1;2;;;1;1;0;0;0;0;;0;0;0;0;1;0;0;0;0;0;1;0;0;0;1;0;0;0;0;1;0;0;0;0;0;0;0;1;0;0;0;0;1;0;1;1;0;1;1;1;1;0;0;1;1;0;1;0;0;0;1;1;0;1;0;0;0;0;0;0;1;1;1;0;1;1;0;0;0;1;0;1;0;1;0;1;0;0;0;17;0;17;17;0;0;0;1;1;1;1;1;0;0;0;0;0;1;2;0;0;1;6;0;0;1;1;0;0;1;1;1;0;0;1;1;3;1;7;10;0;0;0;0;0;1;3;5;1;0;0;2;0;0;0;0;1;0;0;0;0;0;0;0;0;0;0;0;0;0;0;0;0;1;0;;;;;0;;;;;;;1;1;1;0;0;1;0;0;0;0;0;9;9;9;9;9;9;1;1;1;1;0;1;1;0;0;0;1;1;0;0;0;0;1;1;0;0;0;0;0;0;0;0;0;0;0;1;0;0;0;0;0;0;0
2025;Norte;1;Pará;PA;15;Belém;1501402;Belém;1501;Belém;150001;Metropolitana de Belém;3;Belém;7;Belém;150140205;;;COLEGIO TENENTE REGO BARROS;15039153;1;;1;0;JULIO CESAR;S/N;;SOUZA;66613010;91;31829537;-1.41788316;-48.45406287;1;;2025-01-13;2025-12-19;1;1;0;0;0;;;;;;;;;;;;;;;;;;;;;;;;;;;;;1;1;;;1;1;0;0;0;0;;0;0;0;1;1;1;0;0;0;0;1;0;0;0;1;1;0;1;0;1;0;0;0;0;1;0;0;0;1;1;1;1;1;1;1;1;0;1;1;1;0;0;0;1;1;0;0;1;1;0;1;1;1;1;0;0;0;1;1;0;1;1;1;0;1;0;0;0;0;0;0;0;0;1;0;0;0;0;0;49;0;49;49;0;1;0;1;1;1;1;0;0;1;3;1;6;1;20;0;0;1;18;1;6;1;3;0;0;1;1;1;1;0;1;0;1;1;4;24;4;2;3;0;2;3;12;10;1;3;4;1;1;0;1;0;1;1;0;0;1;0;1;1;0;1;0;0;0;0;0;0;0;0;0;;;;;1;0;0;0;0;0;1;1;1;0;1;0;0;0;0;0;1;1;0;0;0;0;1;0;0;0;0;0;0;1;1;0;0;0;1;0;0;0;0;1;1;1;0;0;0;0;0;0;0;0;0;0;0;0;0;0;0;0;0;0;0
2025;Norte;1;Pará;PA;15;Belém;1501402;Belém;1501;Belém;150001;Metropolitana de Belém;3;Belém;7;Belém;150140205;;;ESCOLA ESTADUAL PROFA HILDA VIEIRA;15039250;2;;1;0;AVENIDA PEDRO ALVARES CABRAL;1000;;SOUZA;66113150;91;32318288;-1.39722796;-48.45580585;1;01906;2025-01-27;2025-12-18;1;0;0;0;0;;;;;;;;;;;;;;;;;;;;;;;;;;;;;1;2;;;1;2;0;0;0;0;;0;0;0;1;1;0;0;0;0;0;1;0;0;0;1;0;0;0;0;1;0;0;0;0;0;0;0;1;0;0;0;0;1;0;1;1;0;1;1;1;1;0;0;0;0;0;0;0;0;0;0;0;0;0;0;0;0;0;0;0;1;1;1;0;1;1;0;0;0;1;1;1;1;0;0;0;0;0;0;10;0;10;10;1;0;0;1;0;0;1;0;0;0;0;0;0;0;0;0;0;1;1;0;0;1;1;0;0;1;1;1;0;0;1;1;3;1;3;12;0;0;4;0;0;0;4;1;1;0;0;1;0;0;0;0;1;0;0;0;0;0;0;0;0;0;0;0;0;0;0;0;0;1;0;;;;;0;;;;;;;1;0;0;0;0;1;0;0;0;0;0;9;9;9;9;9;9;1;0;0;0;0;1;1;0;0;0;1;1;0;0;0;0;1;0;0;0;0;0;0;0;0;0;0;0;0;1;1;0;0;0;0;0;0
2025;Norte;1;Pará;PA;15;Belém;1501402;Belém;1501;Belém;150001;Metropolitana de Belém;3;Belém;7;Belém;150140205;;;INSTITUTO ADVENTISTA GRAO PARA;15041670;4;4;1;0;BARAO DO TRIUNFO;3577;;MARCO;66095050;91;33445500;-1.43622256;-48.45644688;1;01907;2025-01-15;2025-12-12;;;;;0;;;;;;;;;;;;;;;;;;;;0;0;0;0;0;0;1;83367326000774;83367326000189;1;2;;;1;1;0;0;0;0;;0;0;0;1;1;1;0;0;0;0;1;0;0;0;1;0;0;0;0;1;0;0;0;0;0;0;0;1;1;0;0;1;1;1;1;1;1;1;1;1;0;0;0;1;0;0;1;0;1;0;1;1;0;1;0;0;0;1;0;0;1;1;1;0;1;0;0;0;0;1;1;0;1;1;0;0;1;0;0;37;0;37;32;32;1;0;1;0;1;1;0;0;1;15;1;2;1;19;0;0;0;0;1;6;1;81;1;9;1;1;1;1;0;1;1;3;1;7;21;1;1;1;0;0;0;0;4;1;0;0;2;0;0;0;0;0;1;1;1;0;0;1;0;0;1;0;0;0;0;0;0;0;0;0;;;;;1;0;0;0;0;0;1;1;0;0;0;0;1;0;1;0;0;0;9;9;9;9;9;9;0;0;1;1;0;1;1;0;0;0;1;0;0;1;1;1;1;1;0;0;0;0;0;0;0;0;0;0;0;0;0;0;0;0;0;0;0
2025;Norte;1;Pará;PA;15;Belém;1501402;Belém;1501;Belém;150001;Metropolitana de Belém;3;Belém;7;Guamá;150140255;;;ESCOLA DE APLICACAO DA UFPA;15038688;1;;1;0;PERIMETRAL;1000;;MARCO;66095780;91;985315585;-1.445866;-48.44780142;1;;2025-03-25;2026-02-12;1;0;0;0;0;;;;;;;;;;;;;;;;;;;;;;;;;;;;;1;1;;569;1;1;0;0;0;0;;0;0;0;1;1;0;0;0;0;0;1;0;0;0;0;1;0;1;0;1;0;0;1;0;0;0;0;1;1;1;0;1;1;1;1;1;1;1;1;1;1;0;0;1;1;0;1;1;1;0;1;1;1;1;1;1;1;1;0;0;1;1;1;0;1;1;1;0;0;1;1;1;1;1;0;1;0;0;0;55;0;55;55;0;2;0;1;1;1;1;1;0;0;0;1;5;1;10;1;1;1;20;1;28;0;0;1;1;1;1;1;1;1;0;1;3;1;3;15;1;3;0;0;2;2;5;34;1;12;0;1;1;0;0;0;1;1;1;1;1;1;1;1;0;1;0;1;0;1;1;0;1;0;0;;;;;0;;;;;;;1;1;0;0;0;1;1;0;0;0;1;0;0;0;0;1;0;1;0;1;1;0;1;1;0;0;0;1;1;0;0;1;1;1;1;0;0;0;0;0;0;0;0;0;0;0;0;1;0;0;0;0;0;0
2025;Norte;1;Pará;PA;15;Belém;1501402;Belém;1501;Belém;150001;Metropolitana de Belém;3;Belém;7;Outeiro;150140267;;;ESCOLA MUNICIPAL BOSQUE PROFESSOR EIDORFE MOREIRA;15140759;3;;1;0;NOSSA SENHORA DA CONCEICAO;SN;;SAO JOAO DO OUTEIRO OUTEIRO;66840450;91;30731855;-1.26270066;-48.4680349;1;00028;2025-01-27;2025-12-19;1;0;0;0;0;;;;;;;;;;;;;;;;;;;;;;;;;;;;;1;3;;;1;1;0;0;0;0;;0;0;0;1;0;1;0;0;0;0;1;0;0;0;1;0;0;0;0;1;0;0;0;0;0;1;0;0;1;1;0;1;1;1;1;1;1;1;1;1;1;0;0;1;0;0;1;1;0;0;1;1;1;1;0;0;0;0;0;0;1;1;1;0;1;1;0;0;0;0;0;0;1;0;0;0;0;0;0;28;7;35;9;4;0;1;1;0;1;0;0;0;1;1;1;7;1;1;0;0;1;13;1;62;0;0;0;0;1;0;1;1;0;0;0;3;1;4;0;0;0;0;0;0;0;0;0;0;0;0;0;0;0;0;0;1;1;1;0;0;1;1;1;0;1;0;1;0;1;0;0;0;0;0;;;;;0;;;;;;;0;0;0;0;0;1;0;0;0;0;1;1;0;1;0;1;0;1;1;0;0;0;1;1;0;0;0;1;1;0;0;1;1;1;0;0;0;0;0;0;0;0;0;0;0;0;1;0;0;0;0;0;0;0
2025;Nordeste;2;Maranhão;MA;21;Feira Nova do Maranhão;2104073;Imperatriz;2105;Balsas;210022;Sul Maranhense;5;Gerais de Balsas;20;Feira Nova do Maranhão;210407305;;;EM CRISTO REI;21182663;3;;2;0;POVOADO NOVO HORIZONTE;S/N;CASA;;65995000;99;985468083;-7.035521;-46.77516;1;00016;2025-02-21;2025-12-06;1;0;0;0;0;;;;;;;;;;;;;;;;;;;;;;;;;;;;;1;3;;;1;1;0;0;0;0;;0;0;0;1;0;1;0;0;0;0;1;0;0;0;0;1;0;1;0;1;0;0;1;0;0;0;0;1;0;0;0;0;1;0;0;0;0;0;0;1;1;0;0;0;0;0;1;0;0;0;0;0;0;0;0;0;0;0;0;0;0;0;0;0;1;0;0;0;0;0;0;0;0;0;0;0;0;1;0;6;0;6;1;0;0;1;0;0;1;1;0;0;0;0;1;1;1;1;0;0;1;2;1;1;1;1;0;0;1;1;1;0;0;0;1;2;0;2;4;0;0;0;0;0;0;2;1;0;3;0;0;0;0;0;0;1;0;0;0;1;0;1;0;0;1;0;0;0;0;0;0;0;0;0;;;;;0;;;;;;;1;1;1;0;1;0;0;0;0;0;0;9;9;9;9;9;9;0;0;0;0;0;1;1;0;0;0;1;1;0;1;1;1;1;0;0;0;0;0;0;0;0;0;0;0;0;1;0;0;0;0;0;0;0
2025;Nordeste;2;Maranhão;MA;21;Feira Nova do Maranhão;2104073;Imperatriz;2105;Balsas;210022;Sul Maranhense;5;Gerais de Balsas;20;Feira Nova do Maranhão;210407305;;;EM LEOPOLDINO LISBOA;21183066;3;;2;0;POV MATO VERDE;S/N;CASA;;65995000;99;984698339;-6.893616;-46.4933;1;00016;2025-02-17;2025-12-16;1;0;0;0;0;;;;;;;;;;;;;;;;;;;;;;;;;;;;;1;3;;;1;1;0;0;0;0;;0;0;0;1;0;1;1;0;0;0;1;0;0;0;0;1;0;1;0;0;1;0;0;0;0;0;0;1;0;1;0;0;1;0;1;1;1;0;1;1;1;0;0;0;0;0;1;1;0;0;0;0;0;1;0;0;0;0;0;0;1;1;1;0;1;1;1;0;0;0;0;0;1;1;0;0;0;0;0;10;0;10;0;9;0;1;1;0;1;1;0;0;0;0;0;0;1;2;0;0;1;2;0;0;0;0;0;0;1;0;1;1;0;0;0;2;1;0;5;0;0;0;0;1;0;3;1;1;3;0;1;0;0;0;0;1;1;1;0;0;0;1;1;0;1;0;0;0;0;0;0;1;0;0;;;;;0;;;;;;;1;1;1;0;1;0;0;0;0;0;1;0;0;0;0;1;0;0;1;0;0;0;1;1;0;0;0;1;0;0;0;1;1;1;0;0;0;0;0;0;0;0;0;0;0;0;0;0;0;0;0;0;0;0
2025;Nordeste;2;Maranhão;MA;21;Feira Nova do Maranhão;2104073;Imperatriz;2105;Balsas;210022;Sul Maranhense;5;Gerais de Balsas;20;Feira Nova do Maranhão;210407305;;;EM PEDRO ALVES DE OLIVEIRA;21183252;3;;1;0;PRACA SAO FRANCISCO;08;CASA;;65995000;99;981035517;-6.962813333;-46.687265;1;00016;2025-02-17;2025-12-06;1;0;0;0;0;;;;;;;;;;;;;;;;;;;;;;;;;;;;;1;3;;;1;1;0;0;0;0;;0;0;0;1;1;0;0;0;0;0;1;0;0;0;0;1;0;1;0;1;0;0;0;0;0;0;0;1;0;0;0;0;1;0;1;1;0;0;0;1;1;0;0;0;0;0;1;0;0;0;0;0;0;0;0;0;0;0;0;0;1;0;1;0;1;0;0;0;0;0;0;0;1;1;0;0;0;0;0;7;0;7;7;0;0;0;1;1;1;1;0;0;0;0;0;0;1;3;0;0;1;1;1;1;1;1;0;0;1;1;1;0;0;0;1;2;0;1;6;0;0;2;0;0;0;2;1;1;3;0;0;0;0;0;0;1;0;0;0;1;0;0;0;0;0;0;0;0;0;0;0;0;0;0;;;;;0;;;;;;;0;1;1;0;0;1;0;0;0;0;0;9;9;9;9;9;9;1;0;0;0;0;1;1;0;0;0;1;1;0;0;0;0;1;0;0;0;0;0;0;0;0;0;0;0;0;1;0;0;0;0;0;0;0
2025;Nordeste;2;Maranhão;MA;21;Feira Nova do Maranhão;2104073;Imperatriz;2105;Balsas;210022;Sul Maranhense;5;Gerais de Balsas;20;Feira Nova do Maranhão;210407305;;;EM SEN ALEXANDRE COSTA;21183759;3;;2;0;POV PLACAS;SN;CASA;;65995000;99;981095046;-7.063501667;-46.59576333;1;00016;2025-02-17;2025-12-06;1;0;0;0;0;;;;;;;;;;;;;;;;;;;;;;;;;;;;;1;3;;;1;1;0;0;0;0;;0;0;0;1;1;1;0;0;0;0;1;0;0;0;0;0;1;1;0;1;0;0;0;0;0;0;0;1;0;0;0;0;1;0;1;1;1;0;1;1;1;0;0;0;0;0;0;1;0;0;1;1;0;0;0;0;0;0;0;0;1;1;1;0;1;0;0;0;0;0;0;0;0;1;0;0;0;0;0;8;0;8;8;0;0;0;0;0;1;1;0;0;0;0;1;2;1;1;0;0;1;1;0;0;0;0;0;0;1;0;1;1;0;0;0;0;1;1;11;0;0;0;0;0;0;3;2;1;0;0;1;0;0;0;0;1;0;0;0;1;0;1;0;0;1;0;0;0;0;0;0;1;0;0;;;;;0;;;;;;;0;1;1;0;0;1;0;0;0;0;0;9;9;9;9;9;9;1;0;0;0;0;1;1;0;0;0;1;1;0;1;1;1;1;0;0;0;0;0;0;0;0;0;0;0;0;1;0;0;0;0;0;0;0
2025;Nordeste;2;Maranhão;MA;21;Feira Nova do Maranhão;2104073;Imperatriz;2105;Balsas;210022;Sul Maranhense;5;Gerais de Balsas;20;Feira Nova do Maranhão;210407305;;;CENTRO DE ENSINO ROSALINA SA;21252815;2;;1;0;RUA MARIANA AGUIAR S/Nº B. BAIRRO LUIZ VAQUEIRO;00;CASA;;65995000;99;984977407;-6.963067744;-46.67805601;1;00016;2025-02-03;2025-12-26;1;0;0;0;0;;;;;;;;;;;;;;;;;;;;;;;;;;;;;1;2;;;1;1;0;0;0;0;;0;0;0;1;1;0;0;0;0;0;1;0;0;0;0;0;1;1;0;1;0;0;0;0;0;0;0;1;1;0;0;0;1;0;1;1;1;1;1;1;1;0;0;0;1;0;1;0;0;0;1;1;0;0;0;0;0;0;0;0;1;0;1;0;1;0;0;0;0;0;0;0;1;1;0;0;0;0;0;6;0;6;6;0;0;0;1;0;1;1;0;0;0;0;1;1;1;6;0;0;1;3;1;10;0;0;0;0;1;0;1;0;0;0;0;0;1;0;5;0;0;0;0;0;0;1;0;0;0;0;1;0;0;0;0;1;0;0;0;0;0;0;0;0;0;0;0;0;0;0;0;0;1;0;;;;;0;;;;;;;0;0;1;0;0;0;1;1;0;1;0;9;9;9;9;9;9;0;0;1;1;1;1;1;0;0;0;1;0;1;0;0;0;0;1;0;1;0;0;0;0;0;0;0;0;0;0;0;0;0;0;0;0;0
2025;Nordeste;2;Maranhão;MA;21;Feira Nova do Maranhão;2104073;Imperatriz;2105;Balsas;210022;Sul Maranhense;5;Gerais de Balsas;20;Feira Nova do Maranhão;210407305;;;EM PAULO DIAS;21267715;3;;1;0;RUA AMAZONAS;174;CASA;;65995000;99;984556704;-6.960357;-46.6846;1;00016;2025-02-17;2025-12-06;1;0;0;0;0;;;;;;;;;;;;;;;;;;;;;;;;;;;;;1;3;;;1;1;0;0;0;0;;0;1;0;1;1;0;0;0;0;0;1;0;0;0;0;1;0;1;0;1;0;0;0;0;0;0;0;1;0;0;0;0;1;0;1;1;0;0;1;1;1;0;0;0;0;0;0;1;0;0;1;1;0;0;0;0;0;0;0;0;1;1;1;0;1;1;0;0;0;0;0;0;1;0;0;0;0;0;0;10;0;10;9;1;1;1;1;1;1;0;0;0;0;0;0;0;1;2;0;0;0;0;0;0;1;1;0;0;1;1;1;1;1;0;1;2;0;0;12;0;0;2;0;1;0;2;1;2;0;0;1;0;0;0;0;1;0;1;0;0;1;1;0;0;1;0;0;0;0;0;0;1;0;0;;;;;0;;;;;;;1;1;0;0;0;1;0;0;0;0;0;9;9;9;9;9;9;1;0;0;0;0;1;1;0;0;0;1;0;0;0;0;1;0;0;0;0;0;0;0;0;0;0;0;0;0;0;0;0;0;0;0;0;0
2025;Nordeste;2;Maranhão;MA;21;Feira Nova do Maranhão;2104073;Imperatriz;2105;Balsas;210022;Sul Maranhense;5;Gerais de Balsas;20;Feira Nova do Maranhão;210407305;;;CRECHE MUNICIPAL PROFESSORA SILMARA SANTOS RIBEIRO;21286884;3;;1;0;RUA ROSALINA SA;;ESCOLA;;65995000;99;984431715;-6.960296;-46.68072;1;00016;2025-02-17;2025-12-06;1;0;0;0;0;;;;;;;;;;;;;;;;;;;;;;;;;;;;;2;3;;;1;1;0;0;0;0;;0;0;0;1;1;0;0;0;0;0;1;0;0;0;1;0;0;0;0;1;0;0;0;0;0;0;0;1;1;0;0;0;1;1;1;1;1;0;0;1;1;0;0;0;0;0;1;1;0;0;0;0;0;0;0;0;0;0;0;0;0;0;1;0;1;0;0;0;0;1;0;0;0;0;0;0;1;0;0;9;0;9;9;0;0;0;1;0;0;1;0;0;0;0;1;2;1;1;0;0;1;1;0;0;1;1;0;0;1;0;1;1;0;0;0;1;0;1;5;0;0;2;0;1;0;3;2;0;3;0;0;0;0;0;0;1;0;1;0;0;0;1;0;0;0;0;0;0;0;0;0;0;0;0;;;;;0;;;;;;;1;1;1;0;0;0;0;0;1;1;0;9;9;9;9;9;9;1;0;0;0;0;1;1;0;0;0;1;0;0;1;1;0;0;0;0;0;0;0;0;0;0;0;0;0;0;0;0;0;0;0;0;0;0
2025;Nordeste;2;Maranhão;MA;21;Feira Nova do Maranhão;2104073;Imperatriz;2105;Balsas;210022;Sul Maranhense;5;Gerais de Balsas;20;Feira Nova do Maranhão;210407305;;;EM JOSE PEREIRA DE BRITO;21319200;3;;2;0;POVOADO IGUARA;00;CASA;;65995000;99;984222988;-7.112708;-46.6649;1;00016;2025-02-17;2025-12-06;1;0;0;0;0;;;;;;;;;;;;;;;;;;;;;;;;;;;;;1;3;;;1;1;0;0;0;0;;0;0;0;1;0;1;0;0;0;0;1;0;0;0;0;1;0;1;0;1;0;0;0;0;1;0;0;0;1;1;0;0;1;0;1;1;1;0;1;1;1;0;0;0;0;0;0;1;0;0;0;0;0;0;0;0;0;0;0;0;1;1;1;0;1;0;0;0;0;0;0;0;1;0;0;0;0;0;0;9;0;9;0;0;0;0;0;0;1;1;0;0;1;1;1;1;1;1;0;0;1;2;0;0;0;0;0;0;1;0;1;0;0;0;0;0;1;1;5;0;0;1;0;1;0;2;1;1;1;0;0;0;0;0;0;1;1;1;0;0;0;1;0;0;0;0;0;0;0;0;0;0;0;0;;;;;0;;;;;;;1;1;1;0;0;0;0;0;1;1;0;9;9;9;9;9;9;0;0;0;0;0;1;1;0;0;0;1;0;0;1;1;1;1;0;0;0;0;0;0;0;0;0;0;0;0;0;0;0;0;0;0;0;0
2025;Nordeste;2;Maranhão;MA;21;São Luís;2111300;São Luís;2101;São Luís;210001;Norte Maranhense;1;Aglomeração Urbana de São Luís;2;São Luís;211130005;;;CENTRO EDUCACIONAL MONTESSORIANO REINO INFANTIL;21009902;4;1;1;0;RUA DOS SAPOTIS;01;QUADRA 113;RENASCENA II;65075350;98;32357744;-2.505465876;-44.28899186;1;00001;2025-01-20;2025-11-28;;;;;0;;;;;;;;;;;;;;;;;;;;1;0;0;0;0;0;0;06350896000115;06350896000115;1;4;;;1;1;0;0;0;0;;0;0;0;1;1;0;0;0;0;0;1;0;0;0;1;1;0;1;0;1;0;0;0;0;1;0;0;0;1;0;0;1;1;1;1;1;1;1;1;1;0;0;0;0;1;0;1;1;1;1;1;1;0;1;1;0;1;1;0;0;1;1;1;0;1;0;0;0;0;1;0;0;1;1;0;1;1;0;0;54;0;54;25;54;0;0;1;1;1;1;1;0;1;8;1;3;1;8;0;0;1;20;1;44;0;0;0;0;1;0;1;1;0;0;0;3;1;14;34;1;0;2;0;0;0;0;28;1;0;3;9;0;0;0;0;0;1;1;1;1;0;1;0;0;1;0;0;0;0;0;0;0;0;0;;;;;1;0;0;0;0;0;1;1;0;0;0;0;0;0;0;1;1;0;9;9;9;9;9;9;0;0;1;1;1;1;1;0;0;0;1;0;1;1;1;1;1;1;0;1;0;0;0;0;0;0;0;0;0;0;0;0;0;0;0;0;0
2025;Nordeste;2;Maranhão;MA;21;São Luís;2111300;São Luís;2101;São Luís;210001;Norte Maranhense;1;Aglomeração Urbana de São Luís;2;São Luís;211130005;;;INSTITUTO ESTADUAL DE EDUCACAO CIENCIA E TECNOLOGIA DO MA- IEMA PLENO SAO LUIS-NEWTON BARJONAS LOBAO;21011125;2;;1;0;OITO;S/N;;COHATRAC III;65054583;98;991680116;-2.536503;-44.1997268;1;00001;2025-02-03;2025-12-23;1;0;0;0;0;;;;;;;;;;;;;;;;;;;;;;;;;;;;;1;2;;;1;1;0;0;0;0;;0;0;0;1;1;0;0;0;0;0;1;0;0;0;1;0;0;0;0;1;0;0;0;0;0;0;0;1;1;1;0;1;1;0;1;1;1;1;1;1;1;0;0;1;1;0;1;1;0;0;1;1;0;1;0;0;0;1;1;0;1;1;1;0;1;0;0;0;0;1;0;0;1;1;0;0;0;0;0;36;0;36;0;28;0;0;1;1;1;1;0;0;0;0;1;1;1;4;0;0;1;3;1;5;1;1;0;0;0;0;0;0;0;0;0;3;;17;0;0;0;0;0;0;2;6;9;1;2;0;1;0;0;0;0;1;1;0;1;1;0;1;0;0;1;0;0;0;0;0;0;0;0;0;;;;;0;;;;;;;1;1;0;0;0;1;0;1;0;1;0;9;9;9;9;9;9;0;0;1;1;1;1;1;0;0;0;1;0;1;0;0;0;0;1;1;0;0;0;0;0;0;0;0;0;0;0;0;0;0;0;0;0;0
2025;Nordeste;2;Maranhão;MA;21;São Luís;2111300;São Luís;2101;São Luís;210001;Norte Maranhense;1;Aglomeração Urbana de São Luís;2;São Luís;211130005;;;CENTRO DE ENSINO ESTADO DO RIO GRANDE DO NORTE;21016070;2;;1;0;P;S/N;CONJUNTO;RADIONAL;65047620;98;;-2.5455006;-44.2500593;1;00001;2025-02-02;2025-12-26;1;0;0;0;0;;;;;;;;;;;;;;;;;;;;;;;;;;;;;1;2;;;1;1;0;0;0;0;;0;0;0;1;1;0;0;0;0;0;1;0;0;0;1;0;0;0;0;1;0;0;0;0;0;0;0;1;0;0;0;1;1;0;1;1;1;1;1;1;1;0;0;1;1;0;1;0;0;0;1;1;0;0;0;0;0;0;0;0;1;0;1;0;1;0;0;0;0;0;0;0;0;1;0;0;0;0;0;14;0;14;14;0;0;0;1;0;1;1;0;0;0;0;1;2;1;4;1;1;1;10;1;8;1;11;0;0;1;1;1;1;0;1;1;2;1;4;5;0;0;0;0;0;0;3;8;1;4;0;1;0;0;0;0;1;1;0;0;1;1;1;0;0;1;0;0;0;0;0;0;0;0;0;;;;;0;;;;;;;1;0;0;0;0;1;1;0;0;0;0;9;9;9;9;9;9;0;0;1;1;1;1;1;0;0;0;1;0;1;0;0;0;1;0;0;1;0;0;0;0;0;0;0;0;0;0;0;0;0;0;0;0;0
2025;Nordeste;2;Maranhão;MA;21;São Luís;2111300;São Luís;2101;São Luís;210001;Norte Maranhense;1;Aglomeração Urbana de São Luís;2;São Luís;211130005;;;UEB ENS FUND EVANDRO BESSA - STA BARBARA;21016097;3;;2;0;AV.PRINCIPAL;300;COMPLEMENTO;CRUZEIRO DO ANIL;65060080;98;988168061;-2.603589781;-44.21184747;1;00001;2025-01-23;2025-12-23;1;0;0;0;0;;;;;;;;;;;;;;;;;;;;;;;;;;;;;2;3;;;1;1;0;0;0;0;;0;0;0;1;0;1;0;0;0;0;1;0;0;0;0;1;0;1;0;1;0;0;1;0;1;0;0;0;0;1;0;0;1;0;1;0;0;0;0;1;1;0;0;0;0;0;0;1;0;0;0;0;0;0;0;0;0;0;0;0;0;0;0;0;1;0;0;0;0;1;0;0;1;0;0;0;0;0;0;7;0;7;0;0;0;0;1;0;0;0;0;0;0;0;0;0;1;1;0;0;1;1;1;1;0;0;0;0;1;1;1;0;0;1;0;1;1;2;5;0;0;3;0;0;0;0;3;1;2;0;0;0;0;0;0;1;1;0;0;0;0;1;1;1;1;0;0;0;0;0;0;1;0;0;;;;;0;;;;;;;1;1;1;1;0;1;0;0;0;1;1;1;0;0;1;0;0;0;0;0;0;0;1;1;0;0;0;1;1;0;0;0;1;1;0;0;0;0;0;0;0;0;0;0;0;0;1;0;0;0;0;0;0;0
2025;Nordeste;2;Maranhão;MA;21;São Luís;2111300;São Luís;2101;São Luís;210001;Norte Maranhense;1;Aglomeração Urbana de São Luís;2;São Luís;211130005;;;CENTRO DE ENSINO PROFESSORA JANILDE SILVA DE AQUINO;21016631;2;;1;0;LUIS DE CARVALHO;S/Nº;;ALEMANHA;65036420;98;;-2.53518513;-44.26998014;1;00001;2025-02-03;2026-01-05;1;0;0;0;0;;;;;;;;;;;;;;;;;;;;;;;;;;;;;1;2;;;1;1;0;0;0;0;;0;0;0;1;1;0;0;0;0;0;1;0;0;0;1;0;0;0;0;1;0;0;0;0;1;0;0;0;0;1;1;0;1;0;1;1;1;1;1;1;1;0;0;1;1;0;1;1;0;0;1;1;0;1;0;0;0;0;0;0;1;0;1;0;1;0;0;0;0;1;0;1;1;1;0;0;0;0;0;6;0;6;6;0;0;0;0;0;1;0;1;0;0;0;1;2;1;3;0;0;1;3;1;14;1;7;0;0;1;1;1;1;0;0;1;3;1;4;0;0;0;0;0;0;0;0;2;1;0;0;1;0;0;0;0;1;0;0;0;0;0;1;0;0;1;0;0;0;0;0;0;0;0;0;;;;;0;;;;;;;1;1;1;0;0;1;0;0;0;1;1;0;0;0;0;1;0;0;0;1;1;1;1;1;0;0;0;1;0;1;0;0;0;1;0;0;1;0;0;0;0;0;0;0;0;0;0;0;0;0;0;0;0;0
2025;Nordeste;2;Maranhão;MA;21;São Luís;2111300;São Luís;2101;São Luís;210001;Norte Maranhense;1;Aglomeração Urbana de São Luís;2;São Luís;211130005;;;CENTRO EDUCA MAIS ESTADO DO AMAZONAS;21016640;2;;1;0;DOUTOR NEWTON BELLO;S/N;;FATIMA;65030500;98;983458797;-2.546798;-44.28366;1;00001;2025-02-10;2025-12-30;1;0;0;0;0;;;;;;;;;;;;;;;;;;;;;;;;;;;;;1;2;;;1;1;0;0;0;0;;0;0;0;1;1;0;0;0;0;0;1;0;0;0;1;0;0;0;0;1;0;0;0;0;1;0;0;0;1;0;0;0;1;0;1;1;1;1;1;1;1;0;0;0;1;0;1;1;0;0;1;0;1;1;0;0;0;0;0;0;1;1;1;0;1;1;0;0;0;0;0;0;0;1;0;0;0;0;0;5;0;5;5;0;0;0;1;0;1;0;0;0;0;0;1;2;1;5;0;0;1;3;1;15;0;0;0;0;1;1;1;1;0;1;1;3;1;1;11;1;0;0;0;0;0;3;2;1;0;0;1;0;0;0;0;1;0;0;0;0;0;1;0;0;0;0;1;0;0;0;0;1;0;0;;;;;0;;;;;;;1;1;1;1;0;1;1;1;0;1;0;9;9;9;9;9;9;0;0;0;0;0;1;1;0;0;0;1;0;1;0;0;0;0;1;0;0;0;0;0;0;0;0;0;0;0;0;0;0;0;0;0;1;0
2025;Nordeste;2;Maranhão;MA;21;São Luís;2111300;São Luís;2101;São Luís;210001;Norte Maranhense;1;Aglomeração Urbana de São Luís;2;São Luís;211130005;;;CENTRO DE ENSINO JACKSON LAGO;21016763;2;;1;0;SAO JOSE;S N;;JOÃO PAULO;65041440;98;981402796;-2.545969184;-44.26999826;1;00001;2025-02-03;2026-01-06;1;0;0;0;0;;;;;;;;;;;;;;;;;;;;;;;;;;;;;1;2;;;1;1;0;0;0;0;;0;0;0;1;1;0;0;0;0;0;1;0;0;0;1;0;0;0;0;1;0;0;0;0;0;0;0;1;1;0;0;0;1;0;1;1;1;1;1;1;1;0;0;0;0;0;1;0;0;0;0;0;0;0;0;0;0;1;0;0;1;1;1;0;1;1;0;0;0;1;0;0;1;1;0;0;0;0;0;8;0;8;8;8;0;0;1;1;1;1;0;0;0;0;1;3;1;2;0;0;1;5;1;3;1;8;1;2;1;0;1;1;0;0;0;2;1;2;8;2;0;3;0;0;1;3;3;1;0;0;2;0;4;0;0;1;1;0;0;1;1;1;0;0;1;0;0;0;0;0;0;0;0;0;;;;;0;;;;;;;1;1;0;0;0;1;1;0;0;1;1;1;0;1;1;1;0;1;0;1;1;1;1;1;0;0;0;1;1;1;0;0;0;1;1;0;1;0;0;0;0;0;0;0;0;0;0;1;1;0;0;0;0;0
2025;Nordeste;2;Maranhão;MA;21;São Luís;2111300;São Luís;2101;São Luís;210001;Norte Maranhense;1;Aglomeração Urbana de São Luís;2;São Luís;211130005;;;UFMA - COLEGIO UNIVERSITARIO;21017484;1;;1;0;DOS PORTUGUESES;1966;;VILA BACANGA;65080805;98;32728117;-2.55800513;-44.31119651;1;;2025-03-10;2026-01-09;1;0;0;0;0;;;;;;;;;;;;;;;;;;;;;;;;;;;;;1;6;;548;1;1;0;0;0;0;;0;0;0;1;0;1;0;0;0;0;1;0;0;0;1;0;0;0;0;1;0;0;0;0;1;0;0;0;1;1;0;1;1;0;1;1;1;1;1;1;1;0;0;1;1;0;1;0;0;0;1;1;0;1;0;1;0;1;0;0;1;0;1;0;1;1;0;0;0;0;0;0;1;0;0;0;0;0;0;16;0;16;16;16;0;0;1;1;1;1;0;0;0;0;1;2;0;0;1;1;1;88888;1;17;0;0;0;0;1;1;1;1;0;1;1;3;1;4;8;2;0;0;0;0;2;0;11;1;0;0;2;2;0;0;0;1;1;0;0;1;1;1;1;0;1;0;0;0;0;0;0;0;0;0;;;;;1;1;1;1;1;0;0;1;0;0;0;0;1;1;0;0;1;1;0;0;0;1;1;0;1;0;1;0;1;1;1;0;0;0;1;0;1;0;0;1;1;1;1;0;0;0;0;0;0;0;0;0;0;0;0;0;0;0;0;1;0
2025;Nordeste;2;Ceará;CE;23;Campos Sales;2302701;Juazeiro do Norte;2304;Juazeiro do Norte;230011;Sul Cearense;7;Chapada do Araripe;29;Campos Sales;230270105;;;MARIA DULCE DE ALENCAR I E P;23153180;4;1;1;0;RUA JULIO NOROES;531;;;63150000;88;996896768;-7.0745307;-40.3730416;1;00018;2025-01-27;2025-12-22;;;;;0;;;;;;;;;;;;;;;;;;;;1;0;0;0;0;0;0;07102205000127;07102205000127;1;2;;;1;1;0;0;0;0;;0;0;0;1;1;0;0;0;0;0;1;0;0;0;1;0;0;0;0;1;0;0;0;0;1;0;0;0;1;1;0;1;1;1;1;1;0;0;1;1;1;0;0;1;1;0;1;0;1;0;1;0;1;0;1;0;1;0;0;0;1;1;1;0;1;0;0;0;0;0;0;0;0;1;0;0;0;0;0;14;0;14;1;1;0;0;1;0;1;1;0;0;0;0;1;1;1;2;1;1;1;2;1;14;0;0;0;0;1;1;1;1;0;1;0;3;1;0;4;0;0;0;0;0;1;0;3;1;0;0;0;0;0;0;0;0;1;1;1;1;0;1;0;0;1;0;0;0;0;0;0;0;0;0;;;;;1;0;0;0;0;0;1;1;0;1;0;0;0;0;0;1;1;1;0;0;0;1;1;0;0;0;0;0;0;1;1;0;0;0;1;0;0;1;1;1;1;0;0;0;0;0;0;0;0;0;0;0;0;0;0;0;0;0;0;0;0
2025;Nordeste;2;Ceará;CE;23;Campos Sales;2302701;Juazeiro do Norte;2304;Juazeiro do Norte;230011;Sul Cearense;7;Chapada do Araripe;29;Campos Sales;230270105;;;PADRE AZARIAS SOBREIRA EEIF;23153237;3;;1;0;RUA JOSE PINTO DA SILVA;SN;;;63150000;88;996574388;-7.0783743;-40.3769174;1;00018;2025-02-17;2025-12-26;1;0;0;0;0;;;;;;;;;;;;;;;;;;;;;;;;;;;;;1;3;;;1;1;0;0;0;0;;0;0;0;1;1;0;1;0;0;0;1;0;0;0;1;0;0;0;0;1;0;0;0;0;0;0;0;1;1;0;0;0;1;0;0;1;0;0;0;1;1;0;0;0;0;0;1;1;0;0;0;0;0;0;0;0;0;0;0;0;1;0;1;0;1;0;0;0;0;0;0;0;0;0;0;0;0;1;0;9;0;9;9;0;0;0;1;1;1;1;0;0;0;0;1;2;1;1;1;1;1;2;1;1;0;0;0;0;1;0;1;1;0;0;0;3;1;1;8;0;0;0;0;0;0;0;1;1;0;0;0;0;0;0;0;1;1;0;0;1;0;0;0;0;0;0;0;0;0;0;0;1;0;0;;;;;0;;;;;;;1;1;1;0;0;0;0;0;1;1;1;1;0;0;1;1;0;0;0;0;0;0;1;1;0;0;0;1;0;0;0;0;0;1;0;0;0;0;0;0;0;0;0;0;0;0;0;0;0;0;0;0;0;0
2025;Nordeste;2;Ceará;CE;23;Campos Sales;2302701;Juazeiro do Norte;2304;Juazeiro do Norte;230011;Sul Cearense;7;Chapada do Araripe;29;Campos Sales;230270105;;;ANTONIO RIBEIRO DE CARVALHO EEIF;23153253;3;;2;0;SITIO CALDEIRAO;S/N;ESCOLA;;63150000;88;996224949;-7.0779;-40.32289461;1;00018;2025-02-17;2025-12-26;1;0;0;0;0;;;;;;;;;;;;;;;;;;;;;;;;;;;;;1;3;;;1;1;0;0;0;0;;0;0;0;1;0;0;1;0;0;1;1;0;0;0;0;1;0;1;0;1;0;0;0;0;1;0;0;0;1;0;0;0;1;0;0;0;1;1;1;1;1;0;0;0;0;0;1;0;0;0;1;1;0;0;0;0;0;0;0;0;0;0;1;0;1;0;0;0;0;0;0;0;0;1;0;0;0;0;0;6;0;6;0;0;0;0;1;1;1;0;0;0;1;2;0;0;1;2;0;0;1;1;1;1;0;0;0;0;1;0;1;1;0;0;0;2;1;1;6;0;0;0;0;0;0;0;1;1;0;0;0;0;0;0;0;1;1;1;1;1;0;1;0;0;1;0;0;0;0;0;0;0;0;0;;;;;0;;;;;;;1;1;0;0;0;1;0;0;0;1;1;0;0;0;0;1;0;0;0;0;0;0;1;1;0;0;0;1;1;0;1;1;1;1;0;0;0;0;0;0;0;0;0;0;0;0;1;0;0;0;0;0;0;0
2025;Nordeste;2;Ceará;CE;23;Campos Sales;2302701;Juazeiro do Norte;2304;Juazeiro do Norte;230011;Sul Cearense;7;Chapada do Araripe;29;Campos Sales;230270105;;;EEMTI PROFESSORA MARIA DOLORES ARRAIS;23153261;2;;1;0;TRAVESSA VICENTE ALEXANDRINO;297;;;63150000;88;35331100;-7.0747946;-40.3739078;1;00018;2025-02-05;2025-12-23;1;0;0;0;0;;;;;;;;;;;;;;;;;;;;;;;;;;;;;1;2;;;1;1;0;0;0;0;;0;0;0;1;1;0;0;0;0;0;1;0;0;0;1;0;0;0;0;1;0;0;0;0;0;0;0;1;1;0;0;1;1;0;0;1;1;1;1;1;1;0;0;1;1;0;1;0;0;0;0;0;0;1;0;0;0;0;0;0;1;1;1;0;1;0;0;0;0;1;0;0;1;1;0;0;0;0;0;9;0;9;9;0;0;1;1;1;1;1;1;0;1;1;0;0;1;5;1;1;1;9;1;28;1;3;0;0;1;1;1;1;0;1;0;3;1;2;4;0;0;0;0;0;0;3;3;1;9;1;1;0;0;0;0;1;1;0;0;0;0;0;0;0;0;0;0;0;0;0;0;0;0;0;;;;;0;;;;;;;0;1;1;0;0;1;1;0;0;0;0;9;9;9;9;9;9;0;0;1;1;1;1;1;0;0;0;1;0;1;0;0;0;0;1;1;0;0;0;0;0;0;0;0;0;0;0;0;0;0;0;0;0;0
2025;Nordeste;2;Ceará;CE;23;Campos Sales;2302701;Juazeiro do Norte;2304;Juazeiro do Norte;230011;Sul Cearense;7;Chapada do Araripe;29;Campos Sales;230270105;;;JOAO XXIII EEF;23153369;3;;1;0;TRAVESSA JOAO XXIII;205;;;63150000;88;996257738;-7.0759383;-40.369055;1;00018;2025-02-17;2025-12-26;1;0;0;0;0;;;;;;;;;;;;;;;;;;;;;;;;;;;;;1;3;;;1;1;0;0;0;0;;0;0;0;1;1;0;1;0;0;0;1;0;0;0;1;0;0;0;0;1;0;0;0;0;0;0;0;1;1;0;0;0;1;0;1;0;1;0;1;1;1;0;0;0;0;0;1;0;0;0;0;0;0;0;0;0;0;0;0;0;0;1;0;0;1;0;0;0;0;1;0;0;0;1;0;0;0;0;0;5;2;7;5;5;0;0;1;1;1;0;0;0;0;0;1;2;1;2;1;1;1;2;0;0;1;2;1;4;1;0;1;1;0;0;0;1;1;1;3;0;0;0;0;0;0;2;2;1;0;1;0;0;0;0;0;1;1;1;1;1;1;1;1;0;1;0;0;0;0;0;0;1;0;0;;;;;0;;;;;;;1;1;1;0;0;1;0;0;0;1;1;1;0;0;0;1;0;0;1;0;0;0;1;1;0;0;0;1;1;0;0;0;0;1;0;0;0;0;0;0;0;0;0;0;0;0;1;0;0;0;0;0;0;0
2025;Nordeste;2;Ceará;CE;23;Campos Sales;2302701;Juazeiro do Norte;2304;Juazeiro do Norte;230011;Sul Cearense;7;Chapada do Araripe;29;Campos Sales;230270105;;;JOSE AUGUSTO SOBRINHO EEF;23153385;3;;1;0;RUA MAJOR ELESBAO FORTALEZA;S/N;;;63150000;88;994959845;-7.0664456;-40.3717507;1;00018;2025-02-17;2025-12-26;1;0;0;0;0;;;;;;;;;;;;;;;;;;;;;;;;;;;;;1;3;;;1;1;0;0;0;0;;0;0;0;1;1;0;0;0;0;1;1;0;0;0;0;1;0;1;0;1;0;0;0;0;0;0;0;1;1;0;0;0;1;0;1;1;0;1;1;1;1;0;0;0;0;0;0;0;0;0;0;0;0;0;0;0;0;1;0;0;0;1;1;0;1;0;0;0;0;0;0;0;0;1;0;0;0;0;0;5;2;7;5;0;3;0;1;0;1;1;0;0;1;2;1;3;1;1;0;0;1;2;0;0;1;11;0;0;1;0;1;1;0;0;0;1;1;1;6;0;0;0;0;0;0;0;1;1;0;0;0;0;0;0;0;1;1;0;0;1;1;1;0;0;1;0;0;0;0;0;0;0;0;0;;;;;0;;;;;;;1;1;1;0;0;1;0;0;0;1;1;1;0;1;1;1;0;0;1;0;0;0;1;1;0;0;0;1;1;0;0;0;1;0;0;0;0;0;0;0;0;0;0;0;0;0;1;0;0;0;0;0;0;0
2025;Nordeste;2;Ceará;CE;23;Campos Sales;2302701;Juazeiro do Norte;2304;Juazeiro do Norte;230011;Sul Cearense;7;Chapada do Araripe;29;Campos Sales;230270105;;;LUCIANO TORRES DE MELO EEIF;23153415;3;;1;0;RUA CELERINO NEPOMUCENO DE CARVALHO;SN;ESCOLA;;63150000;88;999711516;-7.075438178;-40.38447702;1;00018;2025-02-17;2025-12-26;1;0;0;0;0;;;;;;;;;;;;;;;;;;;;;;;;;;;;;1;3;;;1;1;0;0;0;0;;0;0;0;1;1;0;0;0;0;0;1;0;0;0;0;1;0;1;0;1;0;0;0;0;0;0;0;1;1;0;0;0;1;0;1;1;0;1;1;1;1;0;0;0;0;0;0;1;0;0;0;0;0;0;0;0;0;0;0;0;1;1;1;0;1;1;0;0;0;0;0;0;1;1;0;0;0;0;0;8;2;10;0;1;5;0;1;1;0;1;0;0;0;0;1;6;1;2;1;1;1;4;0;0;1;4;0;0;1;0;1;1;0;0;0;1;1;2;4;1;0;0;0;0;0;1;2;1;0;0;0;0;0;0;0;1;1;0;0;1;1;1;0;0;1;0;1;0;0;0;0;1;0;0;;;;;0;;;;;;;1;0;1;0;0;1;0;0;0;1;1;1;0;0;0;1;0;0;1;0;0;0;1;1;0;0;0;1;1;0;0;0;1;0;0;0;0;0;0;0;0;0;0;0;0;0;1;0;0;0;0;0;0;0
2025;Nordeste;2;Ceará;CE;23;Campos Sales;2302701;Juazeiro do Norte;2304;Juazeiro do Norte;230011;Sul Cearense;7;Chapada do Araripe;29;Campos Sales;230270105;;;MANOEL DUARTE DE SA BARRETO E E F;23153474;3;;1;0;RUA ISABEL MENDES BARRETO;S/N;;BATALHAO;63150000;88;992633672;-7.08111117;-40.3680101;1;00018;2025-02-17;2025-12-26;1;0;0;0;0;;;;;;;;;;;;;;;;;;;;;;;;;;;;;1;3;;;1;1;0;0;0;0;;0;1;0;1;1;0;1;0;0;1;1;0;0;0;1;0;1;1;0;1;0;0;0;0;0;0;0;1;1;0;0;0;1;1;0;1;0;0;1;1;1;0;0;0;0;0;0;1;0;0;0;0;0;0;0;0;0;0;0;0;1;1;1;0;1;0;0;0;0;1;0;0;0;1;0;0;0;0;0;6;1;7;0;3;2;0;1;0;0;1;0;0;0;0;1;3;1;1;0;0;1;2;0;0;0;0;0;0;1;0;1;1;0;0;0;3;1;1;2;1;0;0;0;0;0;3;1;1;0;0;0;0;0;0;0;1;0;0;0;1;1;1;1;0;0;0;0;0;0;0;0;0;0;0;;;;;0;;;;;;;1;0;0;0;0;1;0;0;0;1;1;1;0;0;1;1;0;0;1;0;0;0;1;1;0;0;0;1;0;0;0;0;1;0;0;0;0;0;0;0;0;0;0;0;0;0;0;0;0;0;0;0;0;0
2025;Sudeste;3;Minas Gerais;MG;31;Belo Horizonte;3106200;Belo Horizonte;3101;Belo Horizonte;310001;Metropolitana de Belo Horizonte;7;Belo Horizonte;30;Belo Horizonte;310620005;;;EE GUIA LOPES;31000051;2;;1;0;RUA BARAO DE CAMARGOS;88;;JARDIM INCONFIDENCIA;30820190;31;34124400;-19.9086404;-43.9946101;1;00001;2025-02-10;2025-12-17;1;0;0;0;0;;;;;;;;;;;;;;;;;;;;;;;;;;;;;1;2;;;1;1;0;0;0;0;;0;0;0;1;1;0;0;0;0;0;1;0;0;0;1;0;0;0;0;1;0;0;0;0;0;0;0;1;1;1;1;0;1;1;1;1;1;1;1;1;1;0;0;1;1;0;0;1;0;0;1;0;1;1;0;0;0;0;0;0;1;1;1;0;1;0;0;0;0;1;0;0;0;1;0;0;0;0;0;12;0;12;0;0;0;1;1;1;1;1;1;0;1;2;1;3;1;3;1;1;1;10;1;20;1;7;0;0;1;1;1;1;0;1;0;3;1;3;4;2;0;0;0;0;0;2;3;1;0;0;0;0;0;0;0;1;1;0;1;1;1;1;1;0;1;0;0;0;0;1;0;0;0;0;;;;;0;;;;;;;1;0;0;0;0;1;0;0;0;1;1;0;0;0;1;0;0;0;0;1;1;1;1;1;0;0;0;1;0;1;0;0;1;1;1;1;0;0;0;0;0;0;0;0;0;0;0;0;0;0;0;0;0;0
2025;Sudeste;3;Minas Gerais;MG;31;Belo Horizonte;3106200;Belo Horizonte;3101;Belo Horizonte;310001;Metropolitana de Belo Horizonte;7;Belo Horizonte;30;Belo Horizonte;310620005;;;EE PROFESSOR JOSE MESQUITA DE CARVALHO;31000086;2;;1;0;RUA IRAI;154;;VILA PARIS;30380640;31;25524877;-19.9481769;-43.94989;1;00002;2025-02-10;2025-12-17;1;0;0;0;0;;;;;;;;;;;;;;;;;;;;;;;;;;;;;1;2;;;1;2;0;0;0;0;;0;0;0;1;1;0;0;0;0;0;1;0;0;0;1;0;0;0;0;1;0;0;0;0;0;0;0;1;0;0;0;0;1;0;1;1;0;1;1;1;1;0;0;1;1;0;1;1;0;0;1;1;0;1;0;0;0;0;0;0;1;0;1;0;1;1;0;0;0;1;0;0;0;1;0;0;0;0;0;23;0;23;0;0;0;0;1;1;1;1;1;0;0;0;1;1;1;24;0;0;1;3;1;45;1;6;0;0;1;1;1;1;0;1;0;3;1;9;17;3;0;0;0;0;1;5;9;1;0;0;3;1;0;0;0;1;0;0;1;1;0;1;0;0;1;0;0;0;0;0;0;1;0;0;;;;;0;;;;;;;1;1;0;0;0;0;0;1;0;1;1;0;0;0;0;1;0;1;0;1;1;0;1;1;0;0;0;1;1;0;0;0;1;1;1;0;0;0;0;0;0;0;0;0;0;0;0;1;0;0;0;0;0;0
2025;Sudeste;3;Minas Gerais;MG;31;Belo Horizonte;3106200;Belo Horizonte;3101;Belo Horizonte;310001;Metropolitana de Belo Horizonte;7;Belo Horizonte;30;Belo Horizonte;310620005;;;EE DOUTOR SIMAO TAMM BIAS FORTES;31000124;2;;1;0;RUA MARIA BEATRIZ;1200;;HAVAI;30555140;31;33121399;-19.95836;-43.97504;1;00001;2025-02-10;2025-12-17;1;0;0;0;0;;;;;;;;;;;;;;;;;;;;;;;;;;;;;1;2;;;1;1;0;0;0;0;;0;0;0;1;1;0;0;0;0;0;1;0;0;0;1;0;0;0;0;1;0;0;0;0;0;0;0;1;1;1;1;0;1;0;1;1;1;1;1;1;1;0;0;1;1;0;1;1;0;0;1;1;1;1;0;0;0;0;0;0;1;0;1;0;1;0;0;0;0;1;0;0;0;1;0;0;0;0;0;13;0;13;0;0;0;0;1;1;1;1;1;0;1;2;1;6;1;3;1;1;1;14;0;0;1;3;1;17;1;1;1;0;0;1;0;1;1;7;8;3;0;0;0;0;1;7;4;1;0;0;3;1;0;0;0;1;1;1;0;1;1;1;1;1;1;1;1;0;0;0;0;0;0;0;;;;;0;;;;;;;1;1;1;0;0;1;0;0;0;1;1;0;0;0;0;0;1;0;0;1;1;0;1;1;0;0;0;1;1;1;0;0;1;1;1;0;0;0;0;0;0;0;0;0;0;0;0;1;0;0;0;0;1;0
2025;Sudeste;3;Minas Gerais;MG;31;Belo Horizonte;3106200;Belo Horizonte;3101;Belo Horizonte;310001;Metropolitana de Belo Horizonte;7;Belo Horizonte;30;Belo Horizonte;310620005;;;EE GUIMARAES ROSA;31000132;2;;1;0;RUA AVELAR;10;;PINDORAMA;30865530;31;34732077;-19.91209247;-44.02217696;1;00001;2025-02-10;2025-12-17;1;0;0;0;0;;;;;;;;;;;;;;;;;;;;;;;;;;;;;1;2;;;1;1;0;0;0;0;;0;0;0;1;1;0;0;0;0;0;1;0;0;0;1;0;0;0;0;1;0;0;0;0;1;0;0;0;1;1;1;0;1;0;1;1;0;1;1;1;1;0;0;1;1;0;0;1;0;0;1;1;0;0;0;0;0;0;0;0;1;0;1;0;1;0;0;0;0;0;0;0;0;0;0;0;0;1;0;12;0;12;0;0;0;0;1;1;1;1;1;0;1;1;1;14;1;8;0;0;1;9;1;38;1;5;0;0;1;1;1;1;0;1;0;3;1;6;14;3;0;0;0;0;0;6;3;1;0;0;2;0;0;0;0;1;0;0;0;0;1;1;0;0;1;0;0;0;0;0;0;1;0;0;;;;;0;;;;;;;0;1;0;0;0;1;0;0;0;1;1;0;0;0;1;0;0;0;0;1;1;0;1;1;0;0;0;1;1;0;0;0;0;1;1;0;0;0;0;0;0;0;0;0;0;0;0;1;0;0;0;0;0;0
2025;Sudeste;3;Minas Gerais;MG;31;Belo Horizonte;3106200;Belo Horizonte;3101;Belo Horizonte;310001;Metropolitana de Belo Horizonte;7;Belo Horizonte;30;Belo Horizonte;310620005;;;EE CAIO NELSON DE SENA;31000191;2;;1;0;RUA ENGENHO DE DENTRO;887;;CAICARAS;30775480;31;34644056;-19.90138505;-43.97108084;1;00001;2025-02-10;2025-12-17;1;0;0;0;0;;;;;;;;;;;;;;;;;;;;;;;;;;;;;1;2;;;1;1;0;0;0;0;;0;0;0;1;1;0;0;0;0;0;1;0;1;0;1;0;0;0;0;1;0;0;0;0;0;0;0;1;0;1;1;0;1;0;1;1;0;1;1;1;1;0;0;0;1;0;1;0;0;0;1;1;0;1;0;0;0;0;0;0;1;0;1;0;1;0;1;0;0;0;1;0;0;0;0;0;0;0;0;9;0;9;0;3;0;0;1;1;1;1;1;0;0;0;1;2;1;1;0;0;1;9;1;14;1;3;1;1;1;1;1;1;0;1;1;3;1;5;11;2;0;0;0;0;0;2;2;1;0;0;0;0;0;0;0;1;0;0;0;1;0;1;1;0;1;0;0;0;0;0;0;0;0;0;;;;;0;;;;;;;0;1;1;0;0;1;0;0;0;1;0;9;9;9;9;9;9;0;0;1;1;0;1;1;0;0;0;1;0;0;0;0;0;1;1;0;0;0;0;0;0;0;0;0;0;0;0;0;0;0;0;0;0;0
2025;Sudeste;3;Minas Gerais;MG;31;Belo Horizonte;3106200;Belo Horizonte;3101;Belo Horizonte;310001;Metropolitana de Belo Horizonte;7;Belo Horizonte;30;Belo Horizonte;310620005;;;ESCOLA MUNICIPAL BELO HORIZONTE;31002593;3;;1;0;AVE JOSE BONIFACIO;00189;;SAO CRISTOVAO;31210690;31;988413103;-19.90355918;-43.94739663;1;00001;2025-02-05;2025-12-19;1;0;0;0;0;;;;;;;;;;;;;;;;;;;;;;;;;;;;;1;3;;;1;1;0;0;0;0;;0;0;0;1;1;0;0;0;0;0;1;0;0;0;1;0;0;0;0;1;0;0;0;0;0;0;0;1;1;1;0;1;1;0;1;1;1;1;1;1;1;0;0;0;1;0;1;1;0;0;1;1;1;1;1;0;0;1;0;0;1;0;1;0;1;1;0;0;0;1;1;0;0;1;0;0;0;0;0;15;2;17;0;15;0;0;1;1;1;1;0;0;1;5;1;1;1;3;1;1;1;15;1;35;1;100;1;100;1;1;1;1;1;1;0;3;1;3;8;2;0;3;0;1;0;6;6;1;1;2;1;0;0;0;0;1;1;0;1;1;1;1;1;0;1;0;1;0;1;0;0;0;0;0;;;;;0;;;;;;;1;1;0;0;0;1;0;0;0;1;0;9;9;9;9;9;9;1;1;0;0;0;1;1;0;0;0;1;1;0;0;0;1;1;0;0;0;0;0;0;0;0;0;0;0;0;1;0;0;0;0;0;0;0
2025;Sudeste;3;Minas Gerais;MG;31;Belo Horizonte;3106200;Belo Horizonte;3101;Belo Horizonte;310001;Metropolitana de Belo Horizonte;7;Belo Horizonte;30;Belo Horizonte;310620005;;;COLEGIO SANTA MARCELINA;31004031;4;4;1;0;DAS FALCATAS;505;;SÃO LUIZ;31275070;31;34414988;-19.8574963;-43.966769;1;00041;2025-02-02;2025-12-10;;;;;0;;;;;;;;;;;;;;;;;;;;0;0;0;0;1;0;1;60742855000543;60742855000110;1;4;;;1;1;0;0;0;0;;0;0;0;1;1;0;0;0;0;0;1;0;0;0;1;0;0;0;0;1;0;0;0;0;1;1;1;0;1;1;0;1;1;1;1;1;1;1;1;1;1;0;0;1;1;0;1;1;1;0;1;1;1;1;0;0;0;1;0;0;1;1;1;0;1;0;0;0;0;1;1;0;0;1;0;0;0;0;0;53;0;53;53;0;0;0;1;1;1;1;1;0;0;0;1;20;1;2;0;0;1;20;1;25;1;72;0;0;1;1;1;1;0;1;1;3;1;8;24;2;3;1;0;0;0;4;23;1;7;5;2;0;0;2;0;0;1;1;1;1;1;1;1;0;1;0;0;0;0;0;0;0;0;0;;;;;1;0;0;0;0;0;1;1;0;0;0;0;0;0;0;1;0;0;9;9;9;9;9;9;0;0;1;1;1;1;1;0;0;0;1;0;1;1;1;1;1;1;0;1;0;0;0;0;0;0;0;0;0;0;0;0;0;0;0;0;0
2025;Sudeste;3;Minas Gerais;MG;31;Belo Horizonte;3106200;Belo Horizonte;3101;Belo Horizonte;310001;Metropolitana de Belo Horizonte;7;Belo Horizonte;30;Belo Horizonte;310620005;;;ESCOLA DE EDUCACAO BASICA E PROFISSIONAL DA UFMG - CENTRO PEDAGOGICO;31258377;1;;1;0;AVENIDA PRESIDENTE ANTONIO CARLOS;6627;;PAMPULHA;31270901;31;34095187;-19.8672563;-43.9586483;1;;2025-02-17;2025-12-20;1;0;0;0;0;;;;;;;;;;;;;;;;;;;;;;;;;;;;;1;6;;;1;1;0;0;0;0;;0;0;0;1;1;0;0;0;0;0;1;0;0;0;1;0;0;0;0;1;0;0;0;0;1;0;1;0;1;1;0;0;1;1;1;1;1;1;1;1;1;0;0;1;1;0;1;1;1;0;1;1;1;1;1;1;1;1;0;0;1;0;1;0;1;1;0;0;0;0;1;0;1;1;0;0;0;0;0;18;0;18;18;12;0;0;1;1;1;0;0;0;0;0;1;10;1;2;1;1;1;18;1;14;1;8;0;0;1;1;1;1;0;1;1;3;1;0;0;0;7;0;0;1;1;0;5;0;0;0;3;1;0;1;0;1;1;0;1;1;1;1;1;0;1;0;1;0;0;1;0;1;0;0;;;;;0;;;;;;;1;1;1;0;0;1;1;1;0;1;0;9;9;9;9;9;9;0;0;0;0;0;1;1;0;0;0;1;0;0;0;0;1;1;0;0;0;0;0;0;0;0;0;0;0;0;0;0;0;0;0;0;0;0
2025;Sudeste;3;São Paulo;SP;35;Campinas;3509502;Campinas;3510;Campinas;350038;Campinas;7;Campinas;32;Campinas;350950205;;;CECILIA PEREIRA PROFESSORA;35018119;2;;1;0;SERRA DO UMBUZEIRO;649;RUA;JARDIM PARANAPANEMA;13100239;19;32527868;-22.9153289;-47.03395;1;20417;2025-02-03;2025-12-12;1;0;0;0;0;;;;;;;;;;;;;;;;;;;;;;;;;;;;;1;2;;;1;1;0;0;0;0;;0;0;0;1;1;0;0;0;0;0;1;0;0;0;1;0;0;0;0;1;0;0;0;0;0;0;0;1;0;0;0;0;1;0;1;1;0;0;1;1;1;0;0;0;1;0;1;1;0;0;0;0;0;0;0;0;0;1;0;0;1;1;1;0;1;0;0;0;0;0;0;0;1;0;0;0;0;0;0;16;0;16;0;0;0;0;1;0;0;1;0;0;0;0;1;3;1;14;0;0;0;0;1;12;1;68;1;14;1;1;1;1;0;1;0;0;1;0;1;0;0;4;0;0;0;3;4;1;0;0;2;0;0;0;0;1;1;0;0;1;1;1;0;0;1;0;0;0;0;0;0;0;0;0;;;;;0;;;;;;;1;1;0;1;1;1;1;0;0;1;0;9;9;9;9;9;9;0;0;1;1;0;1;1;0;0;0;1;0;0;0;0;0;1;1;0;0;0;0;0;0;0;0;0;0;0;0;0;0;0;0;0;0;0
2025;Sudeste;3;São Paulo;SP;35;Campinas;3509502;Campinas;3510;Campinas;350038;Campinas;7;Campinas;32;Campinas;350950205;;;AUREA ANUNCIACAO AMERICO DE GODOI PROFESSORA;35018156;2;;1;0;JOAQUIM SEVERINO;245;RUA;JARDIM SAMAMBAIA;13046540;19;32765211;-22.93229167;-47.01544;1;20404;2025-02-03;2025-12-12;1;0;0;0;0;;;;;;;;;;;;;;;;;;;;;;;;;;;;;1;2;;;1;1;0;0;0;0;;0;0;0;1;1;0;0;0;0;0;1;0;0;0;1;0;0;0;0;1;0;0;0;0;0;0;0;1;1;0;0;0;1;0;1;1;0;0;0;1;1;0;0;0;1;0;0;0;0;0;1;1;0;1;0;0;0;0;0;0;1;0;1;0;1;1;0;0;0;0;0;0;0;0;0;0;0;1;0;14;0;14;0;0;0;0;1;0;1;1;0;0;0;0;0;0;1;12;0;0;0;0;0;0;1;53;1;12;1;1;1;1;0;1;0;3;1;4;4;0;0;2;0;0;0;2;0;1;0;0;1;0;0;0;0;1;1;0;0;1;0;0;0;0;0;0;0;0;0;0;0;0;0;0;;;;;0;;;;;;;1;0;0;0;1;1;1;0;0;1;0;9;9;9;9;9;9;1;0;1;1;0;1;1;0;0;0;1;0;0;0;0;1;1;1;0;0;0;0;0;0;0;0;0;0;0;0;0;0;0;0;0;0;0
2025;Sudeste;3;São Paulo;SP;35;Campinas;3509502;Campinas;3510;Campinas;350038;Campinas;7;Campinas;32;Campinas;350950205;;;CARLOS GOMES;35018302;2;;1;0;ANCHIETA;80;AVENIDA;CENTRO;13015100;19;32313033;-22.9018986;-47.0571415;1;20417;2025-02-03;2025-12-12;1;0;0;0;0;;;;;;;;;;;;;;;;;;;;;;;;;;;;;1;2;;;1;1;0;0;0;0;;0;0;0;1;1;0;0;0;0;0;1;0;0;0;1;0;0;0;0;1;0;0;0;0;1;1;1;0;1;0;0;0;1;0;1;1;0;0;1;0;0;0;0;0;0;0;1;1;0;0;1;0;1;1;0;0;0;0;0;0;1;1;1;0;1;0;0;0;0;1;0;1;0;0;0;0;1;0;0;25;0;25;0;0;0;0;1;1;0;1;0;0;1;1;1;2;1;3;0;0;0;0;1;10;0;0;1;22;1;1;1;1;0;1;1;3;1;7;6;0;0;2;0;0;0;0;0;0;0;0;2;0;0;0;0;1;0;0;0;0;0;0;0;0;1;0;1;0;0;0;0;0;0;0;;;;;0;;;;;;;0;0;0;0;1;1;1;1;0;0;0;9;9;9;9;9;9;1;1;1;1;1;1;1;0;0;0;1;1;1;0;0;1;1;1;1;0;0;0;0;0;0;0;0;0;0;0;1;0;0;0;0;0;0
2025;Sudeste;3;São Paulo;SP;35;Campinas;3509502;Campinas;3510;Campinas;350038;Campinas;7;Campinas;32;Campinas;350950205;;;CIRO EXEL MAGRO PROF EMEF;35058932;3;;1;0;SERRA D AGUA;35;RUA;JARDIM BARONESA;13100315;19;37333514;-22.91711293;-47.03443662;1;20417;2025-02-03;2025-12-12;1;0;0;0;0;;;;;;;;;;;;;;;;;;;;;;;;;;;;;1;3;;;1;1;0;0;0;0;;0;0;0;1;1;0;0;0;0;0;1;0;0;0;1;0;0;0;0;1;0;0;0;0;1;1;1;0;1;0;0;0;1;0;0;1;0;1;1;1;1;0;0;0;1;0;0;0;1;0;1;1;0;1;0;0;0;0;0;0;1;0;1;0;1;1;0;0;0;0;0;0;0;1;0;0;0;0;0;10;0;10;0;10;0;0;1;0;1;1;0;0;0;0;1;88888;1;1;1;10;0;0;1;18;1;319;1;30;1;1;1;1;0;1;0;3;1;0;18;0;0;1;0;1;0;4;0;0;1;0;2;0;0;0;0;1;1;0;1;1;0;1;1;0;1;0;1;0;0;0;0;1;0;0;;;;;0;;;;;;;0;1;0;0;0;1;0;1;0;1;0;9;9;9;9;9;9;0;0;0;0;0;1;1;0;0;0;1;0;0;0;0;1;0;0;0;0;0;0;0;0;0;0;0;0;0;0;0;0;0;0;0;0;0
2025;Sudeste;3;São Paulo;SP;35;Campinas;3509502;Campinas;3510;Campinas;350038;Campinas;7;Campinas;32;Campinas;350950205;;;PROGRESSO CAMPINEIRO COLEGIO;35112513;4;1;1;0;JULIO DE MESQUITA;840;AVENIDA;CAMBUI;13025061;19;32113802;-22.89837;-47.05591;1;20417;2025-01-28;2025-12-16;;;;;0;;;;;;;;;;;;;;;;;;;;1;0;0;0;0;0;0;31933086000309;31933086000139;1;2;;;1;1;0;0;0;0;;0;0;0;1;1;0;0;0;0;0;1;0;0;0;1;0;0;0;0;1;0;0;0;0;1;0;1;0;0;0;1;1;1;1;1;1;1;1;1;1;0;0;0;1;1;0;0;1;1;0;1;1;1;1;1;1;0;0;0;0;1;0;1;1;1;0;0;1;0;1;1;1;1;1;1;1;1;0;0;30;6;36;36;36;2;0;1;1;1;1;1;0;0;0;1;5;1;20;0;0;1;6;0;0;1;15;1;10;1;1;1;1;1;1;1;3;1;8;32;2;0;6;0;1;0;8;0;1;0;18;4;6;0;0;0;0;1;1;1;1;1;1;1;0;1;0;0;0;0;0;0;0;0;0;;;;;0;;;;;;;1;0;0;0;0;0;0;0;1;0;0;9;9;9;9;9;9;0;0;1;1;1;1;1;0;0;0;1;0;1;1;1;1;1;1;0;1;0;0;0;0;0;0;0;0;0;0;0;0;0;0;0;0;0
2025;Sudeste;3;São Paulo;SP;35;Campinas;3509502;Campinas;3510;Campinas;350038;Campinas;7;Campinas;32;Joaquim Egídio;350950215;;;FRANCISCO BARRETO LEME;35018107;2;;1;0;ANTONIO NUNES FELIPE;51;RUA;JOAQUIM EGIDIO;13108022;19;32986230;-22.8903265;-46.9429325;1;20417;2025-02-03;2025-12-12;1;0;0;0;0;;;;;;;;;;;;;;;;;;;;;;;;;;;;;1;2;;;1;1;0;0;0;0;;0;0;0;1;1;0;0;0;0;0;1;0;0;0;1;0;0;0;0;1;0;0;0;0;0;0;1;0;0;0;0;0;1;0;0;1;0;0;1;1;1;0;0;0;1;0;1;0;0;0;1;0;1;0;0;0;0;0;0;0;1;1;1;0;1;0;0;0;0;0;0;0;0;0;0;0;0;1;0;11;0;11;0;0;0;0;1;0;1;1;0;0;0;0;0;0;1;9;1;1;1;3;1;17;1;35;1;5;1;1;1;1;0;1;0;3;1;5;3;0;0;2;0;2;1;3;1;1;0;3;1;0;0;0;0;1;1;1;1;1;1;1;1;0;1;0;0;0;0;1;0;1;0;0;;;;;0;;;;;;;0;1;1;0;1;1;1;0;0;1;1;1;1;1;1;1;0;1;0;1;1;0;1;1;0;0;0;1;0;0;0;0;1;1;1;0;0;0;0;0;0;0;0;0;0;0;0;0;0;0;0;0;0;0
2025;Sudeste;3;São Paulo;SP;35;Campinas;3509502;Campinas;3510;Campinas;350038;Campinas;7;Campinas;32;Souzas;350950225;;;THOMAS ALVES DOUTOR;35018272;2;;1;0;CONSELHEIRO ANTONIO PRADO;160;CENTRO;VILA NOVA;13073068;19;32581885;-22.8776475;-46.9671909;1;20417;2025-02-03;2025-12-12;1;0;0;0;0;;;;;;;;;;;;;;;;;;;;;;;;;;;;;1;2;;;1;1;0;0;0;0;;0;0;0;1;1;0;0;0;0;0;1;0;0;0;1;0;0;0;0;1;0;0;0;0;0;0;0;1;1;0;0;0;1;0;0;1;0;0;1;1;1;0;0;1;1;0;1;1;0;0;1;1;1;1;0;0;0;0;0;0;1;1;1;0;1;0;0;0;0;0;0;0;0;0;0;0;0;1;0;24;0;24;0;0;0;0;1;0;1;1;0;0;0;0;1;4;1;24;0;0;0;0;1;8;1;37;0;0;1;1;1;1;0;1;1;3;1;6;3;0;0;3;0;0;0;3;1;1;0;0;3;0;0;0;0;1;1;0;1;1;1;1;1;0;1;0;1;0;0;0;0;0;0;0;;;;;0;;;;;;;1;1;1;0;1;1;1;0;0;1;0;9;9;9;9;9;9;1;1;1;1;0;1;1;0;0;0;1;1;0;0;0;1;1;1;0;0;0;0;0;0;0;0;0;0;0;0;1;0;0;0;0;0;0
2025;Sudeste;3;São Paulo;SP;35;Campinas;3509502;Campinas;3510;Campinas;350038;Campinas;7;Campinas;32;Campo Grande;350950235;;;IFSP CAMPUS CAMPINAS;35500012;1;;1;0;HEITOR LACERDA GUEDES;1000;;CIDADE SATÉLITE ÍRIS;13059581;19;37754620;-22.94868437;-47.14924227;1;;2025-03-05;2025-12-20;1;0;0;0;0;;;;;;;;;;;;;;;;;;;;;;;;;;;;;1;6;;;1;1;0;0;0;0;;0;0;0;1;1;0;0;0;0;0;1;0;1;0;1;0;0;0;0;1;0;0;0;0;0;0;0;1;1;1;0;1;1;0;1;1;0;1;1;1;1;0;0;1;1;1;1;1;0;0;1;1;0;1;0;0;0;0;1;1;1;1;1;0;1;0;0;0;0;1;1;1;1;1;0;1;1;0;0;34;0;34;22;34;0;0;1;0;1;1;1;0;0;0;1;6;1;4;0;0;1;22;0;0;1;240;0;0;1;1;1;1;1;1;1;3;1;14;8;3;0;1;0;0;2;0;5;0;6;9;2;2;1;0;0;1;1;0;1;1;0;0;1;1;1;0;0;0;0;1;0;1;0;0;;;;;1;1;1;1;1;0;0;1;0;0;0;0;1;1;0;0;0;0;9;9;9;9;9;9;0;0;1;0;1;1;1;0;0;0;1;1;1;0;0;0;0;0;1;0;0;0;0;0;0;0;0;0;0;0;1;1;0;0;0;1;0
2025;Sudeste;3;São Paulo;SP;35;São Paulo;3550308;São Paulo;3501;São Paulo;350001;Metropolitana de São Paulo;15;São Paulo;61;Brasilândia;355030811;;;WALFREDO ARANTES CALDAS PROFESSOR;35000048;2;;1;0;DEPUTADO CANTIDIO SAMPAIO;1701;;VILA SOUZA;02860001;;;-23.464;-46.67971;1;10101;2025-02-03;2025-12-12;1;0;0;0;0;;;;;;;;;;;;;;;;;;;;;;;;;;;;;1;2;;;1;1;0;0;0;0;;0;0;0;1;1;0;0;0;0;0;1;0;0;0;1;0;0;0;0;1;0;0;0;0;0;0;0;1;1;0;0;0;1;0;0;1;0;0;1;1;1;0;0;0;1;0;1;0;0;0;1;1;0;0;0;0;0;0;0;0;1;1;1;0;1;0;0;0;0;0;0;0;0;0;0;0;0;1;0;26;0;26;0;0;0;0;1;0;1;0;0;0;0;0;1;1;1;7;0;0;0;0;0;0;1;100;1;150;1;1;1;1;0;9;9;2;1;2;0;0;0;2;0;1;1;3;1;0;0;0;3;0;0;0;0;1;1;0;1;1;0;0;0;0;1;0;0;0;0;0;0;0;0;0;;;;;0;;;;;;;0;0;0;0;1;1;1;0;0;0;0;9;9;9;9;9;9;0;0;1;1;0;1;1;0;0;0;1;0;0;0;0;0;0;1;0;0;0;0;0;0;0;0;0;0;0;0;0;0;0;0;0;0;0
2025;Sudeste;3;São Paulo;SP;35;São Paulo;3550308;São Paulo;3501;São Paulo;350001;Metropolitana de São Paulo;15;São Paulo;61;Cachoeirinha;355030813;;;ANTONIO JOSE LEITE PROF;35000371;2;;1;0;DEZ DE MAIO;271;RUA;VILA AMELIA;02615100;11;22583977;-23.4703506;-46.655166;1;10104;2025-02-03;2025-12-12;1;0;0;0;0;;;;;;;;;;;;;;;;;;;;;;;;;;;;;1;2;;;1;1;0;0;0;0;;0;0;0;1;1;0;0;0;0;0;1;0;0;0;1;0;0;0;0;1;0;0;1;0;0;0;0;1;1;0;0;1;1;0;1;1;0;0;1;1;1;0;0;0;1;0;1;1;0;0;1;1;0;0;0;0;0;1;0;0;1;1;1;0;1;0;0;0;0;0;0;0;0;0;0;0;0;1;0;23;0;23;0;0;0;0;1;0;0;1;0;0;0;0;0;0;1;23;0;0;0;0;1;11;0;0;1;108;1;1;1;1;1;1;0;1;1;12;3;0;0;2;0;0;1;3;1;1;0;0;4;0;0;0;0;1;1;0;1;1;1;1;0;0;1;0;0;0;0;0;0;0;0;0;;;;;0;;;;;;;1;0;0;0;1;1;1;0;0;0;0;9;9;9;9;9;9;1;0;1;1;0;1;1;0;0;0;1;0;0;0;0;0;1;1;0;0;0;0;0;0;0;0;0;0;0;0;0;0;0;0;0;0;0
2025;Sudeste;3;São Paulo;SP;35;São Paulo;3550308;São Paulo;3501;São Paulo;350001;Metropolitana de São Paulo;15;São Paulo;61;Cachoeirinha;355030813;;;RITA BICUDO PEREIRA PROFA;35000693;2;;1;0;PERI RONCHETTI;494;AVENIDA;JARDIM PERI;02633000;11;22322066;-23.4619192;-46.6508911;1;10104;2025-02-03;2025-12-12;1;0;0;0;0;;;;;;;;;;;;;;;;;;;;;;;;;;;;;1;2;;;1;1;0;0;0;0;;0;0;0;1;1;0;0;0;0;0;1;0;0;0;1;0;0;0;0;1;0;0;0;0;0;0;0;1;1;0;0;1;1;0;0;1;0;1;1;1;1;0;0;1;1;0;1;1;0;0;1;1;0;1;1;0;0;1;0;0;1;1;1;0;1;0;0;0;0;0;0;0;0;0;0;0;0;1;0;18;0;18;0;0;0;0;1;0;1;1;1;0;1;1;1;3;1;22;0;0;1;1;1;20;1;132;1;99;1;1;1;1;0;1;1;3;1;4;0;0;0;3;0;0;0;0;0;1;0;0;3;0;0;0;0;1;1;0;0;1;0;1;1;0;1;0;0;0;0;0;0;0;0;0;;;;;0;;;;;;;1;0;0;0;1;1;1;0;0;1;0;9;9;9;9;9;9;1;0;1;1;0;1;1;0;0;0;1;0;0;0;0;1;1;1;0;0;0;0;0;0;0;0;0;0;0;0;0;0;0;0;0;0;0
2025;Sudeste;3;São Paulo;SP;35;São Paulo;3550308;São Paulo;3501;São Paulo;350001;Metropolitana de São Paulo;15;São Paulo;61;Casa Verde;355030821;;;BENEDITO TOLOSA PROFESSOR;35000309;2;;1;0;DIRCEU DE LIMA;617;PRACA;CASA VERDE;02515050;11;39511766;-23.5104708;-46.6577907;1;10102;2025-02-03;2025-12-12;1;0;0;0;0;;;;;;;;;;;;;;;;;;;;;;;;;;;;;1;2;;;1;1;0;0;0;0;;0;0;0;1;1;0;0;0;0;0;1;0;0;0;1;0;0;0;0;1;0;0;0;0;1;0;0;0;1;0;0;0;1;0;0;0;0;0;1;1;1;0;0;1;1;0;1;0;0;0;1;1;1;1;0;0;0;1;0;0;1;1;1;0;1;0;0;0;0;0;0;0;0;0;0;0;0;1;0;24;0;24;0;0;0;0;1;0;1;1;0;0;0;0;0;0;1;10;0;0;0;0;1;7;1;71;1;9;1;1;1;1;0;1;0;0;1;3;3;1;0;1;0;0;0;1;1;1;0;0;1;0;0;0;0;1;0;0;0;1;0;0;0;0;0;0;0;0;0;0;0;0;0;0;;;;;0;;;;;;;1;0;0;0;1;1;1;0;0;0;0;9;9;9;9;9;9;1;0;1;1;0;1;1;0;0;0;1;0;0;0;0;0;1;1;0;0;0;0;0;0;0;0;0;0;0;0;0;0;0;0;0;0;0
2025;Sudeste;3;São Paulo;SP;35;São Paulo;3550308;São Paulo;3501;São Paulo;350001;Metropolitana de São Paulo;15;São Paulo;61;Perus;355030861;;;GAVIAO PEIXOTO BRIGADEIRO;35000024;2;;1;0;MOGEIRO;710;RUA;VILA PERUS;05208230;11;39170748;-23.40471;-46.75938;1;10101;2025-02-03;2025-12-12;1;0;0;0;0;;;;;;;;;;;;;;;;;;;;;;;;;;;;;1;2;;;1;1;0;0;0;0;;0;0;0;1;1;0;0;0;0;0;1;0;0;0;1;0;0;0;0;1;0;0;0;0;0;0;0;1;1;0;0;1;1;1;1;1;0;1;1;1;1;0;0;1;1;1;1;1;0;0;1;1;1;1;0;0;0;0;0;1;1;1;1;0;1;1;0;0;0;1;0;0;0;1;0;0;1;0;0;35;0;35;8;35;1;0;1;0;1;1;0;0;0;0;1;15;1;19;1;1;1;6;1;35;1;100;1;80;1;1;1;1;0;1;1;3;1;13;0;0;0;3;0;0;0;0;1;1;0;0;3;0;0;0;0;1;1;0;1;1;1;1;1;1;1;0;1;0;0;0;0;0;0;0;;;;;0;;;;;;;1;1;1;1;1;1;1;0;0;1;0;9;9;9;9;9;9;0;0;1;1;1;1;1;0;0;0;1;1;1;0;0;1;1;1;1;0;0;0;0;0;0;0;0;0;0;0;1;0;0;0;0;0;0
2025;Sudeste;3;São Paulo;SP;35;São Paulo;3550308;São Paulo;3501;São Paulo;350001;Metropolitana de São Paulo;15;São Paulo;61;Santana;355030870;;;JARDIM SAO PAULO COLEGIO;35100432;4;1;1;0;CATAGUASES;151;RUA;JARDIM SAO PAULO;02042020;11;28214000;-23.4975417;-46.6148808;1;10102;2025-02-03;2025-12-12;;;;;0;;;;;;;;;;;;;;;;;;;;1;0;0;0;0;0;0;00821834000249;00821834000168;1;2;;;1;1;0;0;0;0;;0;0;0;1;1;0;0;0;0;0;1;0;0;0;1;0;0;0;0;1;0;0;0;0;0;0;0;1;1;0;0;1;1;1;1;0;1;1;1;1;1;0;0;1;1;0;1;1;1;0;1;1;0;1;1;0;0;0;0;0;1;1;1;0;1;0;0;0;0;1;1;1;1;1;1;1;1;0;0;63;3;66;22;51;0;1;1;1;1;1;1;0;1;4;1;6;1;4;1;15;1;1;0;0;1;80;1;80;1;1;1;1;0;1;1;3;1;34;2;3;1;15;0;0;0;0;0;1;3;2;3;0;0;0;0;0;1;1;1;1;1;1;1;0;1;0;0;0;0;0;0;0;0;0;;;;;0;;;;;;;1;0;0;0;0;1;0;1;0;0;0;9;9;9;9;9;9;0;0;1;1;0;1;1;0;0;0;1;0;0;1;1;1;1;1;0;0;0;0;0;0;0;0;0;0;0;0;0;0;0;0;0;0;0
2025;Sudeste;3;São Paulo;SP;35;São Paulo;3550308;São Paulo;3501;São Paulo;350001;Metropolitana de São Paulo;15;São Paulo;61;Santo Amaro;355030871;;;EMEFM LINNEU PRESTES PROF;35054082;3;;1;0;ADOLFO PINHEIRO;511;;SANTO AMARO;04733100;11;56910559;-23.6482;-46.7032;1;19923;2025-02-05;2025-12-19;1;0;0;0;0;;;;;;;;;;;;;;;;;;;;;;;;;;;;;1;3;;;1;1;0;0;0;0;;0;0;0;1;1;0;0;0;0;0;1;0;0;0;1;0;0;0;0;1;0;0;0;0;0;0;0;1;1;1;0;0;1;1;1;1;1;0;1;1;1;0;0;1;1;0;1;1;1;0;1;1;1;1;1;0;0;0;0;0;1;1;1;0;1;0;0;0;0;0;0;0;0;0;0;0;0;1;0;18;0;18;0;0;0;1;1;1;1;0;0;0;1;4;1;5;1;7;0;0;1;3;1;40;0;0;0;0;1;0;1;1;0;0;0;3;1;1;0;0;0;0;0;0;0;0;4;0;0;0;0;0;0;0;0;1;0;0;0;0;0;0;0;0;0;0;0;0;0;0;0;0;1;0;;;;;0;;;;;;;9;0;0;0;1;1;0;0;0;1;0;9;9;9;9;9;9;0;1;0;0;0;1;1;0;0;0;1;1;1;0;0;1;1;1;1;0;1;0;0;0;0;0;0;0;0;1;0;0;0;0;0;1;0
2025;Sudeste;3;São Paulo;SP;35;São Paulo;3550308;São Paulo;3501;São Paulo;350001;Metropolitana de São Paulo;15;São Paulo;61;Vila Mariana;355030890;;;PAULISTINHA DE EDUCACAO ESCOLA;35923692;1;;1;0;VARPA;54;RUA;VILA CLEMENTINO;04039050;11;33854174;-23.5993584;-46.6450401;1;;2025-01-24;2025-12-19;1;0;0;0;0;;;;;;;;;;;;;;;;;;;;;;;;;;;;;1;1;;;1;1;0;0;0;0;;0;0;0;1;1;0;0;0;0;0;1;0;0;0;1;0;0;0;0;1;0;0;0;0;0;0;0;1;1;0;0;0;1;1;1;1;1;1;1;1;1;0;0;0;0;0;1;1;1;0;1;1;1;1;1;0;0;0;0;0;1;1;1;0;1;0;0;0;0;1;1;0;0;1;0;0;0;0;0;23;0;23;5;0;0;0;1;1;1;1;1;0;1;5;1;3;1;8;0;0;0;0;1;5;0;0;0;0;1;1;1;1;1;1;1;3;1;3;10;1;3;3;0;1;0;10;0;1;1;0;1;0;0;0;0;1;1;1;0;1;0;1;1;0;1;0;0;0;0;0;0;0;0;0;;;;;0;;;;;;;1;0;1;0;0;1;0;0;0;0;0;9;9;9;9;9;9;0;0;0;0;0;1;1;0;0;0;1;0;0;1;1;1;0;0;0;0;0;0;0;0;0;0;0;0;0;0;0;0;0;0;0;0;0
2025;Sudeste;3;São Paulo;SP;35;Taquarituba;3553807;Sorocaba;3502;Avaré;350007;Itapetininga;11;Itapeva;41;Taquarituba;355380705;;;UNICCURSOS;35007642;4;1;1;0;DOUTOR ATALIBA LEONEL;732;;CENTRO;18740019;14;37621194;-23.53317594;-49.24366175;1;20302;2025-02-03;2025-12-12;;;;;0;;;;;;;;;;;;;;;;;;;;1;0;0;0;0;0;0;08959112000186;08959112000186;1;2;;;1;2;0;0;0;0;;0;0;0;1;1;0;0;0;0;0;1;0;0;0;1;0;0;0;0;1;0;0;0;0;0;0;0;1;1;0;0;0;1;0;1;0;0;0;0;0;0;0;0;0;0;0;0;0;0;0;0;0;0;0;0;0;0;0;0;0;0;0;1;0;1;0;0;0;0;1;0;0;0;1;0;0;0;0;0;3;0;3;3;3;0;0;1;0;0;1;0;0;0;0;0;0;1;2;0;0;0;0;1;32;0;0;0;0;1;1;1;1;0;9;9;3;1;5;1;0;0;2;0;0;0;0;0;1;0;2;1;0;0;0;0;0;1;0;1;1;0;0;0;1;0;0;0;1;0;0;0;0;0;0;;;;;0;;;;;;;1;0;0;0;0;0;0;0;1;0;0;9;9;9;9;9;9;0;0;0;0;0;1;1;0;0;0;0;0;1;0;0;0;0;0;0;0;0;0;0;0;0;0;0;0;0;0;0;0;0;0;0;1;0
2025;Sudeste;3;São Paulo;SP;35;Taquarituba;3553807;Sorocaba;3502;Avaré;350007;Itapetininga;11;Itapeva;41;Taquarituba;355380705;;;JOSE PENNA;35014540;2;;1;0;VINTE E QUATRO DE DEZEMBRO;559;RUA;CENTRO;18740109;14;37621603;-23.5375387;-49.248929;1;20302;2025-02-03;2025-12-12;1;0;0;0;0;;;;;;;;;;;;;;;;;;;;;;;;;;;;;1;2;;;1;1;0;0;0;0;;0;0;0;1;1;0;0;0;0;0;1;0;0;0;1;0;0;0;0;1;0;0;0;0;1;0;0;0;0;0;0;0;1;0;1;1;0;0;1;1;1;0;0;1;1;0;1;1;0;0;1;0;1;1;0;0;0;1;0;0;1;1;1;0;1;1;0;0;0;1;1;1;1;0;0;0;0;0;0;21;0;21;0;19;0;0;1;0;0;1;0;0;0;0;0;0;1;23;0;0;0;0;1;26;1;186;1;26;1;1;1;1;0;1;0;3;1;4;2;1;0;4;0;0;0;0;4;1;0;0;2;0;0;0;0;1;1;0;1;1;1;1;1;0;1;0;1;0;0;0;0;1;0;0;;;;;0;;;;;;;1;1;1;0;1;1;1;0;0;1;1;1;0;0;1;1;0;1;1;1;1;1;1;1;0;0;0;1;0;1;0;0;0;1;1;1;0;0;0;0;0;0;0;0;0;0;0;0;0;0;0;0;0;0
2025;Sudeste;3;São Paulo;SP;35;Taquarituba;3553807;Sorocaba;3502;Avaré;350007;Itapetininga;11;Itapeva;41;Taquarituba;355380705;;;JOSE APARECIDO CASTELUCCI PROFESSOR;35049888;2;;1;0;JOSE MARIA TOMAZI;SN;RUA;ALEIXOS;18744526;14;37622122;-23.4926972;-49.3230675;1;20302;2025-02-03;2025-12-12;1;0;0;0;0;;;;;;;;;;;;;;;;;;;;;;;;;;;;;1;2;;;1;1;0;0;0;0;;0;0;0;1;1;0;0;0;0;0;1;0;0;0;1;0;0;0;0;1;0;0;0;0;0;0;0;1;0;0;0;0;1;0;0;1;0;0;1;1;1;0;0;0;0;0;0;0;0;0;1;0;1;1;0;0;0;1;0;0;1;1;0;0;1;1;0;0;0;1;0;0;0;1;0;0;0;0;0;6;0;6;0;1;0;0;1;0;1;1;0;0;0;0;1;1;1;8;0;0;0;0;1;5;1;20;1;9;1;1;1;1;0;1;0;0;1;1;1;0;0;1;0;0;0;1;1;0;0;0;2;0;0;0;0;1;0;0;0;1;0;0;0;0;1;0;0;0;0;0;0;1;0;0;;;;;0;;;;;;;0;0;0;0;1;1;1;0;0;1;0;9;9;9;9;9;9;1;0;1;1;0;1;1;0;0;0;1;0;0;0;0;0;1;1;0;0;0;0;0;0;0;0;0;0;0;0;0;0;0;0;0;0;0
2025;Sudeste;3;São Paulo;SP;35;Taquarituba;3553807;Sorocaba;3502;Avaré;350007;Itapetininga;11;Itapeva;41;Taquarituba;355380705;;;MARIA DE LOURDES MEDEIROS ROLIM DOS SANTOS PROFA EM;35070956;3;;1;0;RUA ANGELO DE OLIVEIRA;534;RUA;VILA SANTA RITA DE CASSIA;18741104;14;37623015;-23.5526411;-49.2407056;1;20302;2025-02-03;2025-12-12;1;0;0;0;0;;;;;;;;;;;;;;;;;;;;;;;;;;;;;1;3;;;1;1;0;0;0;0;;0;0;0;1;1;0;0;0;0;0;1;0;0;0;1;0;0;0;0;1;0;0;0;0;1;0;1;0;1;0;0;0;1;0;1;1;1;0;0;1;1;0;0;0;1;0;1;1;1;0;1;1;0;0;0;0;0;0;0;0;1;0;1;0;1;0;0;0;0;1;0;0;1;1;0;0;0;0;0;11;0;11;0;0;0;0;1;0;1;1;1;0;0;0;1;2;1;1;1;1;0;0;0;0;0;0;1;60;1;1;1;1;0;0;1;3;1;1;3;0;0;2;0;0;0;3;1;0;0;0;1;0;0;0;0;1;1;1;0;1;1;1;1;0;1;0;1;0;0;0;0;0;0;0;;;;;0;;;;;;;0;0;0;0;1;1;0;0;0;1;1;1;0;0;1;1;0;1;0;0;0;0;1;1;0;0;0;1;0;0;0;1;1;0;0;0;0;0;0;0;0;0;0;0;0;0;0;0;0;0;0;0;0;0
2025;Sudeste;3;São Paulo;SP;35;Taquarituba;3553807;Sorocaba;3502;Avaré;350007;Itapetininga;11;Itapeva;41;Taquarituba;355380705;;;MUNDO MAGICO ESCOLA DE EDUCACAO ESPECIAL;35147205;4;4;1;0;MARIO COVAS;3151;;LOTEAMENTO JARDIM DOS IPES;18741000;14;37621629;-23.54231;-49.24224;1;20302;2025-02-03;2025-12-12;;;;;1;3;1;1;0;0;0;0;1;1;0;0;0;0;1;0;0;0;0;0;0;0;0;0;0;0;1;50345842000153;50345842000153;1;2;;;1;1;0;0;0;0;;0;0;0;1;1;0;0;0;0;0;1;0;0;0;1;0;0;0;0;1;0;0;0;0;1;0;0;0;0;0;1;0;1;1;1;1;0;0;0;1;0;0;0;0;0;0;1;1;0;0;0;0;0;1;0;1;0;1;0;0;1;0;0;0;1;1;0;0;0;1;0;0;1;1;0;0;1;0;0;10;0;10;10;8;0;0;1;1;1;1;0;0;0;0;1;2;1;8;0;0;0;0;1;5;1;1;1;2;1;1;1;1;1;1;1;3;1;1;3;0;3;0;1;1;2;2;1;1;0;3;0;2;0;0;0;1;0;1;0;1;1;1;1;0;1;0;0;0;0;0;0;0;0;0;;;;;0;;;;;;;1;1;1;1;0;0;0;0;0;1;1;1;0;0;0;0;0;0;0;0;0;0;1;1;0;0;1;1;0;0;0;0;0;0;0;0;0;0;0;1;1;0;0;0;0;0;0;0;0;0;0;0;0;0
2025;Sudeste;3;São Paulo;SP;35;Taquarituba;3553807;Sorocaba;3502;Avaré;350007;Itapetininga;11;Itapeva;41;Taquarituba;355380705;;;SISTEMA PARTICULAR DE ENSINO PORTAL;35159414;4;1;1;0;FRANCISCO PENNA;226;;CENTRO;18740039;14;37621119;-23.5256247;-49.2440881;1;20302;2025-02-03;2025-12-12;;;;;0;;;;;;;;;;;;;;;;;;;;1;0;0;0;0;0;0;99999999999999;99999999999999;1;2;;;1;2;0;0;0;0;;0;0;0;1;1;0;0;0;0;0;1;0;0;0;1;0;0;0;0;1;0;0;0;0;0;0;0;1;1;0;0;0;1;0;0;1;0;0;1;1;1;0;0;0;0;0;1;1;0;0;1;1;0;0;0;0;0;0;0;0;1;1;1;0;1;0;0;0;0;0;0;0;0;0;0;0;0;1;0;10;6;16;0;0;0;0;1;1;1;1;1;0;1;4;1;2;1;5;0;0;1;1;0;0;0;0;0;0;1;0;1;1;0;0;0;3;1;10;3;0;0;2;0;0;1;0;0;2;0;0;0;0;0;0;0;0;0;1;0;0;0;1;1;0;1;0;0;0;0;0;0;0;0;0;;;;;0;;;;;;;1;0;0;0;0;1;0;0;0;1;0;9;9;9;9;9;9;0;0;0;0;0;1;1;0;0;0;1;0;0;1;1;1;1;1;0;0;0;0;0;0;0;0;0;0;0;0;0;0;0;0;0;0;0
2025;Sudeste;3;São Paulo;SP;35;Taquarituba;3553807;Sorocaba;3502;Avaré;350007;Itapetininga;11;Itapeva;41;Taquarituba;355380705;;;CETA CENTRO EDUCACIONAL DE TAQUARITUBA;35159612;4;1;1;0;TREZE DE MAIO;413;;CENTRO;18740021;14;37622829;-23.5350782;-49.2431684;1;20302;2025-02-03;2025-12-10;;;;;0;;;;;;;;;;;;;;;;;;;;1;0;0;0;0;0;0;04270388000100;04270388000100;1;2;;;1;2;0;0;0;0;;0;0;0;1;1;0;0;0;0;0;1;0;0;0;1;0;0;0;0;1;0;0;0;0;0;0;0;1;0;0;0;0;1;1;1;1;0;0;0;1;1;0;0;0;0;0;1;1;1;0;1;1;0;0;0;0;0;0;0;0;1;0;1;1;1;0;0;0;0;1;0;0;0;1;0;0;0;0;0;12;0;12;12;0;5;0;1;0;1;1;0;0;0;0;0;0;0;0;0;0;1;7;0;0;1;161;0;0;1;1;1;1;0;1;0;3;1;15;3;0;0;0;0;0;0;0;3;1;0;0;5;0;0;0;0;0;0;1;0;1;0;1;1;0;1;0;0;0;0;0;0;0;0;0;;;;;0;;;;;;;1;0;1;0;0;1;0;0;0;0;0;9;9;9;9;9;9;0;0;1;1;0;1;1;0;0;0;1;0;0;1;1;1;1;1;0;0;0;0;0;0;0;0;0;0;0;0;0;0;0;0;0;0;0
2025;Sudeste;3;São Paulo;SP;35;Taquarituba;3553807;Sorocaba;3502;Avaré;350007;Itapetininga;11;Itapeva;41;Taquarituba;355380705;;;BERNADETE DE LOURDES GOMES CLAUDIO PROFA EM;35201856;3;;1;0;RUA JOEL GOMES;6;RUA;RESIDENCIAL NOVO CENTRO;18742190;14;37622848;-23.5331974;-49.2388036;1;20302;2025-02-03;2025-12-12;1;0;0;0;0;;;;;;;;;;;;;;;;;;;;;;;;;;;;;1;3;;;1;1;0;0;0;0;;0;0;0;1;1;0;0;0;0;0;1;0;0;0;1;0;0;0;0;1;0;0;0;0;1;0;0;0;1;1;1;0;1;0;1;1;1;1;1;1;0;0;0;0;1;0;1;1;1;0;1;1;0;1;0;0;0;0;0;0;1;1;1;0;1;0;0;0;0;0;0;0;0;1;0;0;0;0;1;13;0;13;0;0;0;0;1;1;1;1;0;0;1;1;1;2;1;2;0;0;1;1;0;0;0;0;1;50;1;1;1;1;0;0;1;3;1;1;4;0;0;2;0;0;0;2;1;1;0;0;2;0;0;0;0;1;0;1;0;1;0;1;0;0;1;0;1;0;0;0;0;0;0;0;;;;;0;;;;;;;1;1;1;0;1;1;0;0;0;1;0;9;9;9;9;9;9;0;0;0;0;0;1;1;0;0;0;1;0;0;0;1;1;0;0;0;0;0;0;0;0;0;0;0;0;0;0;0;0;0;0;0;0;0
2025;Sudeste;3;São Paulo;SP;35;Taquarituba;3553807;Sorocaba;3502;Avaré;350007;Itapetininga;11;Itapeva;41;Taquarituba;355380705;;;JULIETA TRINDADE EVANGELISTA PROFA EM;35217049;3;;1;0;AVENIDA CORONEL JOAO QUINTINO;513;RUA;CENTRO;18740011;14;37621029;-23.5310579;-49.2463659;1;20302;2025-02-03;2025-12-12;1;0;0;0;0;;;;;;;;;;;;;;;;;;;;;;;;;;;;;1;3;;;1;3;0;0;0;0;;0;0;0;1;1;0;0;0;0;0;1;0;0;0;1;0;0;0;0;1;0;0;0;0;0;0;1;0;1;0;0;0;1;0;0;1;0;0;0;1;1;0;0;0;0;0;1;1;1;0;1;0;1;1;0;0;0;0;0;0;1;0;1;0;1;0;0;0;0;0;0;0;0;0;0;0;0;1;0;14;0;14;0;0;0;0;1;0;0;1;0;0;0;0;1;1;1;3;0;0;0;0;0;0;1;15;1;89;1;1;1;1;0;1;0;3;1;2;6;4;0;2;0;0;0;0;0;0;0;0;2;0;0;0;0;1;1;1;0;1;1;1;1;0;1;0;0;0;0;0;0;1;0;0;;;;;0;;;;;;;1;1;1;0;1;1;0;0;0;1;1;0;0;0;0;1;0;1;0;0;0;0;1;1;0;0;0;1;1;0;0;1;1;0;0;0;0;0;0;0;0;0;0;0;0;0;1;0;0;0;0;0;0;0
2025;Sudeste;3;São Paulo;SP;35;Taquarituba;3553807;Sorocaba;3502;Avaré;350007;Itapetininga;11;Itapeva;41;Taquarituba;355380705;;;EMEI PROFESSORA FLAVIA GRASSELLI DE OLIVEIRA;35246979;3;;1;0;RUA PEDRO SIA;33;RUA;VILA SANTA RITA DE CASSIA;18741100;14;37622850;-23.5513493;-49.2416493;1;20302;2025-02-03;2025-12-12;1;0;0;0;0;;;;;;;;;;;;;;;;;;;;;;;;;;;;;1;3;;;1;1;0;0;0;0;;0;0;0;1;1;0;0;0;0;0;1;0;0;0;1;0;0;0;0;1;0;0;0;0;0;0;0;1;1;0;0;0;1;1;0;1;0;0;0;1;1;0;0;0;0;0;1;1;1;0;0;0;0;1;0;0;0;0;0;0;1;0;1;0;1;0;0;0;0;0;0;0;0;0;0;0;0;1;0;8;0;8;0;0;0;1;1;1;1;1;1;0;1;3;1;4;1;2;0;0;1;1;0;0;0;0;0;0;1;0;1;1;0;0;0;3;1;88888;2;0;0;0;0;1;0;2;1;0;0;0;0;0;0;0;0;1;1;1;0;1;0;1;1;0;1;0;0;0;0;0;0;0;0;0;;;;;0;;;;;;;1;1;0;0;1;1;0;0;0;1;0;9;9;9;9;9;9;0;0;0;0;0;1;1;0;0;0;1;0;0;1;0;0;0;0;0;0;0;0;0;0;0;0;0;0;0;0;0;0;0;0;0;0;0
2025;Sudeste;3;São Paulo;SP;35;Taquarituba;3553807;Sorocaba;3502;Avaré;350007;Itapetininga;11;Itapeva;41;Taquarituba;355380705;;;ESCOLA MUNICIPAL PROFESSORA CONSUELLO MONTEIRO GONCALVES;35246980;3;;1;0;RUA ANGELINO PINTO GONCALVES;318;RUA;CONJUNTO HABITACIONAL DONA AMELIA FIRMO DE MELO;18743110;14;37623999;-23.520905;-49.2433922;1;20302;2025-02-03;2025-12-12;1;0;0;0;0;;;;;;;;;;;;;;;;;;;;;;;;;;;;;1;3;;;1;1;0;0;0;0;;0;0;0;1;1;0;0;0;0;0;1;0;0;0;1;0;0;0;0;1;0;0;0;0;0;0;1;0;0;0;0;0;1;0;1;1;1;0;1;1;0;0;0;0;0;0;1;1;0;0;0;0;0;1;0;0;0;0;0;0;1;1;1;1;1;0;0;0;0;1;0;0;1;1;0;0;0;0;0;9;0;9;0;2;0;0;1;0;0;1;1;0;1;1;1;1;1;1;0;0;0;0;0;0;0;0;0;0;1;0;1;1;0;0;0;3;1;1;3;0;0;0;0;0;0;3;1;0;0;0;1;0;0;0;0;1;1;1;0;1;0;1;1;0;1;0;0;0;0;0;0;0;0;0;;;;;0;;;;;;;1;0;0;0;1;1;0;0;0;1;0;9;9;9;9;9;9;0;0;0;0;0;1;1;0;0;0;1;0;0;1;1;0;0;0;0;0;0;0;0;0;0;0;0;0;0;0;0;0;0;0;0;0;0
2025;Sudeste;3;São Paulo;SP;35;Taquarituba;3553807;Sorocaba;3502;Avaré;350007;Itapetininga;11;Itapeva;41;Taquarituba;355380705;;;CASA DA CRIANCA DE TAQUARITUBA ESCOLA DE EDUCACAO INFANTIL;35286485;4;4;1;0;RUA CAPITAO JOSE CESARIO DE CAMPOS;170;RUA;CENTRO;18740071;14;37621944;-23.5345287;-49.2423386;1;20302;2025-02-03;2025-12-12;;;;;1;1;1;1;0;0;0;0;1;1;0;0;0;0;;;;;;;0;0;0;0;0;0;1;99999999999999;45913456000180;1;3;;;1;1;0;0;0;1;1;0;0;0;1;1;0;0;0;0;0;1;0;0;0;1;0;0;0;0;1;0;0;0;0;1;0;0;0;1;0;0;0;1;1;0;0;0;0;0;1;0;0;0;0;0;0;1;0;0;0;0;0;0;1;0;0;0;0;0;0;1;0;1;0;1;0;0;0;0;1;0;0;0;1;0;0;0;0;0;19;0;19;19;0;0;1;1;1;1;1;0;0;1;20;1;22;1;25;0;0;0;0;1;20;0;0;0;0;1;0;1;1;0;0;0;0;1;2;9;0;0;0;0;1;2;3;3;0;1;1;1;2;0;0;0;1;1;1;0;1;1;1;1;0;1;0;1;0;0;0;0;0;0;0;;;;;0;;;;;;;1;1;0;0;0;0;0;0;1;1;1;1;0;0;0;0;0;0;1;0;0;0;1;1;0;0;0;1;0;0;1;0;0;0;0;0;0;0;0;0;0;0;0;0;0;0;0;0;0;0;0;0;0;0
2025;Sudeste;3;São Paulo;SP;35;Taquarituba;3553807;Sorocaba;3502;Avaré;350007;Itapetininga;11;Itapeva;41;Taquarituba;355380705;;;ETEC PROFESSORA TEREZINHA MONTEIRO DOS SANTOS;35290661;2;;1;0;SAO BENEDITO;484;RUA;CENTRO;18740055;14;37621401;-23.5312473;-49.2452777;1;11000;2025-02-03;2025-12-12;0;0;0;1;0;;;;;;;;;;;;;;;;;;;;;;;;;;;;;1;2;;;1;1;0;0;0;0;;1;0;0;1;1;0;0;0;0;0;1;0;0;0;1;0;0;0;0;1;0;0;0;0;0;0;0;1;1;0;0;1;1;0;1;1;0;0;1;1;1;0;0;1;1;0;1;0;0;0;0;0;0;0;0;0;0;0;0;0;1;1;1;0;1;0;0;0;0;0;1;1;0;0;0;0;0;0;0;9;3;12;0;0;0;0;1;1;1;1;0;0;1;8;1;3;1;88888;0;0;0;0;1;155;1;78;0;0;1;1;1;1;0;1;0;3;1;6;3;2;0;0;0;0;0;0;9;1;4;1;0;0;0;0;0;1;0;0;1;1;0;0;1;0;1;0;0;0;0;0;0;0;0;0;;;;;1;0;0;0;0;0;1;1;1;1;1;1;1;1;0;0;2;0;9;9;9;9;9;9;0;0;1;0;1;1;1;0;0;0;1;0;1;0;0;0;0;0;1;0;0;0;0;0;0;0;0;0;0;0;0;0;0;0;0;1;0
2025;Sudeste;3;São Paulo;SP;35;Taquarituba;3553807;Sorocaba;3502;Avaré;350007;Itapetininga;11;Itapeva;41;Taquarituba;355380705;;;VIRGINIA OTTILIA MASCARENHAS DE MORAES PROFA EM;35345507;3;;1;0;RUA MANOEL JOAQUIM MENDES;471;RUA;VILA SAO VICENTE;18743192;14;37621526;-23.5211214;-49.2415479;1;20302;2025-02-03;2025-12-12;1;0;0;0;0;;;;;;;;;;;;;;;;;;;;;;;;;;;;;1;3;;;1;1;0;0;0;0;;0;0;0;1;1;0;0;0;0;0;1;0;0;0;1;0;0;0;0;1;0;0;0;0;1;0;0;0;1;0;0;0;1;0;1;1;0;0;0;1;1;0;0;0;0;0;1;0;0;0;1;1;0;1;0;0;0;1;0;0;1;0;1;0;1;0;0;0;0;0;0;0;0;0;0;0;0;1;0;11;0;11;0;1;0;1;1;0;1;1;0;0;1;2;1;1;1;3;0;0;1;1;0;0;1;25;0;0;1;1;1;1;0;1;0;3;1;1;4;0;0;2;0;0;0;3;4;1;1;0;2;0;0;0;0;1;1;1;0;1;0;1;1;0;1;0;1;0;0;1;0;1;0;0;;;;;0;;;;;;;1;1;1;0;1;1;0;0;0;1;1;1;0;0;0;1;0;0;0;0;0;0;1;1;0;0;0;1;0;0;0;0;1;0;0;0;0;0;0;0;0;0;0;0;0;0;0;0;0;0;0;0;0;0
2025;Sudeste;3;São Paulo;SP;35;Taquarituba;3553807;Sorocaba;3502;Avaré;350007;Itapetininga;11;Itapeva;41;Taquarituba;355380705;;;AUREA LAMARCA EMEI;35414165;3;;1;0;RUA MANOEL ROBERTO;235;RUA;VILA OURO BRANCO;18743002;14;37623849;-23.5242993;-49.2411938;1;20302;2025-02-03;2025-12-12;1;0;0;0;0;;;;;;;;;;;;;;;;;;;;;;;;;;;;;1;3;;;1;1;0;0;0;0;;0;0;0;1;1;0;0;0;0;0;1;0;0;0;1;0;0;0;0;1;0;0;0;0;1;1;0;0;1;0;0;0;1;1;1;0;0;0;0;1;1;0;0;0;0;0;1;1;0;0;0;0;0;1;0;0;0;0;0;0;0;0;1;0;1;0;0;0;0;1;0;0;0;1;0;0;0;0;0;5;0;5;0;0;0;0;1;1;0;1;1;0;0;0;1;1;1;5;0;0;0;0;0;0;1;4;0;0;1;0;1;1;0;0;0;3;1;8;3;0;0;0;0;0;0;2;1;0;0;0;1;0;0;0;0;1;0;1;0;0;0;1;1;0;1;0;1;0;0;1;0;1;0;0;;;;;0;;;;;;;1;1;1;0;1;1;0;0;0;1;1;1;0;0;1;1;0;0;0;0;0;0;1;1;0;0;0;1;0;0;1;1;0;0;0;0;0;0;0;0;0;0;0;0;0;0;0;0;0;0;0;0;0;0
2025;Sudeste;3;São Paulo;SP;35;Taquarituba;3553807;Sorocaba;3502;Avaré;350007;Itapetininga;11;Itapeva;41;Taquarituba;355380705;;;JACYRA LOPES RODRIGUES PROFESSORA EMEI;35464824;3;;1;0;RUA OLIMPIO GOMES DE CAMARGO;40;RUA;LOTEAMENTO MOACIR RODRIGUES DE ALMEIDA;18741152;14;37621988;-23.5557466;-49.2402099;1;20302;2025-02-03;2025-12-12;1;0;0;0;0;;;;;;;;;;;;;;;;;;;;;;;;;;;;;1;3;;;1;1;0;0;0;0;;0;0;0;1;1;0;0;0;0;0;1;0;0;0;1;0;0;0;0;1;0;0;0;0;1;0;1;0;1;0;0;0;1;1;1;0;0;0;0;1;1;0;0;0;1;0;1;1;1;0;0;0;0;1;0;0;0;0;0;0;1;0;1;0;1;0;0;0;0;0;0;0;0;0;0;0;0;1;0;9;0;9;0;0;0;0;1;0;1;1;0;0;0;0;1;4;1;6;0;0;0;0;0;0;1;3;0;0;1;1;1;1;0;1;0;3;1;1;3;0;0;88888;0;0;0;2;1;0;0;0;1;0;0;0;0;1;1;1;0;1;0;1;1;0;1;0;1;0;0;0;0;0;0;0;;;;;0;;;;;;;0;0;0;0;1;1;0;0;0;1;0;9;9;9;9;9;9;0;0;0;0;0;1;1;0;0;0;1;0;0;1;1;0;0;0;0;0;0;0;0;0;0;0;0;0;0;0;0;0;0;0;0;0;0
2025;Sudeste;3;São Paulo;SP;35;Taquarituba;3553807;Sorocaba;3502;Avaré;350007;Itapetininga;11;Itapeva;41;Taquarituba;355380705;;;CELIA DE CASTILHOS FERREIRA PROFESSORA EM;35566937;3;;1;0;RUA SAO JOSE MARIA TOMAZI;SN;;ALEIXOS;18744526;14;998247519;-23.49213045;-49.32365168;1;20302;2025-02-03;2025-12-12;1;0;0;0;0;;;;;;;;;;;;;;;;;;;;;;;;;;;;;1;3;;;1;1;0;0;0;0;;0;0;0;1;1;0;0;0;0;0;1;0;0;0;1;0;0;0;0;1;0;0;0;0;1;0;1;0;0;0;0;0;1;1;1;1;0;0;0;1;1;0;0;0;0;0;1;1;1;0;0;0;0;1;0;0;0;1;0;0;1;0;1;0;1;0;0;0;0;0;0;0;0;1;0;0;0;0;0;8;0;8;0;0;0;1;1;1;0;1;0;0;0;0;1;3;1;2;0;0;0;0;0;0;1;17;1;20;1;0;1;1;0;0;0;3;1;0;4;0;0;4;0;0;0;3;2;2;0;0;0;0;0;0;0;1;0;1;0;0;0;1;1;0;1;0;0;0;0;0;0;0;0;0;;;;;0;;;;;;;1;0;0;0;1;1;0;0;0;1;1;1;0;0;1;1;0;0;0;0;0;0;1;1;0;0;0;1;0;0;1;1;1;0;0;0;0;0;0;0;0;0;0;0;0;0;0;0;0;0;0;0;0;0
2025;Sudeste;3;São Paulo;SP;35;Taquarituba;3553807;Sorocaba;3502;Avaré;350007;Itapetininga;11;Itapeva;41;Taquarituba;355380705;;;MARIA ESTHER DI PASCHOAL EM;35567498;3;;1;0;RUA ACACIO GOMES;877;RUA;JARDIM SANTA VIRGINIA;18741308;14;37623173;-23.547314;-49.2324395;1;20302;2025-02-03;2025-12-12;1;0;0;0;0;;;;;;;;;;;;;;;;;;;;;;;;;;;;;1;3;;;1;1;0;0;0;0;;0;0;0;1;1;0;0;0;0;0;1;0;0;0;1;0;0;0;0;1;0;0;0;0;0;0;0;1;1;0;0;0;1;1;1;0;0;0;0;1;1;0;0;0;0;0;1;0;0;0;0;0;0;1;0;0;0;0;0;0;0;0;0;0;1;0;0;0;0;1;0;0;1;1;0;0;0;0;0;9;0;9;0;3;0;0;1;0;0;1;0;0;0;0;1;2;1;4;0;0;0;0;0;0;0;0;0;0;1;0;1;1;0;0;0;3;1;1;4;0;0;1;0;0;0;0;0;0;0;0;1;0;0;0;0;1;1;1;0;1;0;1;1;0;1;0;0;0;0;1;0;0;0;0;;;;;0;;;;;;;1;0;0;0;1;1;0;0;0;1;1;0;0;0;1;1;0;0;0;0;0;0;1;1;0;0;0;1;0;0;1;1;0;0;0;0;0;0;0;0;0;0;0;0;0;0;0;0;0;0;0;0;0;0
2025;Sudeste;3;São Paulo;SP;35;Taquarituba;3553807;Sorocaba;3502;Avaré;350007;Itapetininga;11;Itapeva;41;Taquarituba;355380705;;;PENITENCIARIA DE TAQUARITUBA;35573735;2;;2;0;ESTADUAL EDUARDO SAIGH KM 326;SN;RUA;AREA RURAL DE TAQUARITUBA;18744899;14;37629220;-23.5801887;-49.2559684;1;20302;2025-02-03;2025-12-12;1;0;0;0;0;;;;;;;;;;;;;;;;;;;;;;;;;;;;;1;2;35924088;;1;1;0;1;1;0;;0;0;0;1;1;1;0;0;0;0;1;1;0;0;1;0;0;0;0;1;0;0;0;0;0;0;0;1;0;0;0;0;1;0;0;0;0;0;0;0;0;0;0;0;0;0;0;0;0;0;0;0;0;0;0;0;0;0;0;0;0;0;1;0;0;0;0;0;0;0;0;0;0;0;0;0;0;1;0;5;5;10;0;0;0;0;1;0;0;1;0;0;0;0;1;1;1;1;0;0;0;0;0;0;0;0;0;0;1;0;1;0;0;0;0;0;1;0;0;0;0;0;0;0;0;0;0;0;0;0;0;0;0;0;0;1;0;0;0;1;0;1;0;0;0;0;0;0;0;0;0;0;0;0;;;;;0;;;;;;;0;0;0;1;0;0;0;1;0;0;0;9;9;9;9;9;9;0;0;0;0;0;1;1;0;0;0;0;1;0;0;0;0;0;0;0;0;0;0;0;0;0;0;0;0;0;1;1;0;0;0;0;0;0
2025;Sudeste;3;São Paulo;SP;35;Taquarituba;3553807;Sorocaba;3502;Avaré;350007;Itapetininga;11;Itapeva;41;Taquarituba;355380705;;;DIMAS MOZART E SILVA PROFESSOR;35900424;2;;1;0;MANOEL JOAQUIM MENDES;661;ESCOLA;VILA SAO VICENTE;18743192;14;37621444;-23.5198175;-49.2399134;1;20302;2025-02-03;2025-12-12;1;0;0;0;0;;;;;;;;;;;;;;;;;;;;;;;;;;;;;1;2;;;1;1;0;0;0;0;;0;0;0;1;1;0;0;0;0;0;1;0;1;0;1;0;0;0;0;1;0;0;0;0;1;0;0;0;0;1;1;0;1;0;1;1;0;0;1;1;1;0;0;0;0;0;1;0;0;0;1;1;0;1;0;0;0;0;0;0;1;1;0;0;1;1;0;0;0;1;0;0;0;1;0;0;0;0;0;10;0;10;5;8;0;0;1;0;1;1;0;0;0;0;1;4;1;88888;0;0;1;9;1;2;1;133;1;12;1;1;1;1;0;1;0;3;1;2;2;1;0;3;0;0;0;4;7;1;0;1;2;0;0;0;0;1;1;0;1;1;1;1;0;0;1;0;1;0;0;0;0;0;0;0;;;;;0;;;;;;;1;0;0;0;1;1;1;0;0;1;0;9;9;9;9;9;9;1;0;1;1;1;1;1;0;0;0;1;0;1;0;0;0;1;1;1;0;0;0;0;0;0;0;0;0;0;0;0;0;0;0;0;0;0
2025;Sudeste;3;São Paulo;SP;35;Taquarituba;3553807;Sorocaba;3502;Avaré;350007;Itapetininga;11;Itapeva;41;Taquarituba;355380705;;;GUIDO DIAS DE ALMEIDA PROFESSOR;35910119;2;;1;0;MARIA MAGDALENA GABRIEL;115;RUA;CENTRO;18740059;14;37622481;-23.5325714;-49.2418809;1;20302;2025-02-03;2025-12-12;1;0;0;0;0;;;;;;;;;;;;;;;;;;;;;;;;;;;;;1;2;;;1;1;0;0;0;0;;0;0;0;1;1;0;0;0;0;0;1;0;0;0;1;0;0;0;0;1;0;0;0;0;0;0;0;1;1;0;0;0;1;0;0;1;1;0;1;1;1;0;0;0;0;0;1;0;0;0;1;1;0;0;0;0;0;0;0;0;1;1;0;0;1;0;0;0;0;1;0;0;1;1;0;0;0;0;0;13;0;13;0;0;0;0;1;0;0;1;0;0;0;0;0;0;1;13;0;0;0;0;0;0;1;15;1;5;1;1;1;1;0;1;1;3;1;3;3;1;0;2;0;0;0;5;1;1;0;1;2;0;0;0;0;1;1;0;1;1;0;1;1;0;1;0;0;0;0;0;0;1;0;0;;;;;0;;;;;;;1;0;1;0;1;1;1;0;0;1;1;1;0;1;1;0;0;1;0;1;1;0;1;1;0;0;0;1;0;0;0;0;0;1;1;0;0;0;0;0;0;0;0;0;0;0;0;0;0;0;0;0;0;0
2025;Sudeste;3;São Paulo;SP;35;Taquarituba;3553807;Sorocaba;3502;Avaré;350007;Itapetininga;11;Itapeva;41;Taquarituba;355380705;;;JOSE PIRES DE CARVALHO DOUTOR;35924088;2;;1;0;PEDRO SIA;190;RUA;VILA SANTA RITA DE CASSIA;18741100;14;37622844;-23.5530205;-49.2404952;1;20302;2025-02-03;2025-12-12;1;0;0;0;0;;;;;;;;;;;;;;;;;;;;;;;;;;;;;1;2;;;1;1;0;0;0;0;;0;0;0;1;1;0;0;0;0;0;1;0;0;0;1;0;0;0;0;1;0;0;0;0;0;0;0;1;1;0;0;0;1;0;0;1;0;0;0;1;1;0;0;0;0;0;1;0;0;0;1;1;1;1;0;0;0;0;0;0;1;0;1;0;1;1;0;0;0;1;0;1;1;0;0;0;0;0;0;10;0;10;0;0;0;0;1;0;0;1;1;0;0;0;1;3;1;9;0;0;0;0;1;7;1;40;1;27;1;1;1;1;1;1;0;3;1;2;3;0;0;3;0;0;0;1;2;1;0;0;1;0;0;0;0;1;1;0;1;1;0;1;1;0;1;0;0;0;0;0;0;0;0;0;;;;;0;;;;;;;1;0;0;0;1;1;1;0;0;1;1;1;1;1;1;1;0;1;1;0;0;0;1;1;0;0;0;1;0;0;0;0;0;1;0;0;0;0;0;0;0;0;0;0;0;0;0;0;0;0;0;0;0;0
2025;Sudeste;3;São Paulo;SP;35;Taubaté;3554102;São José dos Campos;3511;Taubaté - Pindamonhangaba;350050;Vale do Paraíba Paulista;13;São José dos Campos;50;Taubaté;355410205;;;ANTONIO MAGALHAES BASTOS;35014278;2;;1;0;CORONEL FRANCISCO GOMES VIEIRA;216;AVENIDA;ALTO SAO PEDRO;12082250;12;36324630;-23.0351762;-45.5479882;1;20206;2025-02-03;2025-12-12;1;0;0;0;0;;;;;;;;;;;;;;;;;;;;;;;;;;;;;1;2;;;1;1;0;0;0;0;;0;0;0;1;1;0;0;0;0;0;1;0;0;0;1;0;0;0;0;1;0;0;0;0;0;0;0;1;1;0;0;1;1;0;1;1;0;0;1;1;1;0;0;0;1;0;1;0;0;0;1;1;0;1;0;0;0;1;0;0;1;1;1;0;1;1;0;0;0;1;0;0;0;0;0;0;0;0;0;15;0;15;0;0;0;0;1;0;1;1;1;0;1;1;1;2;1;11;1;11;1;1;1;28;1;100;1;23;1;1;1;1;0;1;0;3;1;6;2;1;0;1;0;0;1;3;3;1;0;0;1;0;0;0;0;1;1;0;0;1;0;1;1;0;1;0;0;0;0;0;0;1;0;0;;;;;0;;;;;;;1;1;0;1;1;1;1;0;0;0;0;9;9;9;9;9;9;1;0;1;1;1;1;1;0;0;0;1;0;1;0;0;0;0;1;1;1;0;0;0;0;0;0;0;0;0;0;0;0;0;0;0;0;0
2025;Sudeste;3;São Paulo;SP;35;Taubaté;3554102;São José dos Campos;3511;Taubaté - Pindamonhangaba;350050;Vale do Paraíba Paulista;13;São José dos Campos;50;Taubaté;355410205;;;JOSE MARCONDES DE MATTOS DOUTOR;35039664;2;;1;0;ALBERTO GERALDO RODRIGUES;SN;RUA;PARQUE SENHOR DO BONFIM;12040440;12;36224300;-23.0328702;-45.6048307;1;20206;2025-02-03;2025-12-12;1;0;0;0;0;;;;;;;;;;;;;;;;;;;;;;;;;;;;;1;2;;;1;1;0;0;0;0;;0;0;0;1;1;0;0;0;0;0;1;0;0;0;1;0;0;0;0;1;0;0;0;0;0;0;1;0;1;0;0;0;1;0;1;1;0;0;1;1;1;0;0;1;0;0;1;0;0;0;1;1;0;1;0;0;0;0;0;0;1;1;1;0;0;1;0;0;0;1;0;1;0;1;0;0;0;0;0;11;0;11;0;0;0;0;1;0;1;1;0;0;0;0;0;0;1;10;1;10;0;0;0;0;1;111;1;30;1;1;1;1;0;1;0;0;1;6;3;1;0;0;0;0;1;2;4;1;0;0;1;0;0;0;0;1;1;0;1;1;0;1;1;1;1;0;1;0;0;0;0;0;0;0;;;;;0;;;;;;;1;0;0;0;1;1;1;0;0;1;1;1;1;0;1;1;0;1;1;1;1;1;1;1;0;0;0;1;0;1;0;0;0;0;1;1;0;0;0;0;0;0;0;0;0;0;0;0;0;0;0;0;0;0
2025;Sudeste;3;São Paulo;SP;35;Taubaté;3554102;São José dos Campos;3511;Taubaté - Pindamonhangaba;350050;Vale do Paraíba Paulista;13;São José dos Campos;50;Taubaté;355410205;;;AVEDIS VICTOR NAHAS DR EMIEF;35060215;3;;1;0;CAMINHO DOS COQUEIROS;250;ESTRADA;SAO GONCALO;12092000;12;36822223;-23.0563647;-45.5942253;1;20206;2025-02-03;2025-12-12;1;0;0;0;0;;;;;;;;;;;;;;;;;;;;;;;;;;;;;1;3;;;1;1;0;0;0;0;;0;0;0;1;1;0;0;0;0;0;1;0;0;0;1;0;0;0;0;1;0;0;0;0;1;0;0;0;1;0;0;0;1;0;1;1;1;1;1;1;1;0;0;0;1;0;1;0;1;0;1;1;1;1;1;0;0;0;0;0;1;0;1;0;1;1;0;0;0;1;0;0;0;1;0;0;0;0;0;30;0;30;0;0;0;1;1;1;0;1;0;0;1;1;1;1;1;3;0;0;1;1;1;20;0;0;0;0;1;0;1;1;0;0;0;1;1;2;6;0;0;0;0;0;0;4;1;1;0;1;2;0;0;0;0;1;1;1;1;1;1;1;1;0;1;1;1;1;0;0;0;0;0;0;;;;;0;;;;;;;1;1;0;1;1;1;1;0;0;1;0;9;9;9;9;9;9;1;1;0;0;0;1;1;0;0;0;1;0;0;0;0;1;1;0;0;0;0;0;0;0;0;0;0;0;0;0;0;0;0;0;0;0;0
2025;Sudeste;3;São Paulo;SP;35;Taubaté;3554102;São José dos Campos;3511;Taubaté - Pindamonhangaba;350050;Vale do Paraíba Paulista;13;São José dos Campos;50;Taubaté;355410205;;;SESI 411 CENTRO EDUCACIONAL;35111173;4;1;1;0;VOLUNTARIO BENEDITO SERGIO;710;RUA;CHACARA DO VISCONDE;12050470;12;21254798;-23.01576;-45.57267;1;17000;2025-02-03;2025-12-12;;;;;0;;;;;;;;;;;;;;;;;;;;0;0;0;0;0;1;0;03779133001844;03779133000104;1;2;;;1;1;0;0;0;0;;0;0;0;1;1;0;0;0;0;0;1;0;0;0;1;0;0;0;0;1;0;0;0;0;1;0;0;0;1;1;0;0;1;0;1;1;1;1;1;1;1;0;0;1;1;0;1;1;0;0;1;1;0;1;0;0;0;1;0;0;1;0;1;0;1;0;0;0;0;1;1;1;0;1;0;0;0;0;0;25;0;25;23;23;0;0;1;1;1;0;1;0;0;0;1;2;1;15;1;2;0;0;1;97;1;82;0;0;1;1;1;1;0;1;0;1;1;3;19;1;0;0;0;1;1;12;3;1;7;4;0;0;0;0;0;0;1;0;1;1;1;1;1;0;1;0;0;0;0;0;0;0;0;0;;;;;1;0;0;0;0;0;1;1;0;0;0;0;0;0;1;0;1;1;0;0;0;0;1;0;0;0;1;1;1;1;1;0;1;0;1;1;1;0;1;1;1;1;0;1;0;0;0;0;0;0;0;0;0;1;1;0;0;0;0;0;0
2025;Sudeste;3;São Paulo;SP;35;Taubaté;3554102;São José dos Campos;3511;Taubaté - Pindamonhangaba;350050;Vale do Paraíba Paulista;13;São José dos Campos;50;Taubaté;355410205;;;JOAQUIM FRANCA VEREADOR EMEFM;35229573;3;;1;0;BELMIRO DAS CHAGAS;100;LOTEAMENTO SANTA INE;PARQUE SAO CRISTOVAO;12053350;12;36313036;-23.0012283;-45.5710863;1;20206;2025-02-03;2025-12-12;1;0;0;0;0;;;;;;;;;;;;;;;;;;;;;;;;;;;;;1;3;;;1;1;0;0;0;0;;0;0;0;1;1;0;0;0;0;0;1;0;0;0;1;0;0;0;0;1;0;0;0;0;1;0;0;0;0;0;0;0;1;0;1;1;0;0;0;1;0;0;0;0;1;0;1;0;0;0;1;1;1;0;0;0;0;0;0;0;1;0;1;0;1;1;0;0;0;0;0;0;0;0;0;0;0;1;0;16;0;16;0;0;0;0;1;1;1;1;0;0;1;1;1;6;1;4;0;0;0;0;1;9;1;2;0;0;1;0;1;1;0;0;0;3;1;4;3;0;0;1;0;0;0;2;1;1;0;15;0;0;0;0;0;1;1;0;1;1;1;1;1;0;1;0;0;0;0;1;0;1;0;0;;;;;0;;;;;;;0;0;1;1;1;1;1;0;0;1;1;0;0;0;0;1;0;1;1;0;0;0;1;1;0;0;0;1;0;0;0;0;0;1;0;0;0;0;0;0;0;0;0;0;0;0;0;0;0;0;0;0;0;0
2025;Sudeste;3;São Paulo;SP;35;Taubaté;3554102;São José dos Campos;3511;Taubaté - Pindamonhangaba;350050;Vale do Paraíba Paulista;13;São José dos Campos;50;Taubaté;355410205;;;EMILIO AMADEI BERINGHS EMIEFM;35277685;3;;2;0;MUNICIPAL AMACIO MAZZAROPI;691;RUA;JARDIM MARLENE MIRANDA;12095160;12;36218144;-23.0715769;-45.543431;1;20206;2025-02-03;2025-12-12;1;0;0;0;0;;;;;;;;;;;;;;;;;;;;;;;;;;;;;1;3;;;1;1;0;0;0;0;;0;1;0;1;1;0;0;0;0;0;1;0;0;0;1;0;0;0;0;1;0;0;0;0;0;0;1;0;1;0;0;0;1;0;0;0;0;1;1;1;1;0;0;0;1;0;1;0;0;0;1;1;0;1;1;1;1;0;0;0;1;1;1;0;1;1;0;0;0;0;0;0;0;0;0;0;0;1;0;35;0;35;0;0;0;0;1;1;0;1;0;0;0;0;1;1;1;5;1;1;0;0;1;15;1;4;1;2;1;1;1;1;0;1;0;3;1;2;5;0;0;2;0;0;0;4;1;1;0;1;2;0;0;0;0;1;0;0;1;1;1;1;1;0;1;0;0;0;0;0;0;1;0;0;;;;;0;;;;;;;1;1;0;0;1;1;1;0;0;1;0;9;9;9;9;9;9;1;1;0;0;0;1;1;0;0;0;1;0;0;0;0;1;1;0;0;0;0;0;0;0;0;0;0;0;0;0;0;0;0;0;0;0;0
2025;Sudeste;3;São Paulo;SP;35;Taubaté;3554102;São José dos Campos;3511;Taubaté - Pindamonhangaba;350050;Vale do Paraíba Paulista;13;São José dos Campos;50;Taubaté;355410205;;;ANNA DOS R SIGNORINI PROFA EMIEFM;35457197;3;;1;0;AMADOR BUENO DA VEIGA;230;AVENIDA;JARDIM DOS ESTADOS;12062400;12;36212479;-23.0096359;-45.5473368;1;20206;2025-02-03;2025-12-12;1;0;0;0;0;;;;;;;;;;;;;;;;;;;;;;;;;;;;;1;3;;;1;1;0;0;0;0;;0;0;0;1;1;0;0;0;0;0;1;0;0;0;1;0;0;0;0;1;0;0;0;0;1;0;0;0;1;1;0;1;1;0;1;1;1;1;1;1;1;0;0;0;1;0;1;1;1;1;1;1;0;1;0;0;0;1;0;0;1;0;1;0;1;1;0;0;0;1;1;0;1;1;0;0;0;0;0;37;0;37;0;1;0;0;1;1;0;1;0;0;0;0;1;8;0;0;0;0;1;1;1;53;0;0;0;0;1;0;1;1;0;0;0;1;1;3;12;1;0;4;1;0;1;6;0;0;0;0;2;0;0;0;0;1;1;0;0;1;1;1;1;0;1;0;0;0;0;0;0;0;0;0;;;;;0;;;;;;;0;1;0;1;1;1;1;1;0;1;0;9;9;9;9;9;9;1;1;0;0;0;1;1;0;0;0;1;1;0;0;0;1;1;0;0;0;0;0;0;0;0;0;0;0;0;1;0;0;0;0;0;0;0
2025;Sudeste;3;São Paulo;SP;35;Taubaté;3554102;São José dos Campos;3511;Taubaté - Pindamonhangaba;350050;Vale do Paraíba Paulista;13;São José dos Campos;50;Taubaté;355410205;;;JOSE MARCONDES DE MOURA PROF EMEIEFM;35659538;3;;2;0;MUNICIPAL SETE VOLTAS;15 000;;MONJOLINHO;12010970;12;996713190;-23.0838928;-45.4317614;1;20206;2025-02-03;2025-12-12;1;0;0;0;0;;;;;;;;;;;;;;;;;;;;;;;;;;;;;1;3;;;1;1;0;0;0;0;;0;0;0;1;0;1;0;0;0;0;1;0;0;0;1;0;0;0;0;1;0;0;0;0;1;0;0;0;1;0;0;0;1;1;0;1;0;0;0;1;1;0;0;0;1;0;1;0;0;0;0;0;0;0;0;0;0;0;0;0;1;0;0;0;0;0;0;0;0;0;0;0;0;0;0;0;0;1;0;15;0;15;0;0;0;0;1;0;1;1;1;0;0;0;1;5;1;3;0;0;0;0;1;11;0;0;0;0;1;0;1;1;0;0;0;3;0;0;4;0;0;2;0;1;0;4;2;1;0;4;2;0;0;0;0;1;1;1;0;1;0;1;1;0;1;0;0;0;0;1;0;1;0;0;;;;;0;;;;;;;0;0;0;0;1;1;1;0;0;0;0;9;9;9;9;9;9;1;1;0;0;0;1;1;0;0;0;1;0;0;1;1;1;1;0;0;0;0;0;0;0;0;0;0;0;0;0;0;0;0;0;0;0;0
2025;Sudeste;3;São Paulo;SP;35;Ubatuba;3555406;São José dos Campos;3511;Caraguatatuba - Ubatuba - São Sebastião;350051;Vale do Paraíba Paulista;13;Caraguatatuba;54;Ubatuba;355540605;;;ESCOLA DE EDUCACAO INFANTIL CIRANDA DO SABER;35007656;4;1;1;0;SARGENTO EUBER QUEIROZ JUNIOR;113;;MARANDUBA;11681302;12;981342948;-23.54271767;-45.23196476;1;20208;2025-02-02;2025-12-12;;;;;0;;;;;;;;;;;;;;;;;;;;1;0;0;0;0;0;0;12326539000114;12326539000114;1;3;;;1;2;0;0;0;0;;0;0;0;1;1;0;0;0;0;0;1;0;0;0;1;0;0;0;0;1;0;0;0;0;0;0;0;1;0;0;0;0;1;0;0;0;0;1;1;0;0;0;0;0;0;0;1;0;0;0;0;0;0;0;0;0;0;0;0;0;1;0;1;0;1;0;0;0;0;0;0;0;0;0;0;0;0;1;0;3;0;3;3;0;0;0;0;0;0;0;0;1;0;0;0;0;0;0;0;0;0;0;0;0;0;0;0;0;1;0;1;0;0;0;0;0;0;0;0;0;0;0;0;0;0;0;0;0;0;0;0;0;0;0;0;0;0;1;0;0;0;1;0;0;0;0;0;0;0;0;0;0;0;0;;;;;0;;;;;;;0;0;0;0;0;0;0;1;0;1;0;9;9;9;9;9;9;0;0;0;0;0;1;1;0;0;0;1;0;0;1;1;0;0;0;0;0;0;0;0;0;0;0;0;0;0;0;0;0;0;0;0;0;0
2025;Sudeste;3;São Paulo;SP;35;Ubatuba;3555406;São José dos Campos;3511;Caraguatatuba - Ubatuba - São Sebastião;350051;Vale do Paraíba Paulista;13;Caraguatatuba;54;Ubatuba;355540605;;;QUINTAL DA ARTE;35008951;4;1;1;0;BENEDITO MANOEL DOS SANTOS;111;;MATO DENTRO;11691044;;;-23.43498819;-45.08831255;1;20208;2025-02-03;2025-12-12;;;;;0;;;;;;;;;;;;;;;;;;;;1;0;0;0;0;0;0;99999999999999;99999999999999;1;3;;;1;1;0;0;0;0;;0;0;0;1;1;0;0;0;0;0;1;0;0;0;0;1;0;1;0;1;0;0;0;0;0;0;0;1;0;0;0;0;1;1;0;0;0;0;0;0;0;0;0;0;0;0;1;0;1;0;0;0;0;1;1;0;0;0;0;0;0;0;0;0;1;0;0;0;0;0;0;0;0;0;0;0;0;1;0;2;0;2;0;0;0;0;1;0;1;1;1;0;0;0;1;1;1;1;0;0;0;0;0;0;0;0;0;0;1;0;1;1;0;0;0;2;0;1;0;0;0;0;0;0;0;0;0;0;0;0;0;0;0;0;0;0;0;1;0;0;0;1;0;0;1;0;0;0;0;0;0;0;0;0;;;;;0;;;;;;;0;0;0;0;0;0;0;0;1;0;0;9;9;9;9;9;9;0;0;0;0;0;1;1;0;0;0;1;0;0;0;1;0;0;0;0;0;0;0;0;0;0;0;0;0;0;0;0;0;0;0;0;0;0
2025;Sudeste;3;São Paulo;SP;35;Ubatuba;3555406;São José dos Campos;3511;Caraguatatuba - Ubatuba - São Sebastião;350051;Vale do Paraíba Paulista;13;Caraguatatuba;54;Ubatuba;355540605;;;FLORENTINA MARTINS SANCHEZ PROFESSORA;35011162;2;;1;0;BENEDITO HENRIQUE;340;;PEREQUE MIRIM;11686400;12;38420270;-23.48467;-45.10471;1;20208;2025-02-03;2025-12-12;1;0;0;0;0;;;;;;;;;;;;;;;;;;;;;;;;;;;;;1;2;;;1;1;0;0;0;0;;0;0;0;1;1;0;0;0;0;0;1;0;0;0;0;1;0;1;0;1;0;0;0;0;0;0;0;1;0;0;0;0;1;0;1;1;1;0;1;1;1;0;0;0;0;0;1;0;0;0;1;1;0;0;0;0;0;0;0;0;1;1;1;0;0;1;0;0;0;0;0;1;1;1;0;0;0;0;0;13;0;13;0;0;0;0;1;0;1;1;0;0;1;1;1;4;1;11;1;1;0;0;0;0;1;79;1;39;1;1;1;1;0;1;1;3;1;4;1;1;0;4;0;0;0;2;0;1;0;0;1;0;0;0;0;1;1;0;1;1;1;1;1;0;1;0;1;0;0;1;0;1;0;0;;;;;0;;;;;;;1;1;0;0;1;1;1;1;0;1;0;9;9;9;9;9;9;1;0;1;1;0;1;1;0;0;0;1;0;0;0;0;0;1;1;0;0;0;0;0;0;0;0;0;0;0;0;0;0;0;0;0;0;0
2025;Sudeste;3;São Paulo;SP;35;Ubatuba;3555406;São José dos Campos;3511;Caraguatatuba - Ubatuba - São Sebastião;350051;Vale do Paraíba Paulista;13;Caraguatatuba;54;Ubatuba;355540605;;;SEMIRAMIS PRADO DE OLIVEIRA PROFESSORA;35011186;2;;1;0;GUILHERME CHRISPIM MENEZES;60;;SACO DA RIBEIRA;11685726;12;38421282;-23.50493;-45.12739;1;20208;2025-02-03;2025-12-12;1;0;0;0;0;;;;;;;;;;;;;;;;;;;;;;;;;;;;;1;2;;;1;1;0;0;0;0;;0;0;0;1;1;0;0;0;0;0;1;0;0;0;0;1;0;1;0;1;0;0;1;0;0;0;0;1;0;0;0;0;1;0;1;1;0;0;1;1;1;0;0;0;0;0;0;0;0;0;1;1;0;1;0;0;0;0;0;0;1;1;1;0;1;1;0;0;0;0;0;0;0;1;0;0;0;0;0;9;0;9;0;1;0;0;1;0;1;1;1;0;0;0;1;2;1;12;0;0;1;1;1;10;1;46;1;20;1;1;1;1;0;1;0;3;1;0;2;0;0;2;0;0;0;2;1;0;0;0;3;0;0;0;0;1;1;0;0;1;0;1;0;0;1;0;0;0;0;0;0;0;0;0;;;;;0;;;;;;;1;0;0;0;1;1;1;0;0;1;0;9;9;9;9;9;9;1;1;1;1;1;1;1;0;0;0;1;0;1;0;0;0;1;1;1;0;0;0;0;0;0;0;0;0;0;0;0;0;0;0;0;0;0
2025;Sudeste;3;São Paulo;SP;35;Ubatuba;3555406;São José dos Campos;3511;Caraguatatuba - Ubatuba - São Sebastião;350051;Vale do Paraíba Paulista;13;Caraguatatuba;54;Ubatuba;355540605;;;AUREA MOREIRA RACHOU PROFESSORA;35011198;2;;1;0;PADRE JOAO BAYLE;1763;;SERTAO DO MEIO;11681758;12;38498259;-23.52986419;-45.24342426;1;20208;2025-02-03;2025-12-12;1;0;0;0;0;;;;;;;;;;;;;;;;;;;;;;;;;;;;;1;2;;;1;1;0;0;0;0;;0;0;0;1;1;0;0;0;0;0;1;0;0;0;0;1;0;1;0;1;0;0;0;0;0;0;0;1;1;0;0;0;1;0;1;1;0;0;1;1;1;0;0;0;0;0;1;0;0;0;1;1;0;0;0;0;0;0;0;0;1;1;1;0;1;1;0;0;0;0;0;0;0;0;0;0;0;1;0;11;0;11;0;0;0;0;1;0;0;1;0;0;0;0;0;0;1;11;0;0;0;0;0;0;1;50;1;90;1;1;1;1;0;0;1;3;1;3;3;3;0;2;0;1;0;3;1;1;0;0;3;0;0;0;0;1;1;0;0;0;0;0;0;0;1;0;0;0;0;0;0;0;0;0;;;;;0;;;;;;;1;1;1;0;1;1;1;0;0;0;1;1;0;0;0;1;0;1;0;1;1;1;1;1;0;0;0;1;0;1;0;0;0;1;1;1;0;0;0;0;0;0;0;0;0;0;0;0;0;0;0;0;0;0
2025;Sudeste;3;São Paulo;SP;35;Ubatuba;3555406;São José dos Campos;3511;Caraguatatuba - Ubatuba - São Sebastião;350051;Vale do Paraíba Paulista;13;Caraguatatuba;54;Ubatuba;355540605;;;DEOLINDO DE OLIVEIRA SANTOS CAPITAO;35011216;2;;1;0;CONCEICAO;844;;CENTRO;11690165;12;38321484;-23.43449507;-45.0779397;1;20208;2025-02-03;2025-12-12;1;0;0;0;0;;;;;;;;;;;;;;;;;;;;;;;;;;;;;1;2;;;1;1;0;0;0;0;;0;0;0;1;1;0;0;0;0;0;1;0;0;0;1;0;0;0;0;1;0;0;0;0;0;0;0;1;0;0;0;1;1;0;0;1;0;0;1;1;1;0;0;0;1;0;1;1;0;0;1;1;1;1;0;0;0;0;0;0;1;1;1;0;1;1;0;0;0;0;0;0;0;0;0;0;0;1;0;17;0;17;0;0;0;0;1;0;1;1;1;0;1;1;0;0;1;20;1;1;0;0;1;16;1;146;1;90;1;1;1;1;0;9;9;3;1;6;2;1;0;4;0;0;0;2;0;1;0;0;3;0;0;0;0;1;1;0;1;1;0;1;0;0;1;0;0;0;0;0;0;0;0;0;;;;;0;;;;;;;1;0;0;0;1;1;1;0;0;0;0;9;9;9;9;9;9;1;1;1;1;1;1;1;0;0;0;1;0;1;0;0;0;0;1;1;0;0;0;0;0;0;0;0;0;0;0;0;0;0;0;0;0;0
2025;Sudeste;3;São Paulo;SP;35;Ubatuba;3555406;São José dos Campos;3511;Caraguatatuba - Ubatuba - São Sebastião;350051;Vale do Paraíba Paulista;13;Caraguatatuba;54;Ubatuba;355540605;;;SUELI APARECIDA FIGUEIRA DOS SANTOS PROFESSORA;35038751;2;;1;0;RUTH MARQUES DO VALLE;77;;ESTUFA I;11689216;12;38321599;-23.45198;-45.07354;1;20208;2025-02-03;2025-12-12;1;0;0;0;0;;;;;;;;;;;;;;;;;;;;;;;;;;;;;1;2;;;1;1;0;0;0;0;;0;0;0;1;1;0;0;0;0;0;1;0;0;0;1;0;0;0;0;1;0;0;0;0;0;0;0;1;1;0;0;0;1;0;1;1;0;0;1;1;1;0;0;0;0;0;1;0;0;0;1;1;0;1;0;0;0;0;0;0;1;1;1;0;1;0;0;0;0;0;0;0;0;0;0;0;0;1;0;8;0;8;0;0;0;0;1;1;1;1;1;0;0;0;1;4;1;88888;0;0;1;2;0;0;1;108;1;36;1;1;1;1;0;1;1;3;1;2;3;0;0;4;0;1;0;2;2;1;0;0;1;0;0;0;0;1;0;0;1;1;1;1;1;0;1;0;0;0;0;0;0;0;0;0;;;;;0;;;;;;;1;0;1;0;1;1;1;0;0;0;0;9;9;9;9;9;9;1;0;1;1;0;1;1;0;0;0;1;0;0;0;0;0;1;1;0;0;0;0;0;0;0;0;0;0;0;0;0;0;0;0;0;0;0
2025;Sudeste;3;São Paulo;SP;35;Ubatuba;3555406;São José dos Campos;3511;Caraguatatuba - Ubatuba - São Sebastião;350051;Vale do Paraíba Paulista;13;Caraguatatuba;54;Ubatuba;355540605;;;DIONISIA BUENO VELLOSO PROFESSORA;35038763;2;;1;0;IMACULADA CONCEICAO;405;;PEREQUE ACU;11695316;12;38321597;-23.41614;-45.06269;1;20208;2025-02-03;2025-12-12;1;0;0;0;0;;;;;;;;;;;;;;;;;;;;;;;;;;;;;1;2;;;1;1;0;0;0;0;;0;0;0;1;1;0;0;0;0;0;1;0;0;0;0;1;0;1;0;1;0;0;0;0;0;0;0;1;1;1;1;0;1;0;1;1;0;0;0;1;1;0;0;0;0;0;1;1;0;0;1;0;1;0;0;0;0;0;0;0;1;0;1;0;1;1;0;0;0;0;0;0;0;0;0;0;0;1;0;12;0;12;0;0;0;0;1;0;1;0;1;0;0;0;1;15;1;11;0;0;0;0;0;0;1;105;1;57;1;1;1;1;0;1;0;3;1;6;2;0;0;2;0;0;0;2;0;0;1;0;2;0;0;0;0;1;1;0;1;1;0;1;1;1;1;0;0;0;0;1;0;1;0;0;;;;;0;;;;;;;1;1;0;0;1;1;1;0;0;1;1;1;0;1;1;1;0;1;1;1;1;1;1;1;0;0;0;1;0;1;0;0;0;1;1;1;0;0;0;0;0;0;0;0;0;0;0;0;0;0;0;0;0;0
2025;Sudeste;3;São Paulo;SP;35;Ubatuba;3555406;São José dos Campos;3511;Caraguatatuba - Ubatuba - São Sebastião;350051;Vale do Paraíba Paulista;13;Caraguatatuba;54;Ubatuba;355540605;;;IDALINA DO AMARAL GRACA;35045123;2;;1;0;DA CASCATA;400;;IPIRANGUINHA;11693056;12;38324719;-23.4295239;-45.1122859;1;20208;2025-02-03;2025-12-12;1;0;0;0;0;;;;;;;;;;;;;;;;;;;;;;;;;;;;;1;2;;;1;1;0;0;0;0;;0;0;0;1;1;0;0;0;0;0;1;0;0;0;1;0;0;0;0;1;0;0;0;0;0;0;0;1;1;0;0;0;1;0;1;1;0;0;1;1;1;0;0;1;1;0;1;1;0;0;1;1;0;1;0;0;0;0;0;0;1;1;1;0;1;1;0;0;0;1;0;0;0;1;0;0;0;0;0;15;0;15;0;3;0;0;1;0;0;1;0;0;0;0;0;0;1;16;0;0;0;0;1;22;1;239;1;91;1;1;1;1;0;1;0;3;1;7;4;1;0;0;0;0;0;4;5;0;1;0;2;0;0;0;0;1;1;0;1;1;0;1;1;0;1;0;1;0;0;0;0;0;0;0;;;;;0;;;;;;;1;1;0;0;1;1;1;0;0;1;0;9;9;9;9;9;9;1;0;1;1;1;1;1;0;0;0;1;0;1;0;0;0;1;1;1;0;0;0;0;0;0;0;0;0;0;0;0;0;0;0;0;0;0
2025;Sudeste;3;São Paulo;SP;35;Ubatuba;3555406;São José dos Campos;3511;Caraguatatuba - Ubatuba - São Sebastião;350051;Vale do Paraíba Paulista;13;Caraguatatuba;54;Ubatuba;355540605;;;MARIA ALICE ALVES PEREIRA;35046747;2;;1;0;ANA MARIA DE ALMEIDA;32;;MARAFUNDA;11692132;12;38327090;-23.43861;-45.1032;1;20208;2025-02-03;2025-12-12;1;0;0;0;0;;;;;;;;;;;;;;;;;;;;;;;;;;;;;1;2;;;1;3;0;0;0;0;;0;0;0;1;1;0;0;0;0;0;1;0;0;0;0;1;0;1;0;1;0;0;0;0;0;0;0;1;1;0;0;0;1;0;1;0;0;0;1;1;1;0;0;0;1;0;1;1;0;0;1;0;1;0;0;0;0;0;0;0;1;1;1;0;1;1;0;0;0;0;0;0;0;0;0;0;0;1;0;10;0;10;0;0;0;0;1;0;1;1;1;0;1;3;1;2;1;88888;0;0;1;1;0;0;1;138;1;93;1;1;1;1;0;1;0;0;1;6;2;0;0;2;0;0;0;5;0;1;0;0;2;0;0;0;0;1;1;0;1;1;1;1;1;0;1;0;0;0;0;0;0;0;0;0;;;;;0;;;;;;;1;1;0;0;1;1;1;0;0;1;0;9;9;9;9;9;9;1;1;1;1;1;1;1;0;0;0;1;0;1;0;0;0;1;1;1;0;0;0;0;0;0;0;0;0;0;0;0;0;0;0;0;0;0
2025;Sudeste;3;São Paulo;SP;35;Ubatuba;3555406;São José dos Campos;3511;Caraguatatuba - Ubatuba - São Sebastião;350051;Vale do Paraíba Paulista;13;Caraguatatuba;54;Ubatuba;355540605;;;AURELINA FERREIRA PROFESSORA;35047824;2;;1;0;AMERICA;200;;ESTUFA II;11689396;12;38321065;-23.45254;-45.07901;1;20208;2025-02-03;2025-12-12;1;0;0;0;0;;;;;;;;;;;;;;;;;;;;;;;;;;;;;1;2;;;1;1;0;0;0;0;;0;0;0;1;1;0;0;0;0;0;1;0;0;0;0;1;0;1;0;1;0;0;0;0;0;0;0;1;1;0;0;0;1;0;1;1;1;0;1;1;1;0;0;1;1;0;1;1;0;0;1;1;1;1;0;0;0;0;0;0;1;1;1;0;1;1;0;0;0;0;0;0;0;1;0;0;0;0;0;16;0;16;0;0;0;0;1;0;0;1;1;0;0;0;0;0;1;16;0;0;0;0;0;0;1;200;1;91;1;1;1;1;0;1;0;3;1;8;4;1;0;2;0;0;0;3;3;1;0;0;3;0;0;0;0;1;1;0;1;1;0;1;0;0;1;0;0;0;0;0;0;0;0;0;;;;;0;;;;;;;1;0;0;0;1;1;1;0;0;0;0;9;9;9;9;9;9;1;0;1;1;1;1;1;0;0;0;1;0;1;0;0;0;1;1;1;0;0;0;0;0;0;0;0;0;0;0;0;0;0;0;0;0;0
2025;Sudeste;3;São Paulo;SP;35;Ubatuba;3555406;São José dos Campos;3511;Caraguatatuba - Ubatuba - São Sebastião;350051;Vale do Paraíba Paulista;13;Caraguatatuba;54;Ubatuba;355540605;;;JOSE BELARMINO SOBRINHO EM;35201820;3;;1;0;MARCO ANTONIO DE SOUZA;S/N;RUA;PRAIA DO PURUBA;11697820;12;38451003;-23.34753;-44.94043;1;20208;2025-02-03;2025-12-12;1;0;0;0;0;;;;;;;;;;;;;;;;;;;;;;;;;;;;;1;3;;;1;1;0;0;0;0;;0;0;0;1;0;0;0;1;0;0;1;0;0;0;0;1;0;1;0;1;0;0;0;0;0;0;0;1;1;1;1;0;1;1;1;1;0;1;1;1;1;0;0;0;1;0;1;0;0;0;1;0;1;1;1;0;0;0;0;0;1;0;1;0;1;1;0;0;0;0;1;0;0;0;0;0;0;0;0;14;0;14;0;0;0;0;1;0;0;1;0;0;0;0;0;0;1;12;0;0;1;2;0;0;0;0;1;34;1;1;1;1;0;1;0;2;1;0;4;0;0;1;0;1;0;3;1;1;2;1;1;0;0;0;0;1;0;1;1;1;0;1;0;0;1;0;0;0;0;0;0;0;0;0;;;;;0;;;;;;;1;1;0;0;1;1;0;0;0;1;1;0;0;0;0;1;0;1;0;0;0;0;1;1;0;0;0;1;0;0;0;1;1;1;0;0;0;0;0;0;0;0;0;0;0;0;0;0;0;0;0;0;0;0
2025;Sul;4;Paraná;PR;41;Curitiba;4106902;Curitiba;4101;Curitiba;410001;Metropolitana de Curitiba;10;Curitiba;37;Curitiba;410690205;;;ALBERT SCHWEITZER E MEF;41127013;3;;1;0;RUA DECIO BARRETO;153;;CIDADE INDUSTRIAL;81305490;;;-25.50381406;-49.32376917;1;00009;2025-02-12;2025-12-18;1;0;0;0;0;;;;;;;;;;;;;;;;;;;;;;;;;;;;;1;3;;;1;1;0;0;0;0;;0;0;0;1;1;0;0;0;0;0;1;0;0;0;1;0;0;0;0;1;0;0;0;0;1;0;0;0;1;1;0;1;1;0;1;1;0;1;1;1;1;0;0;1;1;0;1;1;1;0;1;1;0;1;1;0;0;0;0;0;1;0;1;0;1;0;0;1;0;1;0;0;1;1;0;0;0;0;0;15;0;15;8;15;6;0;1;0;1;1;0;0;0;0;1;1;1;15;1;1;1;10;1;18;1;25;1;9;1;1;1;1;0;1;0;3;0;0;8;2;0;0;0;0;0;2;4;1;0;0;2;0;0;0;0;1;0;0;0;1;0;1;1;0;1;0;1;0;0;0;0;0;0;0;;;;;0;;;;;;;1;1;1;0;1;1;1;1;0;1;1;1;0;0;1;1;0;0;1;0;0;0;1;1;0;0;0;1;0;0;0;0;1;1;0;0;0;0;0;0;0;0;0;0;0;0;0;0;0;0;0;0;0;0
2025;Sul;4;Paraná;PR;41;Curitiba;4106902;Curitiba;4101;Curitiba;410001;Metropolitana de Curitiba;10;Curitiba;37;Curitiba;410690205;;;ALCYONE M C VELLOZO C E PROFEF M PROFI;41127021;2;;1;0;AV GOVERNADOR CARLOS LACERDA SN;;;CIC;81170460;41;33273540;-25.51281051;-49.3243466;1;00009;2025-02-05;2025-12-19;1;0;0;0;0;;;;;;;;;;;;;;;;;;;;;;;;;;;;;1;2;;;1;1;0;0;0;0;;0;0;0;1;1;0;0;0;0;0;1;0;0;0;1;0;0;0;0;1;0;0;0;0;1;0;0;0;0;1;0;0;1;0;0;1;0;1;1;1;1;0;0;1;1;0;0;1;0;0;1;1;1;0;0;0;0;0;0;0;1;0;1;0;1;1;0;0;0;1;0;0;1;1;0;0;0;0;0;16;0;16;0;0;0;0;1;0;1;1;0;0;0;0;1;1;1;16;1;1;1;3;1;40;1;37;1;46;1;1;1;1;0;1;0;3;1;4;11;1;0;0;0;0;0;6;5;1;0;0;1;0;0;0;0;1;1;0;1;1;1;1;0;0;1;0;0;0;0;0;0;1;0;0;;;;;0;;;;;;;0;0;0;0;1;1;1;0;0;1;1;1;1;0;1;0;0;1;1;1;1;1;1;1;0;0;0;1;1;1;0;0;0;1;1;1;0;0;0;0;0;0;0;0;0;0;1;1;0;0;0;0;0;0
2025;Sul;4;Paraná;PR;41;Curitiba;4106902;Curitiba;4101;Curitiba;410001;Metropolitana de Curitiba;10;Curitiba;37;Curitiba;410690205;;;ANGELO TREVISAN C EEF M PROFIS;41127200;2;;1;0;CARLOS RAZERA;445;;VISTA ALEGRE;80810310;41;33366335;-25.41502979;-49.31625803;1;00009;2025-02-05;2025-12-19;1;0;0;0;0;;;;;;;;;;;;;;;;;;;;;;;;;;;;;1;2;;;1;1;0;0;0;0;;0;0;0;1;1;0;0;0;0;0;1;0;0;0;1;0;0;0;0;1;0;0;0;0;1;0;1;0;1;1;0;0;1;0;1;1;0;1;1;1;1;0;0;1;1;0;1;1;0;0;1;1;0;1;0;0;0;0;0;0;1;0;1;0;1;1;0;0;0;1;0;0;1;0;1;0;0;0;0;12;0;12;0;6;0;0;1;1;1;1;1;0;0;0;1;3;1;12;1;1;1;12;1;22;1;64;1;40;1;1;1;1;0;1;1;3;1;5;7;0;14;0;0;0;0;4;4;1;0;0;1;0;0;0;0;1;1;0;1;1;0;1;0;0;1;0;1;0;0;0;0;1;0;0;;;;;0;;;;;;;1;0;0;0;1;1;1;0;0;1;1;0;0;0;1;0;0;1;1;1;1;1;1;1;0;0;0;1;0;1;0;0;0;1;1;1;0;0;0;0;0;0;0;0;0;0;0;0;0;0;0;0;0;0
2025;Sul;4;Paraná;PR;41;Curitiba;4106902;Curitiba;4101;Curitiba;410001;Metropolitana de Curitiba;10;Curitiba;37;Curitiba;410690205;;;ANGELO VOLPATO C EEF M;41127218;2;;1;0;RUA JOAO VALLE;23;;SANTA FELICIDADE;82030210;41;32972857;-25.397552;-49.31867251;1;00009;2025-02-05;2025-12-19;1;0;0;0;0;;;;;;;;;;;;;;;;;;;;;;;;;;;;;1;2;;;1;1;0;0;0;0;;0;0;0;1;1;0;0;0;0;0;1;0;0;0;1;0;0;0;0;1;0;0;0;0;1;0;0;0;1;1;0;1;1;0;1;1;0;1;1;1;1;0;0;1;1;0;1;1;0;0;1;0;1;1;1;0;0;0;0;0;1;0;1;0;1;0;0;0;0;0;0;0;1;1;0;1;1;0;0;13;0;13;0;11;0;1;1;1;1;1;1;0;1;12;1;5;1;13;1;1;1;2;1;23;1;24;1;18;1;1;1;1;0;1;1;3;1;3;6;1;0;4;0;0;0;3;3;1;0;0;1;0;0;0;0;1;1;0;1;1;0;1;0;0;1;0;0;0;0;0;0;0;0;0;;;;;0;;;;;;;0;0;0;0;1;1;1;0;0;1;1;0;0;0;1;1;0;1;0;1;1;0;1;1;0;0;0;1;0;0;0;0;0;1;1;0;0;0;0;0;0;0;0;0;0;0;0;0;0;0;0;0;0;0
2025;Sul;4;Paraná;PR;41;Curitiba;4106902;Curitiba;4101;Curitiba;410001;Metropolitana de Curitiba;10;Curitiba;37;Curitiba;410690205;;;ATTICO EUSEBIO DA ROCHA C E DEF M PROF;41127382;2;;1;0;PRESIDENTE WENCESLAU BRAZ;2779;;LINDOIA;81010001;41;32462896;-25.47715859;-49.28166314;1;00009;2025-02-05;2025-12-19;1;0;0;0;0;;;;;;;;;;;;;;;;;;;;;;;;;;;;;1;2;;;1;1;0;0;0;0;;0;0;0;1;1;0;0;0;0;0;1;0;0;0;1;0;0;0;0;1;0;0;0;0;1;0;0;0;0;0;0;0;1;0;1;1;0;1;1;1;1;0;0;0;1;0;1;0;0;0;1;0;1;0;0;0;0;0;0;0;1;0;1;0;1;1;0;0;0;1;0;1;1;1;0;0;0;0;0;15;0;15;0;5;0;0;1;1;1;1;1;0;0;0;0;0;1;15;0;0;1;6;1;25;1;31;1;31;1;1;1;1;1;1;1;3;1;4;8;0;0;0;0;0;0;3;5;1;0;2;2;0;0;0;0;1;1;0;0;0;0;1;1;0;1;0;0;0;0;0;0;0;0;0;;;;;0;;;;;;;1;0;1;0;1;1;1;0;0;1;1;0;0;1;1;1;0;0;1;1;1;1;1;1;0;0;0;1;1;1;0;0;0;1;1;1;0;0;0;0;0;0;0;0;0;0;1;1;0;0;0;0;0;0
2025;Sul;4;Paraná;PR;41;Curitiba;4106902;Curitiba;4101;Curitiba;410001;Metropolitana de Curitiba;10;Curitiba;37;Curitiba;410690205;;;COLEGIO BOM JESUS ED INFANTIL ENSINO FUNDAMENTAL E MEDIO SEDE;41127722;4;1;1;0;RUA 24 DE MAIO;135;ESCOLA;CENTRO;80230080;41;21054134;-25.43786945;-49.27350823;1;00009;2025-02-10;2025-12-12;;;;;0;;;;;;;;;;;;;;;;;;;;0;0;0;0;1;0;1;76497338000162;76497338000162;1;2;;;1;1;0;0;0;0;;0;0;0;1;1;0;0;0;0;0;1;0;0;0;1;0;0;0;0;1;0;0;0;0;1;0;1;0;0;1;0;1;1;1;1;1;1;1;1;1;0;0;0;1;1;0;1;1;1;0;1;1;0;0;1;0;1;0;0;0;1;1;1;0;0;0;0;0;0;1;1;1;1;1;0;1;1;0;0;94;0;94;46;94;1;0;1;1;1;1;1;0;0;0;1;13;1;14;0;0;1;116;1;659;1;146;0;0;1;1;1;1;0;1;0;3;1;20;4;2;20;2;1;0;2;0;5;0;2;48;0;0;0;0;0;0;1;0;1;1;0;1;1;0;1;0;0;0;0;0;0;0;0;0;;;;;0;;;;;;;1;0;0;0;0;0;0;0;1;0;1;1;1;0;0;1;0;0;0;1;1;0;1;1;0;0;0;1;0;0;0;0;1;1;1;0;0;0;0;0;0;0;0;0;0;0;0;0;0;0;0;0;0;0
2025;Sul;4;Paraná;PR;41;Curitiba;4106902;Curitiba;4101;Curitiba;410001;Metropolitana de Curitiba;10;Curitiba;37;Curitiba;410690205;;;CARRAO C E CONSEF M;41128052;2;;1;0;RUA DR SIMAO KOSSOBUDSKI;151;;UBERABA;81580250;41;32866126;-25.4973661;-49.21850351;1;00009;2025-02-05;2025-12-19;1;0;0;0;0;;;;;;;;;;;;;;;;;;;;;;;;;;;;;1;2;;;1;1;0;0;0;0;;0;0;0;1;1;0;0;0;0;0;1;0;0;0;1;0;0;0;0;1;0;0;0;0;1;0;1;0;0;0;1;0;1;0;1;1;0;1;1;1;1;0;0;1;1;0;1;1;0;0;1;1;1;1;1;0;0;0;0;0;1;0;1;0;1;0;0;0;0;1;0;0;1;1;1;0;1;0;0;15;0;15;0;0;0;0;1;1;1;1;1;0;0;0;0;0;1;17;1;1;1;3;1;12;1;40;1;27;1;1;1;1;0;1;0;2;0;4;11;1;0;4;0;0;0;4;7;1;0;0;1;1;0;0;0;1;1;0;0;0;0;1;0;0;1;0;0;0;0;0;0;1;0;0;;;;;0;;;;;;;1;1;0;0;1;1;1;0;0;1;1;0;0;0;0;0;1;1;1;1;1;0;1;1;0;0;0;1;1;1;0;0;0;1;1;1;0;0;0;0;0;0;0;0;0;0;1;1;0;0;0;0;0;0
2025;Sul;4;Paraná;PR;41;Curitiba;4106902;Curitiba;4101;Curitiba;410001;Metropolitana de Curitiba;10;Curitiba;37;Curitiba;410690205;;;COLEGIO MILITAR DE CURITIBA;41131215;1;;1;0;CONSELHEIRO TOMAS COELHO;01;;TARUMA;82800030;41;995646269;-25.42729;-49.22669;1;;2025-02-03;2025-11-28;1;0;0;0;0;;;;;;;;;;;;;;;;;;;;;;;;;;;;;1;6;;;1;1;0;0;0;0;;0;0;0;1;1;0;0;0;0;0;1;0;0;0;1;0;0;0;0;1;0;0;0;0;1;0;0;0;1;1;0;1;1;0;1;1;1;1;1;1;1;0;0;1;1;0;1;1;0;1;1;1;1;1;1;1;1;1;0;0;1;1;1;0;1;1;0;1;0;1;1;1;1;1;0;1;0;0;0;33;0;33;0;33;0;0;1;1;1;1;1;0;0;0;1;4;1;11;1;1;1;88888;1;124;1;82;0;0;1;1;1;1;0;1;0;3;1;7;0;2;2;3;0;1;4;22;7;1;22;10;1;0;0;0;0;1;1;0;1;1;1;1;1;0;1;0;0;0;0;0;0;1;0;0;;;;;1;1;1;1;1;0;0;1;0;1;0;1;0;0;0;0;1;1;0;0;0;1;1;0;0;0;1;1;1;1;1;0;0;0;1;0;1;0;0;0;1;1;0;1;0;0;0;0;0;0;0;0;0;0;0;0;0;0;0;0;0
2025;Sul;4;Rio Grande do Sul;RS;43;Santa Cruz do Sul;4316808;Santa Cruz do Sul - Lajeado;4308;Santa Cruz do Sul;430040;Centro Oriental Rio-grandense;4;Santa Cruz do Sul;20;Santa Cruz do Sul;431680805;;;EEI PARAISO;43001807;4;1;1;0;FERNANDO ABOTT;1266;;SENAI;96845858;51;;-29.72035417;-52.43774735;1;00006;2025-02-17;2025-12-18;;;;;0;;;;;;;;;;;;;;;;;;;;1;0;0;0;0;0;0;91740811000184;91740811000184;1;3;;;1;2;0;0;0;0;;0;0;0;1;1;0;0;0;0;0;1;0;0;0;1;0;0;0;0;1;0;0;0;0;1;0;0;0;0;1;0;0;1;1;1;1;1;0;0;1;1;0;0;0;0;0;1;1;1;0;0;0;0;0;1;0;0;0;0;0;1;0;0;0;0;0;0;0;0;0;0;0;0;1;0;0;0;0;0;5;0;5;5;1;4;0;1;0;0;1;0;0;0;0;1;2;0;0;0;0;1;1;0;0;1;1;0;0;1;0;1;1;0;0;0;0;1;0;1;0;0;0;0;1;1;1;1;0;0;0;1;0;0;0;0;1;1;1;0;1;0;1;1;0;1;0;1;0;0;1;0;0;0;0;;;;;0;;;;;;;1;1;0;0;0;0;0;0;1;0;1;0;0;0;1;1;0;0;0;0;0;0;1;1;0;0;0;1;0;0;1;1;0;0;0;0;0;0;0;0;0;0;0;0;0;0;0;0;0;0;0;0;0;0
2025;Sul;4;Rio Grande do Sul;RS;43;Santa Cruz do Sul;4316808;Santa Cruz do Sul - Lajeado;4308;Santa Cruz do Sul;430040;Centro Oriental Rio-grandense;4;Santa Cruz do Sul;20;Santa Cruz do Sul;431680805;;;ESC EST ENS MED ERNESTO ALVES DE OLIVEIRA;43119956;2;;1;0;SERGIPE;145;;CENTRO;96810220;51;37113845;-29.71075;-52.43375;1;00006;2025-02-13;2025-12-17;1;0;0;0;0;;;;;;;;;;;;;;;;;;;;;;;;;;;;;1;2;;;1;1;0;0;0;0;;0;0;0;1;1;0;0;0;0;0;1;0;0;0;1;0;0;0;0;1;0;0;0;0;1;0;0;0;1;1;0;1;1;0;1;1;0;1;1;1;1;0;0;1;0;0;0;1;1;0;1;1;1;1;1;0;0;0;0;0;1;0;1;0;1;1;0;0;0;1;0;0;1;1;0;0;0;0;0;19;0;19;19;0;0;0;1;1;1;1;1;0;0;0;1;5;1;9;1;1;1;21;1;4;1;285;0;0;1;1;1;1;0;1;0;3;1;0;6;2;0;0;0;0;0;4;9;3;0;3;5;0;0;0;0;1;1;0;1;1;0;1;1;0;1;0;0;0;0;0;0;0;0;0;;;;;0;;;;;;;1;1;1;0;1;1;1;0;0;1;1;1;0;0;0;1;0;1;0;1;1;0;1;1;0;0;0;1;0;0;0;0;1;1;1;0;0;0;0;0;0;0;0;0;0;0;0;0;0;0;0;0;0;0
2025;Sul;4;Rio Grande do Sul;RS;43;Santa Cruz do Sul;4316808;Santa Cruz do Sul - Lajeado;4308;Santa Cruz do Sul;430040;Centro Oriental Rio-grandense;4;Santa Cruz do Sul;20;Santa Cruz do Sul;431680805;;;EMEF DONA LEOPOLDINA;43120318;3;;1;0;ESTRADA LINHA JOAO ALVES;1050;;JOAO ALVES;96820991;51;37049180;-29.71603011;-52.39026647;1;00006;2025-02-20;2025-12-18;1;0;0;0;0;;;;;;;;;;;;;;;;;;;;;;;;;;;;;1;3;;;1;1;0;0;0;0;;0;0;0;1;1;0;0;0;0;0;1;0;1;0;1;1;0;1;0;1;0;0;1;0;1;0;1;0;1;0;1;0;1;1;1;1;0;0;1;1;1;0;0;0;1;0;0;1;0;0;1;1;0;1;0;0;0;0;0;0;1;1;1;0;1;1;0;0;0;1;0;0;0;1;0;0;0;0;0;9;0;9;9;0;9;0;0;1;0;1;1;0;0;0;1;4;0;0;1;4;1;8;1;15;1;40;1;1;1;1;1;1;0;1;0;0;0;0;1;0;0;0;0;1;0;3;2;2;0;4;2;0;0;0;0;1;0;1;0;1;0;1;1;0;0;0;1;0;0;1;0;1;0;0;;;;;0;;;;;;;1;1;1;0;1;1;1;0;0;1;1;0;1;0;0;1;0;1;1;0;0;0;1;1;0;0;0;1;0;0;0;0;1;1;0;0;0;0;0;0;0;0;0;0;0;0;0;0;0;0;0;0;0;0
2025;Sul;4;Rio Grande do Sul;RS;43;Santa Cruz do Sul;4316808;Santa Cruz do Sul - Lajeado;4308;Santa Cruz do Sul;430040;Centro Oriental Rio-grandense;4;Santa Cruz do Sul;20;Santa Cruz do Sul;431680805;;;EMEF SANTUARIO;43172210;3;;1;0;RUA PADRE LANDEL DE MOURA;400;;PEDREIRA;96845323;51;37159456;-29.73872264;-52.44604493;1;00006;2025-02-20;2025-12-18;1;0;0;0;0;;;;;;;;;;;;;;;;;;;;;;;;;;;;;1;3;;;1;1;0;0;0;0;;0;0;0;1;1;0;0;0;0;0;1;0;0;0;1;0;0;0;0;1;0;0;0;0;1;0;0;0;0;0;0;0;1;0;1;1;0;1;1;1;0;0;0;0;1;0;1;1;1;0;1;1;0;1;0;0;0;0;0;0;1;0;1;0;1;1;0;0;0;0;0;1;1;1;1;0;0;0;0;12;0;12;12;3;3;0;1;0;1;0;0;0;0;0;1;2;1;2;0;0;1;2;1;17;1;42;0;0;1;1;1;1;0;9;9;0;1;0;4;0;0;0;1;1;1;3;2;2;2;0;1;0;0;0;0;1;0;0;0;1;1;1;0;0;1;1;1;0;0;0;0;1;0;0;;;;;0;;;;;;;1;0;0;0;1;0;1;0;0;0;1;1;0;0;1;0;0;1;0;0;0;0;1;1;0;0;0;1;0;0;0;0;1;1;0;0;0;0;0;0;0;0;0;0;0;0;0;0;0;0;0;0;0;0
2025;Sul;4;Rio Grande do Sul;RS;43;Santa Maria;4316907;Santa Maria;4303;Santa Maria;430011;Centro Ocidental Rio-grandense;3;Santa Maria;18;Santa Maria;431690705;;;ESC EST ENS MED DR WALTER JOBIM;43122043;2;;1;0;VISCONDE FERREIRA PINTO;240;;ITARARE;97045510;55;32175597;-29.67456;-53.79755;1;00008;2025-02-10;2025-12-17;1;0;0;0;0;;;;;;;;;;;;;;;;;;;;;;;;;;;;;1;2;;;1;1;0;0;0;0;;0;0;0;1;1;0;0;0;0;0;1;0;0;0;1;0;0;0;0;1;0;0;0;0;1;0;1;0;0;1;0;1;1;0;0;1;0;1;1;1;1;0;0;1;1;0;0;1;1;0;1;0;1;1;1;1;0;1;0;0;1;1;1;0;1;1;0;0;0;1;0;0;1;1;0;0;0;0;0;10;0;10;0;0;0;0;1;0;0;1;0;0;1;3;1;4;1;3;1;2;1;4;1;30;1;60;0;0;1;1;1;1;0;1;0;3;1;1;3;0;0;4;0;0;0;3;5;2;0;1;4;0;0;0;0;1;1;1;1;1;1;1;1;0;1;0;1;0;0;0;0;1;0;0;;;;;0;;;;;;;0;0;1;0;1;1;1;0;0;1;1;1;0;0;0;0;0;1;0;1;1;1;1;1;0;0;0;1;1;1;0;0;1;1;1;0;1;0;0;0;0;0;0;0;0;0;1;0;0;0;0;0;0;0
2025;Sul;4;Rio Grande do Sul;RS;43;Santa Maria;4316907;Santa Maria;4303;Santa Maria;430011;Centro Ocidental Rio-grandense;3;Santa Maria;18;Santa Maria;431690705;;;EMEF PROFª MARIA DE LOURDES BANDEIRA MEDINA;43122051;3;;1;0;VITORIO PALESE;177;VILA VITORIA;CHACARA DAS FLORES;97040470;55;32255000;-29.66648;-53.82836;1;00008;2025-02-17;2025-12-19;1;0;0;0;0;;;;;;;;;;;;;;;;;;;;;;;;;;;;;1;3;;;1;1;0;0;0;0;;0;0;0;1;1;0;0;0;0;0;1;0;0;0;1;0;0;0;0;1;0;0;0;0;0;0;0;1;0;0;0;0;1;0;1;1;0;0;0;1;0;0;0;0;0;0;0;1;1;0;1;0;1;0;0;0;0;0;0;0;1;0;1;0;1;0;0;0;0;1;0;1;0;1;0;0;1;0;0;6;0;6;6;6;0;0;0;0;1;1;1;0;0;0;1;3;1;1;1;1;1;3;0;0;1;19;0;0;1;1;1;0;0;1;0;2;1;0;2;0;0;0;0;0;0;2;2;1;0;0;1;0;0;0;0;1;0;0;0;0;0;1;0;0;1;0;0;0;1;0;0;1;0;0;;;;;0;;;;;;;1;0;0;0;1;1;0;0;0;1;1;0;1;0;0;0;0;0;0;0;0;0;1;1;0;0;0;1;0;0;0;0;1;1;0;0;0;0;0;0;0;0;0;0;0;0;0;0;0;0;0;0;0;0
2025;Sul;4;Rio Grande do Sul;RS;43;Santa Maria;4316907;Santa Maria;4303;Santa Maria;430011;Centro Ocidental Rio-grandense;3;Santa Maria;18;Santa Maria;431690705;;;ESC EST ENS MED MARECHAL HUMBERTO DE ALENCAR CASTELO BRANCO;43123180;2;;1;0;R CAPITAO VASCO DA CUNHA 1390 0;1390;0;BOI MORTO;97030110;55;;-29.71122;-53.85119;1;00008;2025-02-10;2025-12-17;1;0;0;0;0;;;;;;;;;;;;;;;;;;;;;;;;;;;;;1;2;;;1;1;0;0;0;0;;0;0;0;1;1;0;0;0;0;0;1;0;0;0;0;0;1;1;0;1;0;0;0;0;1;0;0;0;1;0;0;1;1;0;1;1;1;1;1;1;0;0;0;0;1;0;0;1;0;0;0;0;0;1;1;0;0;0;0;0;1;0;1;0;1;1;0;0;0;1;0;0;1;0;0;0;1;0;0;10;0;10;10;2;1;0;1;0;0;1;0;0;0;0;1;3;1;10;1;1;1;10;1;7;1;81;0;0;1;1;1;1;0;1;1;3;1;0;4;0;0;0;0;0;0;3;6;2;0;3;3;0;0;0;0;1;1;0;1;1;1;1;1;0;1;0;0;0;0;0;0;0;0;0;;;;;0;;;;;;;0;0;0;0;1;0;0;0;0;0;1;0;0;0;1;1;0;1;0;1;1;0;1;1;0;0;0;1;0;0;0;0;1;1;1;0;0;0;0;0;0;0;0;0;0;0;0;0;0;0;0;0;0;0
2025;Sul;4;Rio Grande do Sul;RS;43;Santa Maria;4316907;Santa Maria;4303;Santa Maria;430011;Centro Ocidental Rio-grandense;3;Santa Maria;18;Santa Maria;431690705;;;ESC BASICA EST CICERO BARRETO;43123260;2;;1;0;R RUA SERAFIM VALANDRO 385;385;;CENTRO;97010480;55;32214560;-29.68360609;-53.81247617;1;00008;2025-02-10;2025-12-17;1;0;0;0;0;;;;;;;;;;;;;;;;;;;;;;;;;;;;;1;2;;;1;1;0;0;0;0;;0;0;1;1;1;0;0;0;0;0;1;0;0;0;1;0;0;0;0;1;0;0;0;0;1;0;0;0;0;0;0;1;1;0;1;0;0;1;1;1;1;0;0;1;1;0;0;0;1;0;1;0;1;1;1;0;0;1;0;0;1;0;1;0;1;1;0;0;0;1;0;0;1;1;0;0;1;0;0;10;7;17;17;1;0;0;1;0;1;1;0;0;1;3;0;0;1;1;1;1;1;3;1;25;1;185;0;0;1;1;1;1;0;1;1;3;1;2;4;1;0;4;0;0;0;5;3;1;0;1;4;0;0;0;0;1;1;1;1;1;0;1;0;0;1;0;0;0;0;0;0;0;0;0;;;;;0;;;;;;;0;0;0;0;1;1;1;0;0;0;1;1;0;1;0;1;0;1;0;1;1;0;1;1;0;0;0;1;1;0;0;0;1;1;1;0;0;0;0;0;0;0;0;0;0;0;1;1;0;0;0;0;0;0
2025;Sul;4;Rio Grande do Sul;RS;43;Santa Maria;4316907;Santa Maria;4303;Santa Maria;430011;Centro Ocidental Rio-grandense;3;Santa Maria;18;Santa Maria;431690705;;;ESC EST ENS MED DOM ANTONIO REIS;43123279;2;;1;0;R TEN ELPIDIO BARBOSA 100;100;;SALGADO FILHO;97043670;;;-29.67439;-53.82182;1;00008;2025-02-10;2025-12-17;1;0;0;0;0;;;;;;;;;;;;;;;;;;;;;;;;;;;;;1;2;;;1;1;0;0;0;0;;0;0;0;1;1;0;0;0;0;0;1;0;0;0;1;0;0;0;0;1;0;0;0;0;0;0;0;1;0;1;0;0;1;0;0;0;0;1;1;1;0;0;0;0;1;0;0;0;0;0;0;0;0;1;0;0;0;0;0;0;0;0;1;0;1;1;0;0;0;0;0;0;0;1;0;0;0;0;0;8;0;8;2;1;0;0;1;0;1;1;0;0;0;0;0;0;1;2;1;1;1;2;0;0;1;62;0;0;1;1;1;1;0;1;1;3;1;0;2;0;0;4;0;0;0;3;2;2;0;5;2;0;0;0;0;1;1;0;0;0;0;1;0;0;1;0;0;0;0;0;0;0;0;0;;;;;0;;;;;;;0;0;1;0;1;1;0;0;0;0;1;0;0;1;0;1;0;1;0;1;1;1;1;1;0;0;0;1;1;1;0;0;0;1;1;0;1;0;0;0;0;0;0;0;0;0;1;0;0;0;0;0;0;0
2025;Sul;4;Rio Grande do Sul;RS;43;Santa Maria;4316907;Santa Maria;4303;Santa Maria;430011;Centro Ocidental Rio-grandense;3;Santa Maria;18;Santa Maria;431690705;;;COLEGIO RIACHUELO;43123988;4;1;1;0;VENANCIO AIRES;1980;;CENTRO;97010004;55;32234065;-29.68548;-53.80645;1;00008;2025-02-17;2025-12-05;;;;;0;;;;;;;;;;;;;;;;;;;;1;0;0;0;0;0;0;49236885000111;49236885000111;1;2;;;1;1;0;0;0;0;;0;1;0;1;1;0;0;0;0;0;1;0;0;0;1;0;0;0;0;1;0;0;0;0;0;0;0;1;0;0;0;0;1;0;1;1;0;1;1;1;0;0;0;1;0;0;1;1;0;0;0;0;0;0;0;0;0;0;0;0;1;0;1;0;1;0;0;0;0;1;0;0;1;0;1;0;0;0;0;11;0;11;0;0;0;0;1;0;0;1;0;0;0;0;1;1;0;0;0;0;1;11;0;0;0;0;0;0;1;0;1;1;0;0;0;1;1;2;4;1;0;2;0;0;1;0;2;1;0;0;1;0;0;0;0;0;0;0;0;0;0;0;0;0;1;0;0;0;0;0;0;0;0;0;;;;;0;;;;;;;1;0;0;0;0;0;1;0;0;1;0;9;9;9;9;9;9;0;0;1;1;1;1;1;0;0;0;1;0;1;0;0;0;0;1;0;1;0;0;0;0;0;0;0;0;0;0;0;0;0;0;0;0;0
2025;Sul;4;Rio Grande do Sul;RS;43;Santa Maria;4316907;Santa Maria;4303;Santa Maria;430011;Centro Ocidental Rio-grandense;3;Santa Maria;18;Santa Maria;431690705;;;COLEGIO MILITAR DE SANTA MARIA;43184790;1;;1;0;RADIALISTA OSVALDO NOBRE;1132;ANEXO AO 3º PQRMNT;JUSCELINO KUBITSCHEK;97035000;55;32184373;;;1;;2025-02-03;2025-12-12;1;0;0;0;0;;;;;;;;;;;;;;;;;;;;;;;;;;;;;1;1;;;1;1;0;0;0;0;;0;0;0;1;1;0;0;0;0;0;1;1;0;0;1;1;0;1;0;1;0;0;0;0;1;0;0;0;1;1;0;1;1;0;1;1;1;1;1;1;1;0;1;1;1;0;1;1;0;0;1;1;1;1;0;1;0;0;0;0;1;1;1;0;1;1;0;0;0;1;0;1;1;1;1;1;1;0;0;37;0;37;37;37;0;0;1;1;1;1;1;0;0;0;1;37;1;1;1;1;1;37;1;73;1;2;0;0;1;1;1;1;0;1;1;2;1;2;12;3;8;6;0;0;2;28;18;1;18;3;1;0;0;0;0;1;1;0;1;1;1;1;1;0;1;0;1;0;0;1;0;1;0;0;;;;;1;1;1;1;1;0;0;1;1;1;1;1;0;0;0;0;0;1;0;0;0;1;1;0;1;1;1;1;0;1;1;0;0;0;1;0;0;0;0;0;1;1;0;0;0;0;0;0;0;0;0;0;0;0;0;0;0;0;0;0;0
2025;Sul;4;Rio Grande do Sul;RS;43;Santa Maria;4316907;Santa Maria;4303;Santa Maria;430011;Centro Ocidental Rio-grandense;3;Santa Maria;18;Arroio do Só;431690710;;;ESC EST ENS MED PRINCESA ISABEL;43123120;2;;2;0;R RIO BRANCO 70 5DISTRITO;70;5DISTRITO;;97165000;55;;;;1;00008;2025-02-10;2025-12-17;1;0;0;0;0;;;;;;;;;;;;;;;;;;;;;;;;;;;;;1;2;;;1;1;0;0;0;0;;0;0;1;1;1;0;0;0;0;0;1;0;0;0;0;0;1;1;0;1;0;0;0;0;0;0;1;0;0;1;1;0;1;0;1;1;0;1;1;1;1;0;0;1;1;0;1;1;1;0;1;1;0;1;0;0;0;0;0;0;1;1;1;0;1;1;0;0;0;1;0;0;1;1;0;0;1;0;1;7;1;8;7;7;1;0;1;1;1;0;0;0;1;1;1;2;1;2;0;0;1;2;1;1;1;30;0;0;1;1;1;1;0;1;0;3;1;0;2;0;0;0;0;0;0;1;2;1;0;2;0;0;0;0;0;1;0;1;1;1;1;1;1;0;1;0;1;0;0;1;0;1;0;0;;;;;0;;;;;;;0;1;1;0;1;1;0;0;0;1;1;1;1;0;0;1;0;1;0;1;1;0;1;1;0;0;0;1;0;0;0;0;1;1;1;0;0;0;0;0;0;0;0;0;0;0;0;0;0;0;0;0;0;0
2025;Centro-Oeste;5;Mato Grosso;MT;51;Primavera do Leste;5107040;Rondonópolis;5105;Primavera do Leste;510017;Sudeste Mato-grossense;5;Primavera do Leste;19;Primavera do Leste;510704005;;;CME CARLOS DRUMMOND DE ANDRADE;51046946;3;;2;0;FAZENDA COMUNIDADE GAUCHO;S/N;MT 130 KM 75 - COMUN;;78850000;66;35004863;;;1;51010;2025-02-05;2025-12-17;1;0;0;0;0;;;;;;;;;;;;;;;;;;;;;;;;;;;;;2;3;;;1;1;0;0;0;0;;0;0;1;1;0;1;0;0;0;0;1;0;0;0;0;1;0;1;0;1;0;0;0;0;0;0;0;1;1;1;0;0;1;1;1;1;1;1;1;1;1;0;0;0;1;0;0;1;1;0;1;1;0;1;0;0;0;0;0;0;1;0;1;0;1;0;1;0;0;0;0;0;1;1;0;0;0;0;0;14;0;14;14;0;2;0;0;1;0;1;1;0;0;0;1;5;1;3;1;3;1;5;0;0;1;30;1;35;1;1;1;1;0;1;0;3;1;0;0;0;0;0;0;0;0;2;4;1;0;0;1;0;0;0;0;1;1;1;1;1;0;1;1;0;1;0;0;0;0;0;0;0;0;0;;;;;0;;;;;;;0;1;1;0;0;0;0;1;0;1;0;9;9;9;9;9;9;0;0;0;0;0;1;1;0;0;0;1;0;0;0;1;1;0;0;0;0;0;0;0;0;0;0;0;0;0;0;0;0;0;0;0;0;0
2025;Centro-Oeste;5;Mato Grosso;MT;51;Primavera do Leste;5107040;Rondonópolis;5105;Primavera do Leste;510017;Sudeste Mato-grossense;5;Primavera do Leste;19;Primavera do Leste;510704005;;;EE CAMPO VILA UNIAO;51047101;2;;2;0;RODOVIA MT 130KM5 48KM A ESQUERDA DA RODOVIA MT 486;SN;;COMUNIDADE RURAL VILA UNIAO;78850000;66;34987404;-15.2385148;-54.4925889;1;51010;2025-02-03;2025-12-18;1;0;0;0;0;;;;;;;;;;;;;;;;;;;;;;;;;;;;;1;2;;;1;3;0;0;0;0;;1;0;0;1;0;1;0;0;0;0;1;0;0;0;0;1;0;1;0;1;0;0;0;0;1;1;0;0;0;1;1;0;1;1;0;1;0;1;1;1;1;0;0;0;0;0;0;1;1;0;1;1;0;1;0;0;0;0;0;0;0;0;1;0;1;0;0;0;0;0;0;0;0;0;0;0;0;1;0;13;3;16;13;0;3;0;1;0;1;1;0;0;0;0;0;0;1;14;0;0;1;2;0;0;1;100;0;0;1;1;1;1;0;1;1;3;1;1;3;0;0;0;0;0;0;3;0;1;0;0;0;0;0;0;0;1;1;0;1;1;0;1;1;0;1;0;1;1;0;1;0;0;0;0;;;;;0;;;;;;;1;1;1;0;0;1;1;0;0;1;1;1;1;1;1;1;0;0;0;1;1;0;1;1;0;0;0;1;0;0;0;0;1;1;1;0;0;0;0;0;0;0;0;0;0;0;0;0;0;0;0;0;0;0
2025;Centro-Oeste;5;Mato Grosso;MT;51;Primavera do Leste;5107040;Rondonópolis;5105;Primavera do Leste;510017;Sudeste Mato-grossense;5;Primavera do Leste;19;Primavera do Leste;510704005;;;EE MONTEIRO LOBATO;51047110;2;;1;0;RUA MALVA REAL;48;;PIONEIRO;78850000;66;996942895;-15.5727498;-54.3096404;1;51010;2025-02-03;2025-12-18;1;0;0;0;0;;;;;;;;;;;;;;;;;;;;;;;;;;;;;1;2;;;1;1;0;0;0;0;;1;0;0;1;1;1;0;0;0;0;1;0;0;0;0;1;0;1;0;1;0;0;0;0;0;0;0;1;1;1;1;0;1;1;1;1;1;1;1;1;1;0;0;0;1;0;1;1;0;0;1;1;0;1;0;0;0;0;0;0;1;0;1;0;1;1;0;0;0;1;0;0;1;1;0;0;0;0;0;9;12;21;21;21;0;0;1;0;1;1;0;0;0;0;1;2;1;9;0;0;1;3;0;0;1;99;0;0;1;1;1;1;0;1;1;3;1;2;4;1;0;0;0;0;0;4;2;1;2;0;1;0;0;0;0;1;0;0;0;1;0;1;0;0;1;0;0;0;1;1;0;1;0;0;;;;;0;;;;;;;0;0;0;0;0;1;1;1;0;1;1;0;0;0;1;0;0;1;0;1;1;0;1;1;0;0;0;1;0;0;0;0;0;1;1;0;0;0;0;0;0;0;0;0;0;0;0;0;0;0;0;0;0;0
2025;Centro-Oeste;5;Mato Grosso;MT;51;Primavera do Leste;5107040;Rondonópolis;5105;Primavera do Leste;510017;Sudeste Mato-grossense;5;Primavera do Leste;19;Primavera do Leste;510704005;;;ASSOC DE PAIS E AMIGOS DOS EXCEPCIONAIS;51055554;4;4;1;0;RUA MACEIO;85;;;78850000;66;34982060;-15.5427233;-54.3008317;1;51010;2025-02-03;2025-12-17;;;;;0;;;;;;;;;;;;;;;;;;;;0;0;0;0;0;0;1;99999999999999;33052754000144;1;2;;;1;1;0;0;0;0;;0;0;0;1;1;0;0;0;0;0;1;0;0;0;1;0;0;0;0;1;0;0;0;0;1;0;1;0;1;1;0;0;1;1;1;1;1;0;0;1;1;0;0;0;0;0;1;1;1;0;1;1;0;1;1;0;0;0;0;0;1;0;1;0;1;0;0;0;0;0;0;0;1;1;0;0;0;0;0;11;0;11;11;11;1;0;1;1;1;1;1;0;1;1;1;9;1;4;0;0;1;1;0;0;0;0;0;0;1;0;1;1;0;0;0;1;1;1;4;0;1;0;1;0;1;2;1;1;0;0;1;1;0;0;0;1;0;1;0;1;0;1;1;0;1;0;1;0;0;0;0;1;0;0;;;;;0;;;;;;;1;0;0;1;0;1;0;0;0;1;0;9;9;9;9;9;9;0;1;0;0;0;1;1;0;0;1;1;1;0;0;0;0;0;0;0;0;0;1;1;1;0;0;0;0;0;0;0;0;1;0;0;0;0
2025;Centro-Oeste;5;Mato Grosso;MT;51;Primavera do Leste;5107040;Rondonópolis;5105;Primavera do Leste;510017;Sudeste Mato-grossense;5;Primavera do Leste;19;Primavera do Leste;510704005;;;IFMT - CAMPUS PRIMAVERA DO LESTE;51066610;1;;1;0;AVENIDA DOM AQUINO;1500;;;78850000;66;35002900;-15.5538005;-54.2813387;1;;2025-03-17;2025-12-18;1;0;0;0;1;2;0;0;0;0;1;0;;;;;;;0;0;0;0;1;0;;;;;;;;;;1;6;;;1;1;0;0;0;0;;0;0;0;1;1;1;1;0;0;0;1;0;1;0;1;0;0;0;0;1;0;0;0;0;0;0;0;1;1;1;0;1;1;0;1;1;1;1;1;1;1;0;0;1;1;1;0;1;0;0;1;1;1;0;0;0;0;1;0;1;1;1;1;0;1;1;0;0;0;1;1;1;0;1;0;1;1;0;1;22;0;22;22;18;0;0;1;0;1;0;1;0;0;0;1;4;1;6;1;18;1;20;1;100;1;100;0;0;1;1;1;1;0;1;0;3;1;0;13;2;0;0;0;0;1;0;13;1;0;3;11;0;1;0;0;0;1;0;1;1;1;0;1;1;1;0;1;0;0;0;0;1;0;0;;;;;1;1;1;1;1;0;0;1;1;0;0;1;1;1;1;0;1;0;9;9;9;9;9;9;0;1;1;0;1;1;1;0;0;0;1;0;1;0;0;0;0;0;1;0;0;0;0;0;0;0;0;0;0;0;0;0;0;0;0;1;0
2025;Centro-Oeste;5;Mato Grosso;MT;51;Primavera do Leste;5107040;Rondonópolis;5105;Primavera do Leste;510017;Sudeste Mato-grossense;5;Primavera do Leste;19;Primavera do Leste;510704005;;;EE PROFESSORA MARIA SEBASTIANA DE SOUZA;51066963;2;;1;0;AVENIDA AMAZONAS;402;;PRIMAVERA 02;78850000;66;999638443;;;1;51010;2025-02-03;2025-12-18;1;0;0;0;0;;;;;;;;;;;;;;;;;;;;;;;;;;;;;1;2;;;1;2;0;0;0;0;;0;0;0;1;1;0;0;0;0;0;1;0;0;0;1;0;0;0;0;1;0;0;0;0;0;0;0;1;1;0;0;0;1;0;1;1;1;1;1;1;1;0;0;0;0;0;0;1;0;0;1;1;0;1;0;0;0;0;0;0;1;0;1;0;1;0;0;0;0;0;0;0;0;0;0;0;0;1;0;22;0;22;22;0;0;0;1;0;0;1;0;0;0;0;1;1;1;18;0;0;1;2;0;0;1;280;0;0;1;1;1;1;0;1;1;3;1;3;5;0;0;0;0;0;0;5;2;1;3;0;1;0;0;0;0;1;0;0;0;1;0;1;1;0;1;0;0;0;0;1;0;1;0;0;;;;;0;;;;;;;1;0;0;0;0;1;1;1;0;1;1;1;0;0;1;1;0;1;0;1;1;0;1;1;0;0;0;1;0;1;0;0;0;1;1;1;0;0;0;0;0;0;0;0;0;0;0;0;0;0;0;0;0;0
2025;Centro-Oeste;5;Mato Grosso;MT;51;Primavera do Leste;5107040;Rondonópolis;5105;Primavera do Leste;510017;Sudeste Mato-grossense;5;Primavera do Leste;19;Primavera do Leste;510704005;;;EEDIEB GETULIO DORNELLES VARGAS;51070120;2;;1;0;AVENIDA SAO JOAO;594;;;78850000;66;999990409;;;1;51010;2025-02-03;2025-12-18;1;0;0;0;0;;;;;;;;;;;;;;;;;;;;;;;;;;;;;2;2;;;1;1;0;0;0;0;;0;0;0;1;1;0;0;0;0;0;1;0;0;0;1;0;0;0;0;1;0;0;0;0;1;0;0;0;1;0;0;0;1;0;1;1;1;1;1;1;1;0;0;0;0;0;1;1;0;0;1;1;0;1;1;0;0;0;0;0;1;0;1;0;1;1;1;0;0;0;0;0;1;0;1;0;0;0;0;12;0;12;12;12;0;0;1;0;1;1;0;0;0;0;0;0;1;13;0;0;1;12;0;0;1;240;0;0;1;0;1;1;1;0;0;3;1;3;5;0;0;0;0;0;0;6;2;1;0;0;1;0;1;0;0;1;1;0;0;1;0;1;1;0;1;0;1;0;0;0;0;1;0;0;;;;;0;;;;;;;0;0;0;0;0;1;1;0;0;1;1;0;0;0;0;1;0;1;1;1;1;1;1;1;0;0;0;1;1;1;0;0;0;1;1;1;0;0;0;0;0;0;0;0;0;0;1;1;0;0;0;0;0;0
2025;Centro-Oeste;5;Mato Grosso;MT;51;Primavera do Leste;5107040;Rondonópolis;5105;Primavera do Leste;510017;Sudeste Mato-grossense;5;Primavera do Leste;19;Primavera do Leste;510704005;;;EE CREMILDA DE OLIVEIRA VIANA;51143801;2;;1;0;RUA ANTONIO SALOMAO;35;;SAO CRISTOVAO;78850000;66;999973910;;;1;51010;2025-02-03;2025-12-18;1;0;0;0;0;;;;;;;;;;;;;;;;;;;;;;;;;;;;;1;2;;;1;1;0;0;0;0;;0;0;0;1;1;1;0;0;0;0;1;0;0;0;1;0;1;1;0;1;0;0;0;0;1;0;0;0;1;1;1;0;1;0;1;1;1;1;1;1;1;0;0;1;0;0;0;1;1;0;1;1;1;1;0;0;0;0;0;0;1;0;1;0;1;1;0;0;0;1;0;0;1;1;1;0;0;0;1;21;0;21;21;21;0;0;1;1;1;1;0;0;1;2;1;5;1;28;1;1;1;24;0;0;1;320;0;0;1;1;1;1;0;1;0;3;1;3;11;0;0;3;0;0;1;5;0;1;3;1;0;0;0;0;0;1;1;0;1;1;1;1;0;0;1;0;1;0;1;1;0;1;0;0;;;;;0;;;;;;;1;0;0;0;1;1;1;0;0;1;1;0;0;0;0;1;0;1;1;1;1;1;1;1;0;0;0;1;0;1;0;0;0;1;1;1;0;0;0;0;0;0;0;0;0;0;0;0;0;0;0;0;0;0
