NU_ANO_CENSO;CO_ENTIDADE;QT_MAT_BAS;QT_MAT_INF;QT_MAT_INF_CRE;QT_MAT_INF_PRE;QT_MAT_FUND;QT_MAT_FUND_AI;QT_MAT_FUND_AI_1;QT_MAT_FUND_AI_2;QT_MAT_FUND_AI_3;QT_MAT_FUND_AI_4;QT_MAT_FUND_AI_5;QT_MAT_FUND_AF;QT_MAT_FUND_AF_6;QT_MAT_FUND_AF_7;QT_MAT_FUND_AF_8;QT_MAT_FUND_AF_9;QT_MAT_MED;QT_MAT_MED_PROP;QT_MAT_MED_PROP_1;QT_MAT_MED_PROP_2;QT_MAT_MED_PROP_3;QT_MAT_MED_PROP_4;QT_MAT_MED_PROP_NS;QT_MAT_MED_IFTP_CT;QT_MAT_MED_IFTP_CT_1;QT_MAT_MED_IFTP_CT_2;QT_MAT_MED_IFTP_CT_3;QT_MAT_MED_IFTP_CT_4;QT_MAT_MED_IFTP_CT_NS;QT_MAT_MED_IFTP_QP;QT_MAT_MED_IFTP_QP_1;QT_MAT_MED_IFTP_QP_2;QT_MAT_MED_IFTP_QP_3;QT_MAT_MED_IFTP_QP_4;QT_MAT_MED_IFTP_QP_NS;QT_MAT_MED_NM;QT_MAT_MED_NM_1;QT_MAT_MED_NM_2;QT_MAT_MED_NM_3;QT_MAT_MED_NM_4;QT_MAT_MED_IFA;QT_MAT_MED_IFA_LING;QT_MAT_MED_IFA_LING_MT;QT_MAT_MED_IFA_LING_OTME;QT_MAT_MED_IFA_LING_OE;QT_MAT_MED_IFA_MATE;QT_MAT_MED_IFA_MATE_MT;QT_MAT_MED_IFA_MATE_OTME;QT_MAT_MED_IFA_MATE_OE;QT_MAT_MED_IFA_CIENC;QT_MAT_MED_IFA_CIENC_MT;QT_MAT_MED_IFA_CIENC_OTME;QT_MAT_MED_IFA_CIENC_OE;QT_MAT_MED_IFA_HUMA;QT_MAT_MED_IFA_HUMA_MT;QT_MAT_MED_IFA_HUMA_OTME;QT_MAT_MED_IFA_HUMA_OE;QT_MAT_MED_ARTI_IFTP_CT;QT_MAT_MED_ARTI_IFTP_CT_MT;QT_MAT_MED_ARTI_IFTP_CT_OTME;QT_MAT_MED_ARTI_IFTP_CT_OE;QT_MAT_MED_ARTI_IFTP_QP;QT_MAT_MED_ARTI_IFTP_QP_MT;QT_MAT_MED_ARTI_IFTP_QP_OTME;QT_MAT_MED_ARTI_IFTP_QP_OE;QT_MAT_PROF;QT_MAT_PROF_TEC;QT_MAT_PROF_TEC_CONC;QT_MAT_PROF_TEC_SUBS;QT_MAT_PROF_TEC_IFTP_CT;QT_MAT_PROF_NAO_TEC;QT_MAT_PROF_IFTP_QP;QT_MAT_PROF_FIC_CONC;QT_MAT_EJA;QT_MAT_EJA_FUND;QT_MAT_EJA_FUND_NPROF;QT_MAT_EJA_FUND_AI;QT_MAT_EJA_FUND_AF;QT_MAT_EJA_FUND_FIC;QT_MAT_EJA_MED;QT_MAT_EJA_MED_NPROF;QT_MAT_EJA_MED_FIC;QT_MAT_EJA_MED_TEC;QT_MAT_ESP;QT_MAT_ESP_INF;QT_MAT_ESP_INF_CRE;QT_MAT_ESP_INF_PRE;QT_MAT_ESP_FUND;QT_MAT_ESP_FUND_AI;QT_MAT_ESP_FUND_AF;QT_MAT_ESP_MED;QT_MAT_ESP_PROF;QT_MAT_ESP_PROF_TEC;QT_MAT_ESP_EJA;QT_MAT_ESP_EJA_FUND;QT_MAT_ESP_EJA_MED;QT_MAT_ESP_CC;QT_MAT_ESP_CC_INF;QT_MAT_ESP_CC_INF_CRE;QT_MAT_ESP_CC_INF_PRE;QT_MAT_ESP_CC_FUND;QT_MAT_ESP_CC_FUND_AI;QT_MAT_ESP_CC_FUND_AF;QT_MAT_ESP_CC_MED;QT_MAT_ESP_CC_PROF;QT_MAT_ESP_CC_PROF_TEC;QT_MAT_ESP_CC_EJA;QT_MAT_ESP_CC_EJA_FUND;QT_MAT_ESP_CC_EJA_MED;QT_MAT_ESP_CE;QT_MAT_ESP_CE_INF;QT_MAT_ESP_CE_INF_CRE;QT_MAT_ESP_CE_INF_PRE;QT_MAT_ESP_CE_FUND;QT_MAT_ESP_CE_FUND_AI;QT_MAT_ESP_CE_FUND_AF;QT_MAT_ESP_CE_MED;QT_MAT_ESP_CE_PROF;QT_MAT_ESP_CE_PROF_TEC;QT_MAT_ESP_CE_EJA;QT_MAT_ESP_CE_EJA_FUND;QT_MAT_ESP_CE_EJA_MED;QT_MAT_BAS_FEM;QT_MAT_BAS_MASC;QT_MAT_BAS_ND;QT_MAT_BAS_BRANCA;QT_MAT_BAS_PRETA;QT_MAT_BAS_PARDA;QT_MAT_BAS_AMARELA;QT_MAT_BAS_INDIGENA;QT_MAT_BAS_0_3;QT_MAT_BAS_4_5;QT_MAT_BAS_6_10;QT_MAT_BAS_11_14;QT_MAT_BAS_15_17;QT_MAT_BAS_18_MAIS;QT_MAT_BAS_0_3_REF_31_03;QT_MAT_BAS_4_5_REF_31_03;QT_MAT_BAS_6_10_REF_31_03;QT_MAT_BAS_11_14_REF_31_03;QT_MAT_BAS_15_17_REF_31_03;QT_MAT_BAS_18_MAIS_REF_31_03;QT_MAT_BAS_D;QT_MAT_BAS_DM;QT_MAT_BAS_DV;QT_MAT_BAS_N;QT_MAT_BAS_EAD;QT_MAT_INF_CRE_D;QT_MAT_INF_CRE_DM;QT_MAT_INF_CRE_DV;QT_MAT_INF_CRE_N;QT_MAT_INF_PRE_D;QT_MAT_INF_PRE_DM;QT_MAT_INF_PRE_DV;QT_MAT_INF_PRE_N;QT_MAT_FUND_D;QT_MAT_FUND_DM;QT_MAT_FUND_DV;QT_MAT_FUND_N;QT_MAT_FUND_AI_D;QT_MAT_FUND_AI_DM;QT_MAT_FUND_AI_DV;QT_MAT_FUND_AI_N;QT_MAT_FUND_AF_D;QT_MAT_FUND_AF_DM;QT_MAT_FUND_AF_DV;QT_MAT_FUND_AF_N;QT_MAT_MED_D;QT_MAT_MED_DM;QT_MAT_MED_DV;QT_MAT_MED_N;QT_MAT_MED_EAD;QT_MAT_PROF_D;QT_MAT_PROF_DM;QT_MAT_PROF_DV;QT_MAT_PROF_N;QT_MAT_PROF_EAD;QT_MAT_PROF_TEC_D;QT_MAT_PROF_TEC_DM;QT_MAT_PROF_TEC_DV;QT_MAT_PROF_TEC_N;QT_MAT_PROF_TEC_EAD;QT_MAT_EJA_D;QT_MAT_EJA_DM;QT_MAT_EJA_DV;QT_MAT_EJA_N;QT_MAT_EJA_EAD;QT_MAT_EJA_FUND_D;QT_MAT_EJA_FUND_DM;QT_MAT_EJA_FUND_DV;QT_MAT_EJA_FUND_N;QT_MAT_EJA_FUND_EAD;QT_MAT_EJA_MED_D;QT_MAT_EJA_MED_DM;QT_MAT_EJA_MED_DV;QT_MAT_EJA_MED_N;QT_MAT_EJA_MED_EAD;QT_MAT_ESP_D;QT_MAT_ESP_DM;QT_MAT_ESP_DV;QT_MAT_ESP_N;QT_MAT_ESP_EAD;QT_MAT_ESP_CC_D;QT_MAT_ESP_CC_DM;QT_MAT_ESP_CC_DV;QT_MAT_ESP_CC_N;QT_MAT_ESP_CC_EAD;QT_MAT_ESP_CE_D;QT_MAT_ESP_CE_DM;QT_MAT_ESP_CE_DV;QT_MAT_ESP_CE_N;QT_MAT_ESP_CE_EAD;QT_MAT_BAS_INT;QT_MAT_INF_INT;QT_MAT_INF_CRE_INT;QT_MAT_INF_PRE_INT;QT_MAT_FUND_INT;QT_MAT_FUND_AI_INT;QT_MAT_FUND_AF_INT;QT_MAT_MED_INT;QT_MAT_PROF_INT;QT_MAT_PROF_TEC_INT;QT_MAT_EJA_INT;QT_MAT_EJA_FUND_INT;QT_MAT_EJA_MED_INT;QT_MAT_ESP_INT;QT_MAT_ESP_CC_INT;QT_MAT_ESP_CE_INT;QT_MAT_BAS_LIBRAS;QT_MAT_ZR_URB;QT_MAT_ZR_RUR;QT_MAT_ZR_NA;QT_TRANSP_PUBLICO;QT_TRANSP_RESP_EST;QT_TRANSP_RESP_MUN
2025;11000040;211;211;0;211;0;0;0;0;0;0;0;0;0;0;0;0;0;0;0;0;0;0;0;0;0;0;0;0;0;0;0;0;0;0;0;0;0;0;0;0;0;0;0;0;0;0;0;0;0;0;0;0;0;0;0;0;0;0;0;0;0;0;0;0;0;0;0;0;0;0;0;0;0;0;0;0;0;0;0;0;0;0;0;27;27;0;27;0;0;0;0;0;0;0;0;0;27;27;0;27;0;0;0;0;0;0;0;0;0;0;0;0;0;0;0;0;0;0;0;0;0;0;90;121;0;42;10;158;0;1;0;195;16;0;0;0;1;210;0;0;0;0;211;211;0;0;0;0;0;0;0;211;211;0;0;0;0;0;0;0;0;0;0;0;0;0;0;0;0;0;0;0;0;0;0;0;0;0;0;0;0;0;0;0;0;0;0;0;0;0;0;0;0;0;0;0;0;27;27;0;0;0;27;27;0;0;0;0;0;0;0;0;26;26;0;26;0;0;0;0;0;0;0;0;0;26;26;0;0;209;2;0;0;0;0
2025;11000260;1661;89;0;89;1131;531;99;87;110;114;121;600;131;137;161;171;441;441;158;144;139;0;0;0;0;0;0;0;0;0;0;0;0;0;0;0;0;0;0;0;441;0;0;0;0;441;441;0;0;0;0;0;0;0;0;0;0;0;0;0;0;0;0;0;0;0;0;0;0;0;0;0;0;0;0;0;0;0;0;0;0;0;0;105;7;0;7;81;44;37;17;0;0;0;0;0;105;7;0;7;81;44;37;17;0;0;0;0;0;0;0;0;0;0;0;0;0;0;0;0;0;0;827;834;499;345;23;783;10;1;0;79;539;622;401;20;0;90;548;628;382;13;1661;890;771;0;0;0;0;0;0;89;28;61;0;1131;604;527;0;531;264;267;0;600;340;260;0;441;258;183;0;0;0;0;0;0;0;0;0;0;0;0;0;0;0;0;0;0;0;0;0;0;0;0;0;0;0;105;55;50;0;0;105;55;50;0;0;0;0;0;0;0;25;2;0;2;22;17;5;1;0;0;0;0;0;24;24;0;0;1643;18;0;0;0;0
2025;11000368;459;90;0;90;369;369;87;76;62;77;67;0;0;0;0;0;0;0;0;0;0;0;0;0;0;0;0;0;0;0;0;0;0;0;0;0;0;0;0;0;0;0;0;0;0;0;0;0;0;0;0;0;0;0;0;0;0;0;0;0;0;0;0;0;0;0;0;0;0;0;0;0;0;0;0;0;0;0;0;0;0;0;0;22;3;0;3;19;19;0;0;0;0;0;0;0;22;3;0;3;19;19;0;0;0;0;0;0;0;0;0;0;0;0;0;0;0;0;0;0;0;0;238;221;0;38;7;400;1;13;0;78;344;35;2;0;0;90;340;27;2;0;459;263;196;0;0;0;0;0;0;90;51;39;0;369;212;157;0;369;212;157;0;0;0;0;0;0;0;0;0;0;0;0;0;0;0;0;0;0;0;0;0;0;0;0;0;0;0;0;0;0;0;0;0;0;0;22;11;11;0;0;22;11;11;0;0;0;0;0;0;0;18;2;0;2;16;16;0;0;0;0;0;0;0;18;18;0;0;28;431;0;69;0;69
2025;11000597;433;0;0;0;356;0;0;0;0;0;0;356;88;78;95;95;77;51;18;33;0;0;0;26;26;0;0;0;0;0;0;0;0;0;0;0;0;0;0;0;44;44;44;0;0;0;0;0;0;0;0;0;0;0;0;0;0;26;0;0;26;0;0;0;0;26;26;0;0;0;0;0;0;0;0;0;0;0;0;0;0;0;0;41;0;0;0;32;0;32;9;3;3;0;0;0;41;0;0;0;32;0;32;9;3;3;0;0;0;0;0;0;0;0;0;0;0;0;0;0;0;0;212;221;39;77;9;307;1;0;0;0;9;333;90;1;0;0;17;340;75;1;433;0;433;0;0;0;0;0;0;0;0;0;0;356;0;356;0;0;0;0;0;356;0;356;0;77;0;77;0;0;26;0;26;0;0;26;0;26;0;0;0;0;0;0;0;0;0;0;0;0;0;0;0;0;0;41;0;41;0;0;41;0;41;0;0;0;0;0;0;0;433;0;0;0;356;0;356;77;26;26;0;0;0;41;41;0;0;420;13;0;1;1;0
2025;11000708;1472;0;0;0;680;0;0;0;0;0;0;680;135;148;201;196;442;442;184;150;108;0;0;0;0;0;0;0;0;0;0;0;0;0;0;0;0;0;0;0;442;276;276;0;0;137;137;0;0;229;229;0;0;0;0;0;0;0;0;0;0;0;0;0;0;0;0;0;0;0;0;0;0;350;125;125;0;125;0;225;225;0;0;67;0;0;0;34;0;34;29;0;0;4;4;0;67;0;0;0;34;0;34;29;0;0;4;4;0;0;0;0;0;0;0;0;0;0;0;0;0;0;711;761;206;137;29;1095;3;2;0;0;2;583;498;389;0;0;11;600;495;366;1122;577;545;350;0;0;0;0;0;0;0;0;0;680;577;103;0;0;0;0;0;680;577;103;0;442;0;442;0;0;0;0;0;0;0;0;0;0;0;0;0;0;0;350;0;0;0;0;125;0;0;0;0;225;0;63;30;33;4;0;63;30;33;4;0;0;0;0;0;0;19;0;0;0;11;0;11;8;0;0;0;0;0;19;19;0;0;1415;56;1;0;0;0
2025;11000937;428;0;0;0;369;0;0;0;0;0;0;369;74;106;102;87;0;0;0;0;0;0;0;0;0;0;0;0;0;0;0;0;0;0;0;0;0;0;0;0;0;0;0;0;0;0;0;0;0;0;0;0;0;0;0;0;0;0;0;0;0;0;0;0;0;0;0;0;0;0;0;0;0;59;0;0;0;0;0;59;59;0;0;27;0;0;0;25;0;25;0;0;0;2;0;2;27;0;0;0;25;0;25;0;0;0;2;0;2;0;0;0;0;0;0;0;0;0;0;0;0;0;186;242;57;47;18;302;4;0;0;0;2;313;54;59;0;0;6;316;47;59;369;180;189;59;0;0;0;0;0;0;0;0;0;369;180;189;0;0;0;0;0;369;180;189;0;0;0;0;0;0;0;0;0;0;0;0;0;0;0;0;0;0;0;59;0;0;0;0;0;0;0;0;0;59;0;25;12;13;2;0;25;12;13;2;0;0;0;0;0;0;18;0;0;0;18;0;18;0;0;0;0;0;0;18;18;0;0;380;48;0;0;0;0
2025;11022558;4;0;0;0;4;4;1;1;1;0;1;0;0;0;0;0;0;0;0;0;0;0;0;0;0;0;0;0;0;0;0;0;0;0;0;0;0;0;0;0;0;0;0;0;0;0;0;0;0;0;0;0;0;0;0;0;0;0;0;0;0;0;0;0;0;0;0;0;0;0;0;0;0;0;0;0;0;0;0;0;0;0;0;0;0;0;0;0;0;0;0;0;0;0;0;0;0;0;0;0;0;0;0;0;0;0;0;0;0;0;0;0;0;0;0;0;0;0;0;0;0;0;3;1;0;0;0;0;0;4;0;0;3;1;0;0;0;0;4;0;0;0;4;4;0;0;0;0;0;0;0;0;0;0;0;4;4;0;0;4;4;0;0;0;0;0;0;0;0;0;0;0;0;0;0;0;0;0;0;0;0;0;0;0;0;0;0;0;0;0;0;0;0;0;0;0;0;0;0;0;0;0;0;0;0;0;0;0;0;0;0;0;0;0;0;0;0;0;0;0;0;0;0;0;0;0;0;0;0;0;4;0;0;0;0
2025;11024275;108;0;0;0;0;0;0;0;0;0;0;0;0;0;0;0;0;0;0;0;0;0;0;0;0;0;0;0;0;0;0;0;0;0;0;0;0;0;0;0;0;0;0;0;0;0;0;0;0;0;0;0;0;0;0;0;0;0;0;0;0;0;0;0;0;0;0;0;0;0;0;0;0;108;34;34;0;34;0;74;74;0;0;3;0;0;0;0;0;0;0;0;0;3;1;2;3;0;0;0;0;0;0;0;0;0;3;1;2;0;0;0;0;0;0;0;0;0;0;0;0;0;70;38;0;30;7;64;0;7;0;0;0;0;12;96;0;0;0;0;13;95;0;0;0;108;0;0;0;0;0;0;0;0;0;0;0;0;0;0;0;0;0;0;0;0;0;0;0;0;0;0;0;0;0;0;0;0;0;0;0;0;0;0;0;108;0;0;0;0;34;0;0;0;0;74;0;0;0;0;3;0;0;0;0;3;0;0;0;0;0;0;0;0;0;0;0;0;0;0;0;0;0;0;0;0;0;0;0;81;27;0;0;0;0
2025;11024372;100;21;0;21;79;44;12;10;8;6;8;35;2;14;11;8;0;0;0;0;0;0;0;0;0;0;0;0;0;0;0;0;0;0;0;0;0;0;0;0;0;0;0;0;0;0;0;0;0;0;0;0;0;0;0;0;0;0;0;0;0;0;0;0;0;0;0;0;0;0;0;0;0;0;0;0;0;0;0;0;0;0;0;3;1;0;1;2;2;0;0;0;0;0;0;0;3;1;0;1;2;2;0;0;0;0;0;0;0;0;0;0;0;0;0;0;0;0;0;0;0;0;39;61;0;14;4;49;0;33;0;21;42;34;3;0;0;21;42;35;2;0;100;33;67;0;0;0;0;0;0;21;0;21;0;79;33;46;0;44;0;44;0;35;33;2;0;0;0;0;0;0;0;0;0;0;0;0;0;0;0;0;0;0;0;0;0;0;0;0;0;0;0;0;0;0;0;3;0;3;0;0;3;0;3;0;0;0;0;0;0;0;0;0;0;0;0;0;0;0;0;0;0;0;0;0;0;0;0;56;44;0;32;0;32
2025;11024666;164;29;0;29;135;80;23;15;17;13;12;55;7;16;12;20;0;0;0;0;0;0;0;0;0;0;0;0;0;0;0;0;0;0;0;0;0;0;0;0;0;0;0;0;0;0;0;0;0;0;0;0;0;0;0;0;0;0;0;0;0;0;0;0;0;0;0;0;0;0;0;0;0;0;0;0;0;0;0;0;0;0;0;6;1;0;1;5;2;3;0;0;0;0;0;0;6;1;0;1;5;2;3;0;0;0;0;0;0;0;0;0;0;0;0;0;0;0;0;0;0;0;73;91;0;80;0;81;0;3;0;28;80;50;6;0;0;29;80;49;6;0;164;132;32;0;0;0;0;0;0;29;29;0;0;135;103;32;0;80;80;0;0;55;23;32;0;0;0;0;0;0;0;0;0;0;0;0;0;0;0;0;0;0;0;0;0;0;0;0;0;0;0;0;0;0;0;6;4;2;0;0;6;4;2;0;0;0;0;0;0;0;0;0;0;0;0;0;0;0;0;0;0;0;0;0;0;0;0;3;161;0;130;0;130
2025;11024682;556;0;0;0;193;0;0;0;0;0;0;193;24;58;58;53;363;260;85;113;62;0;0;0;0;0;0;0;0;103;13;0;90;0;0;0;0;0;0;0;363;278;278;0;0;181;181;0;0;242;242;0;0;278;278;0;0;0;0;0;0;103;103;0;0;103;0;0;0;0;103;0;0;0;0;0;0;0;0;0;0;0;0;26;0;0;0;20;0;20;6;1;0;0;0;0;26;0;0;0;20;0;20;6;1;0;0;0;0;0;0;0;0;0;0;0;0;0;0;0;0;0;268;288;4;175;16;351;0;10;0;0;2;217;289;48;0;0;6;229;293;28;457;275;182;99;0;0;0;0;0;0;0;0;0;193;130;63;0;0;0;0;0;193;130;63;0;264;145;119;99;0;28;16;12;75;0;0;0;0;0;0;0;0;0;0;0;0;0;0;0;0;0;0;0;0;0;25;10;15;1;0;25;10;15;1;0;0;0;0;0;0;11;0;0;0;11;0;11;0;0;0;0;0;0;11;11;0;0;253;303;0;258;0;258
2025;11024828;127;22;0;22;105;54;11;13;13;12;5;51;12;15;14;10;0;0;0;0;0;0;0;0;0;0;0;0;0;0;0;0;0;0;0;0;0;0;0;0;0;0;0;0;0;0;0;0;0;0;0;0;0;0;0;0;0;0;0;0;0;0;0;0;0;0;0;0;0;0;0;0;0;0;0;0;0;0;0;0;0;0;0;0;0;0;0;0;0;0;0;0;0;0;0;0;0;0;0;0;0;0;0;0;0;0;0;0;0;0;0;0;0;0;0;0;0;0;0;0;0;0;65;62;0;45;1;78;0;3;0;21;52;51;3;0;0;22;53;49;3;0;127;127;0;0;0;0;0;0;0;22;22;0;0;105;105;0;0;54;54;0;0;51;51;0;0;0;0;0;0;0;0;0;0;0;0;0;0;0;0;0;0;0;0;0;0;0;0;0;0;0;0;0;0;0;0;0;0;0;0;0;0;0;0;0;0;0;0;0;0;0;0;0;0;0;0;0;0;0;0;0;0;0;0;0;0;0;0;11;116;0;107;0;107
2025;11024917;60;12;0;12;48;30;5;8;8;2;7;18;0;3;7;8;0;0;0;0;0;0;0;0;0;0;0;0;0;0;0;0;0;0;0;0;0;0;0;0;0;0;0;0;0;0;0;0;0;0;0;0;0;0;0;0;0;0;0;0;0;0;0;0;0;0;0;0;0;0;0;0;0;0;0;0;0;0;0;0;0;0;0;3;0;0;0;3;3;0;0;0;0;0;0;0;3;0;0;0;3;3;0;0;0;0;0;0;0;0;0;0;0;0;0;0;0;0;0;0;0;0;25;35;0;25;0;35;0;0;0;10;30;18;2;0;0;12;28;19;1;0;60;60;0;0;0;0;0;0;0;12;12;0;0;48;48;0;0;30;30;0;0;18;18;0;0;0;0;0;0;0;0;0;0;0;0;0;0;0;0;0;0;0;0;0;0;0;0;0;0;0;0;0;0;0;0;3;3;0;0;0;3;3;0;0;0;0;0;0;0;0;0;0;0;0;0;0;0;0;0;0;0;0;0;0;0;0;0;0;60;0;53;0;53
2025;11024968;334;0;0;0;124;0;0;0;0;0;0;124;27;27;35;35;210;164;65;46;53;0;0;0;0;0;0;0;0;46;0;24;22;0;0;0;0;0;0;0;210;210;210;0;0;210;210;0;0;210;210;0;0;145;145;0;0;0;0;0;0;46;46;0;0;46;0;0;0;0;46;0;0;0;0;0;0;0;0;0;0;0;0;7;0;0;0;1;0;1;6;2;0;0;0;0;7;0;0;0;1;0;1;6;2;0;0;0;0;0;0;0;0;0;0;0;0;0;0;0;0;0;174;160;1;146;6;176;1;4;0;0;11;146;164;13;0;0;15;149;163;7;334;0;334;0;0;0;0;0;0;0;0;0;0;124;0;124;0;0;0;0;0;124;0;124;0;210;0;210;0;0;46;0;46;0;0;0;0;0;0;0;0;0;0;0;0;0;0;0;0;0;0;0;0;0;0;7;0;7;0;0;7;0;7;0;0;0;0;0;0;0;334;0;0;0;124;0;124;210;46;0;0;0;0;7;7;0;0;271;63;0;28;0;28
2025;11025077;85;15;0;15;70;43;13;4;8;12;6;27;9;8;9;1;0;0;0;0;0;0;0;0;0;0;0;0;0;0;0;0;0;0;0;0;0;0;0;0;0;0;0;0;0;0;0;0;0;0;0;0;0;0;0;0;0;0;0;0;0;0;0;0;0;0;0;0;0;0;0;0;0;0;0;0;0;0;0;0;0;0;0;0;0;0;0;0;0;0;0;0;0;0;0;0;0;0;0;0;0;0;0;0;0;0;0;0;0;0;0;0;0;0;0;0;0;0;0;0;0;0;39;46;0;23;2;54;0;6;0;14;40;28;3;0;0;15;41;28;1;0;85;85;0;0;0;0;0;0;0;15;15;0;0;70;70;0;0;43;43;0;0;27;27;0;0;0;0;0;0;0;0;0;0;0;0;0;0;0;0;0;0;0;0;0;0;0;0;0;0;0;0;0;0;0;0;0;0;0;0;0;0;0;0;0;0;0;0;0;0;0;0;0;0;0;0;0;0;0;0;0;0;0;0;0;0;0;0;0;85;0;69;0;69
2025;11025115;19;0;0;0;19;19;3;7;2;3;4;0;0;0;0;0;0;0;0;0;0;0;0;0;0;0;0;0;0;0;0;0;0;0;0;0;0;0;0;0;0;0;0;0;0;0;0;0;0;0;0;0;0;0;0;0;0;0;0;0;0;0;0;0;0;0;0;0;0;0;0;0;0;0;0;0;0;0;0;0;0;0;0;3;0;0;0;3;3;0;0;0;0;0;0;0;3;0;0;0;3;3;0;0;0;0;0;0;0;0;0;0;0;0;0;0;0;0;0;0;0;0;9;10;0;8;1;9;0;1;0;0;17;2;0;0;0;0;19;0;0;0;19;19;0;0;0;0;0;0;0;0;0;0;0;19;19;0;0;19;19;0;0;0;0;0;0;0;0;0;0;0;0;0;0;0;0;0;0;0;0;0;0;0;0;0;0;0;0;0;0;0;0;0;0;0;0;3;3;0;0;0;3;3;0;0;0;0;0;0;0;0;0;0;0;0;0;0;0;0;0;0;0;0;0;0;0;0;0;0;19;0;19;0;19
2025;11025280;114;17;0;17;97;56;15;7;11;9;14;41;9;9;16;7;0;0;0;0;0;0;0;0;0;0;0;0;0;0;0;0;0;0;0;0;0;0;0;0;0;0;0;0;0;0;0;0;0;0;0;0;0;0;0;0;0;0;0;0;0;0;0;0;0;0;0;0;0;0;0;0;0;0;0;0;0;0;0;0;0;0;0;2;0;0;0;2;1;1;0;0;0;0;0;0;2;0;0;0;2;1;1;0;0;0;0;0;0;0;0;0;0;0;0;0;0;0;0;0;0;0;47;67;2;41;0;71;0;0;0;15;54;42;3;0;0;17;54;40;3;0;114;0;114;0;0;0;0;0;0;17;0;17;0;97;0;97;0;56;0;56;0;41;0;41;0;0;0;0;0;0;0;0;0;0;0;0;0;0;0;0;0;0;0;0;0;0;0;0;0;0;0;0;0;0;0;2;0;2;0;0;2;0;2;0;0;0;0;0;0;0;0;0;0;0;0;0;0;0;0;0;0;0;0;0;0;0;0;1;113;0;90;0;90
2025;11025310;228;44;0;44;184;100;25;19;14;23;19;84;16;21;20;27;0;0;0;0;0;0;0;0;0;0;0;0;0;0;0;0;0;0;0;0;0;0;0;0;0;0;0;0;0;0;0;0;0;0;0;0;0;0;0;0;0;0;0;0;0;0;0;0;0;0;0;0;0;0;0;0;0;0;0;0;0;0;0;0;0;0;0;3;0;0;0;3;1;2;0;0;0;0;0;0;3;0;0;0;3;1;2;0;0;0;0;0;0;0;0;0;0;0;0;0;0;0;0;0;0;0;98;130;2;99;4;123;0;0;0;38;99;80;11;0;0;44;95;82;7;0;228;228;0;0;0;0;0;0;0;44;44;0;0;184;184;0;0;100;100;0;0;84;84;0;0;0;0;0;0;0;0;0;0;0;0;0;0;0;0;0;0;0;0;0;0;0;0;0;0;0;0;0;0;0;0;3;3;0;0;0;3;3;0;0;0;0;0;0;0;0;0;0;0;0;0;0;0;0;0;0;0;0;0;0;0;0;0;0;228;0;186;0;186
2025;11025352;150;12;0;12;138;80;18;19;14;16;13;58;8;9;19;22;0;0;0;0;0;0;0;0;0;0;0;0;0;0;0;0;0;0;0;0;0;0;0;0;0;0;0;0;0;0;0;0;0;0;0;0;0;0;0;0;0;0;0;0;0;0;0;0;0;0;0;0;0;0;0;0;0;0;0;0;0;0;0;0;0;0;0;8;0;0;0;8;3;5;0;0;0;0;0;0;8;0;0;0;8;3;5;0;0;0;0;0;0;0;0;0;0;0;0;0;0;0;0;0;0;0;65;85;0;57;2;90;0;1;0;10;78;54;8;0;0;12;77;55;6;0;150;92;58;0;0;0;0;0;0;12;12;0;0;138;80;58;0;80;80;0;0;58;0;58;0;0;0;0;0;0;0;0;0;0;0;0;0;0;0;0;0;0;0;0;0;0;0;0;0;0;0;0;0;0;0;8;3;5;0;0;8;3;5;0;0;0;0;0;0;0;0;0;0;0;0;0;0;0;0;0;0;0;0;0;0;0;0;1;149;0;139;0;139
2025;11025620;175;0;0;0;122;0;0;0;0;0;0;122;30;26;33;33;53;27;27;0;0;0;0;0;0;0;0;0;0;26;26;0;0;0;0;0;0;0;0;0;53;0;0;0;0;0;0;0;0;53;53;0;0;53;53;0;0;0;0;0;0;26;26;0;0;26;0;0;0;0;26;0;0;0;0;0;0;0;0;0;0;0;0;13;0;0;0;10;0;10;3;3;0;0;0;0;13;0;0;0;10;0;10;3;3;0;0;0;0;0;0;0;0;0;0;0;0;0;0;0;0;0;71;104;0;40;5;126;1;3;0;0;3;117;52;3;0;0;8;123;42;2;175;83;92;0;0;0;0;0;0;0;0;0;0;122;56;66;0;0;0;0;0;122;56;66;0;53;27;26;0;0;26;0;26;0;0;0;0;0;0;0;0;0;0;0;0;0;0;0;0;0;0;0;0;0;0;13;6;7;0;0;13;6;7;0;0;0;0;0;0;0;0;0;0;0;0;0;0;0;0;0;0;0;0;0;0;0;0;155;20;0;16;0;16
2025;11025638;677;0;0;0;362;0;0;0;0;0;0;362;51;96;115;100;315;211;104;107;0;0;0;0;0;0;0;0;0;104;0;0;104;0;0;0;0;0;0;0;315;211;211;0;0;211;211;0;0;104;104;0;0;208;208;0;0;0;0;0;0;104;104;0;0;104;0;0;0;0;104;0;0;0;0;0;0;0;0;0;0;0;0;27;0;0;0;12;0;12;15;4;0;0;0;0;27;0;0;0;12;0;12;15;4;0;0;0;0;0;0;0;0;0;0;0;0;0;0;0;0;0;366;311;1;233;26;409;2;6;0;0;14;386;249;28;0;0;25;385;256;11;677;386;291;0;0;0;0;0;0;0;0;0;0;362;215;147;0;0;0;0;0;362;215;147;0;315;171;144;0;0;104;53;51;0;0;0;0;0;0;0;0;0;0;0;0;0;0;0;0;0;0;0;0;0;0;27;16;11;0;0;27;16;11;0;0;0;0;0;0;0;0;0;0;0;0;0;0;0;0;0;0;0;0;0;0;0;0;484;193;0;183;0;183
2025;11025654;489;115;0;115;374;374;72;99;67;51;85;0;0;0;0;0;0;0;0;0;0;0;0;0;0;0;0;0;0;0;0;0;0;0;0;0;0;0;0;0;0;0;0;0;0;0;0;0;0;0;0;0;0;0;0;0;0;0;0;0;0;0;0;0;0;0;0;0;0;0;0;0;0;0;0;0;0;0;0;0;0;0;0;45;7;0;7;38;38;0;0;0;0;0;0;0;45;7;0;7;38;38;0;0;0;0;0;0;0;0;0;0;0;0;0;0;0;0;0;0;0;0;244;245;3;192;4;284;1;5;0;105;369;15;0;0;0;116;364;9;0;0;489;252;237;0;0;0;0;0;0;115;60;55;0;374;192;182;0;374;192;182;0;0;0;0;0;0;0;0;0;0;0;0;0;0;0;0;0;0;0;0;0;0;0;0;0;0;0;0;0;0;0;0;0;0;0;45;22;23;0;0;45;22;23;0;0;0;0;0;0;0;0;0;0;0;0;0;0;0;0;0;0;0;0;0;0;0;0;295;194;0;122;1;121
2025;11037962;73;0;0;0;42;24;2;5;1;6;10;18;2;5;5;6;31;31;11;4;16;0;0;0;0;0;0;0;0;0;0;0;0;0;0;0;0;0;0;0;31;31;31;0;0;0;0;0;0;31;31;0;0;0;0;0;0;0;0;0;0;0;0;0;0;0;0;0;0;0;0;0;0;0;0;0;0;0;0;0;0;0;0;0;0;0;0;0;0;0;0;0;0;0;0;0;0;0;0;0;0;0;0;0;0;0;0;0;0;0;0;0;0;0;0;0;0;0;0;0;0;0;32;41;0;0;0;1;0;72;0;0;16;17;18;22;0;0;16;17;18;22;73;35;38;0;0;0;0;0;0;0;0;0;0;42;31;11;0;24;24;0;0;18;7;11;0;31;4;27;0;0;0;0;0;0;0;0;0;0;0;0;0;0;0;0;0;0;0;0;0;0;0;0;0;0;0;0;0;0;0;0;0;0;0;0;0;0;0;0;0;0;0;0;0;0;0;0;0;0;0;0;0;0;0;0;0;0;0;0;73;0;55;54;1
2025;11038047;6;0;0;0;6;6;0;1;0;1;4;0;0;0;0;0;0;0;0;0;0;0;0;0;0;0;0;0;0;0;0;0;0;0;0;0;0;0;0;0;0;0;0;0;0;0;0;0;0;0;0;0;0;0;0;0;0;0;0;0;0;0;0;0;0;0;0;0;0;0;0;0;0;0;0;0;0;0;0;0;0;0;0;0;0;0;0;0;0;0;0;0;0;0;0;0;0;0;0;0;0;0;0;0;0;0;0;0;0;0;0;0;0;0;0;0;0;0;0;0;0;0;5;1;0;0;0;0;0;6;0;0;2;4;0;0;0;0;2;4;0;0;6;6;0;0;0;0;0;0;0;0;0;0;0;6;6;0;0;6;6;0;0;0;0;0;0;0;0;0;0;0;0;0;0;0;0;0;0;0;0;0;0;0;0;0;0;0;0;0;0;0;0;0;0;0;0;0;0;0;0;0;0;0;0;0;0;0;0;0;0;0;0;0;0;0;0;0;0;0;0;0;0;0;0;0;0;0;0;0;6;0;0;0;0
2025;11038373;77;0;0;0;62;35;4;3;6;12;10;27;3;7;10;7;15;10;0;4;6;0;0;0;0;0;0;0;0;5;5;0;0;0;0;0;0;0;0;0;15;15;15;0;0;0;0;0;0;15;15;0;0;0;0;0;0;0;0;0;0;5;5;0;0;5;0;0;0;0;5;0;0;0;0;0;0;0;0;0;0;0;0;1;0;0;0;1;1;0;0;0;0;0;0;0;1;0;0;0;1;1;0;0;0;0;0;0;0;0;0;0;0;0;0;0;0;0;0;0;0;0;45;32;0;0;0;0;0;77;0;0;24;18;13;22;0;0;26;17;13;21;77;48;29;0;0;0;0;0;0;0;0;0;0;62;42;20;0;35;25;10;0;27;17;10;0;15;6;9;0;0;5;0;5;0;0;0;0;0;0;0;0;0;0;0;0;0;0;0;0;0;0;0;0;0;0;1;1;0;0;0;1;1;0;0;0;0;0;0;0;0;0;0;0;0;0;0;0;0;0;0;0;0;0;0;0;0;0;0;77;0;43;0;43
2025;11039493;111;111;111;0;0;0;0;0;0;0;0;0;0;0;0;0;0;0;0;0;0;0;0;0;0;0;0;0;0;0;0;0;0;0;0;0;0;0;0;0;0;0;0;0;0;0;0;0;0;0;0;0;0;0;0;0;0;0;0;0;0;0;0;0;0;0;0;0;0;0;0;0;0;0;0;0;0;0;0;0;0;0;0;8;8;8;0;0;0;0;0;0;0;0;0;0;8;8;8;0;0;0;0;0;0;0;0;0;0;0;0;0;0;0;0;0;0;0;0;0;0;0;48;63;0;39;1;71;0;0;100;11;0;0;0;0;111;0;0;0;0;0;111;39;72;0;0;111;39;72;0;0;0;0;0;0;0;0;0;0;0;0;0;0;0;0;0;0;0;0;0;0;0;0;0;0;0;0;0;0;0;0;0;0;0;0;0;0;0;0;0;0;0;0;0;0;0;8;1;7;0;0;8;1;7;0;0;0;0;0;0;0;27;27;27;0;0;0;0;0;0;0;0;0;0;3;3;0;0;107;4;0;0;0;0
2025;11046252;96;0;0;0;64;35;2;7;4;14;8;29;5;5;8;11;32;32;10;15;7;0;0;0;0;0;0;0;0;0;0;0;0;0;0;0;0;0;0;0;32;32;32;0;0;0;0;0;0;32;32;0;0;0;0;0;0;0;0;0;0;0;0;0;0;0;0;0;0;0;0;0;0;0;0;0;0;0;0;0;0;0;0;0;0;0;0;0;0;0;0;0;0;0;0;0;0;0;0;0;0;0;0;0;0;0;0;0;0;0;0;0;0;0;0;0;0;0;0;0;0;0;48;48;0;0;0;0;0;96;0;0;26;20;27;23;0;0;26;21;28;21;96;50;46;0;0;0;0;0;0;0;0;0;0;64;50;14;0;35;21;14;0;29;29;0;0;32;0;32;0;0;0;0;0;0;0;0;0;0;0;0;0;0;0;0;0;0;0;0;0;0;0;0;0;0;0;0;0;0;0;0;0;0;0;0;0;0;0;0;0;0;0;0;0;0;0;0;0;0;0;0;0;0;0;0;0;0;0;2;94;0;73;31;42
2025;11047402;270;270;0;270;0;0;0;0;0;0;0;0;0;0;0;0;0;0;0;0;0;0;0;0;0;0;0;0;0;0;0;0;0;0;0;0;0;0;0;0;0;0;0;0;0;0;0;0;0;0;0;0;0;0;0;0;0;0;0;0;0;0;0;0;0;0;0;0;0;0;0;0;0;0;0;0;0;0;0;0;0;0;0;28;28;0;28;0;0;0;0;0;0;0;0;0;28;28;0;28;0;0;0;0;0;0;0;0;0;0;0;0;0;0;0;0;0;0;0;0;0;0;132;138;0;100;3;162;2;3;0;244;26;0;0;0;0;270;0;0;0;0;270;137;133;0;0;0;0;0;0;270;137;133;0;0;0;0;0;0;0;0;0;0;0;0;0;0;0;0;0;0;0;0;0;0;0;0;0;0;0;0;0;0;0;0;0;0;0;0;0;0;0;0;0;0;0;28;11;17;0;0;28;11;17;0;0;0;0;0;0;0;0;0;0;0;0;0;0;0;0;0;0;0;0;0;0;0;0;214;56;0;37;0;37
2025;11047461;463;50;0;50;413;413;104;74;89;91;55;0;0;0;0;0;0;0;0;0;0;0;0;0;0;0;0;0;0;0;0;0;0;0;0;0;0;0;0;0;0;0;0;0;0;0;0;0;0;0;0;0;0;0;0;0;0;0;0;0;0;0;0;0;0;0;0;0;0;0;0;0;0;0;0;0;0;0;0;0;0;0;0;23;1;0;1;22;22;0;0;0;0;0;0;0;23;1;0;1;22;22;0;0;0;0;0;0;0;0;0;0;0;0;0;0;0;0;0;0;0;0;234;229;2;136;4;313;0;8;0;46;391;26;0;0;0;50;395;18;0;0;463;234;229;0;0;0;0;0;0;50;26;24;0;413;208;205;0;413;208;205;0;0;0;0;0;0;0;0;0;0;0;0;0;0;0;0;0;0;0;0;0;0;0;0;0;0;0;0;0;0;0;0;0;0;0;23;8;15;0;0;23;8;15;0;0;0;0;0;0;0;0;0;0;0;0;0;0;0;0;0;0;0;0;0;0;0;0;401;62;0;47;0;47
2025;11048450;1395;0;0;0;1051;570;99;119;116;119;117;481;120;118;120;123;344;344;155;115;74;0;0;0;0;0;0;0;0;0;0;0;0;0;0;0;0;0;0;0;344;344;344;0;0;344;344;0;0;344;344;0;0;344;344;0;0;0;0;0;0;0;0;0;0;0;0;0;0;0;0;0;0;0;0;0;0;0;0;0;0;0;0;54;0;0;0;40;29;11;14;0;0;0;0;0;54;0;0;0;40;29;11;14;0;0;0;0;0;0;0;0;0;0;0;0;0;0;0;0;0;0;724;671;21;219;44;1108;2;1;0;0;559;476;345;15;0;1;580;477;332;5;1395;705;690;0;0;0;0;0;0;0;0;0;0;1051;361;690;0;570;0;570;0;481;361;120;0;344;344;0;0;0;0;0;0;0;0;0;0;0;0;0;0;0;0;0;0;0;0;0;0;0;0;0;0;0;0;54;22;32;0;0;54;22;32;0;0;0;0;0;0;0;21;0;0;0;18;11;7;3;0;0;0;0;0;21;21;0;0;1358;37;0;0;0;0
2025;11050594;297;0;0;0;297;297;78;51;58;71;39;0;0;0;0;0;0;0;0;0;0;0;0;0;0;0;0;0;0;0;0;0;0;0;0;0;0;0;0;0;0;0;0;0;0;0;0;0;0;0;0;0;0;0;0;0;0;0;0;0;0;0;0;0;0;0;0;0;0;0;0;0;0;0;0;0;0;0;0;0;0;0;0;22;0;0;0;22;22;0;0;0;0;0;0;0;22;0;0;0;22;22;0;0;0;0;0;0;0;0;0;0;0;0;0;0;0;0;0;0;0;0;142;155;1;116;2;172;2;4;0;0;284;11;0;2;0;0;288;7;0;2;297;130;167;0;0;0;0;0;0;0;0;0;0;297;130;167;0;297;130;167;0;0;0;0;0;0;0;0;0;0;0;0;0;0;0;0;0;0;0;0;0;0;0;0;0;0;0;0;0;0;0;0;0;0;0;22;11;11;0;0;22;11;11;0;0;0;0;0;0;0;39;0;0;0;39;39;0;0;0;0;0;0;0;4;4;0;0;208;89;0;57;4;53
2025;11051264;141;141;141;0;0;0;0;0;0;0;0;0;0;0;0;0;0;0;0;0;0;0;0;0;0;0;0;0;0;0;0;0;0;0;0;0;0;0;0;0;0;0;0;0;0;0;0;0;0;0;0;0;0;0;0;0;0;0;0;0;0;0;0;0;0;0;0;0;0;0;0;0;0;0;0;0;0;0;0;0;0;0;0;5;5;5;0;0;0;0;0;0;0;0;0;0;5;5;5;0;0;0;0;0;0;0;0;0;0;0;0;0;0;0;0;0;0;0;0;0;0;0;73;68;0;76;1;64;0;0;126;15;0;0;0;0;141;0;0;0;0;0;141;85;56;0;0;141;85;56;0;0;0;0;0;0;0;0;0;0;0;0;0;0;0;0;0;0;0;0;0;0;0;0;0;0;0;0;0;0;0;0;0;0;0;0;0;0;0;0;0;0;0;0;0;0;0;5;1;4;0;0;5;1;4;0;0;0;0;0;0;0;29;29;29;0;0;0;0;0;0;0;0;0;0;0;0;0;0;138;3;0;0;0;0
2025;11109807;983;0;0;0;0;0;0;0;0;0;0;0;0;0;0;0;863;0;0;0;0;0;0;863;314;269;280;0;0;0;0;0;0;0;0;0;0;0;0;0;0;0;0;0;0;0;0;0;0;0;0;0;0;0;0;0;0;863;863;0;0;0;0;0;0;983;983;0;120;0;0;0;0;0;0;0;0;0;0;0;0;0;0;49;0;0;0;0;0;0;49;49;49;0;0;0;49;0;0;0;0;0;0;49;49;49;0;0;0;0;0;0;0;0;0;0;0;0;0;0;0;0;528;455;176;204;20;573;8;2;0;0;0;43;738;202;0;0;0;77;741;165;863;593;270;120;0;0;0;0;0;0;0;0;0;0;0;0;0;0;0;0;0;0;0;0;0;863;593;270;0;0;863;593;270;120;0;863;593;270;120;0;0;0;0;0;0;0;0;0;0;0;0;0;0;0;0;49;36;13;0;0;49;36;13;0;0;0;0;0;0;0;0;0;0;0;0;0;0;0;0;0;0;0;0;0;0;0;0;950;33;0;250;0;250
2025;12010928;1059;104;22;82;754;392;69;83;79;75;86;362;91;85;104;82;201;108;69;39;0;0;0;1;0;0;1;0;0;92;0;40;52;0;0;0;0;0;0;0;201;0;0;0;0;0;0;0;0;100;100;0;0;101;101;0;0;1;0;0;1;93;93;0;0;93;1;0;0;0;92;0;0;0;0;0;0;0;0;0;0;0;0;94;6;0;6;67;39;28;21;7;0;0;0;0;94;6;0;6;67;39;28;21;7;0;0;0;0;0;0;0;0;0;0;0;0;0;0;0;0;0;543;516;512;182;7;355;3;0;19;82;388;365;196;9;25;85;393;367;184;5;1059;758;301;0;0;22;11;11;0;82;46;36;0;754;500;254;0;392;247;145;0;362;253;109;0;201;201;0;0;0;93;93;0;0;0;1;1;0;0;0;0;0;0;0;0;0;0;0;0;0;0;0;0;0;0;94;72;22;0;0;94;72;22;0;0;0;0;0;0;0;6;0;0;0;5;5;0;1;1;1;0;0;0;5;5;0;0;1034;25;0;0;0;0
2025;12011410;483;17;0;17;320;117;21;25;23;25;23;203;47;62;31;63;146;145;32;59;54;0;0;1;0;1;0;0;0;0;0;0;0;0;0;0;0;0;0;0;0;0;0;0;0;0;0;0;0;0;0;0;0;0;0;0;0;1;0;0;1;0;0;0;0;1;1;0;0;0;0;0;0;0;0;0;0;0;0;0;0;0;0;43;2;0;2;29;11;18;12;0;0;0;0;0;43;2;0;2;29;11;18;12;0;0;0;0;0;0;0;0;0;0;0;0;0;0;0;0;0;0;261;222;40;130;22;282;8;1;0;14;121;190;149;9;0;17;122;191;148;5;483;483;0;0;0;0;0;0;0;17;17;0;0;320;320;0;0;117;117;0;0;203;203;0;0;146;146;0;0;0;1;1;0;0;0;1;1;0;0;0;0;0;0;0;0;0;0;0;0;0;0;0;0;0;0;43;43;0;0;0;43;43;0;0;0;0;0;0;0;0;5;0;0;0;3;2;1;2;1;1;0;0;0;4;4;0;0;470;13;0;0;0;0
2025;12011681;616;0;0;0;616;616;122;138;142;112;102;0;0;0;0;0;0;0;0;0;0;0;0;0;0;0;0;0;0;0;0;0;0;0;0;0;0;0;0;0;0;0;0;0;0;0;0;0;0;0;0;0;0;0;0;0;0;0;0;0;0;0;0;0;0;0;0;0;0;0;0;0;0;0;0;0;0;0;0;0;0;0;0;79;0;0;0;79;79;0;0;0;0;0;0;0;79;0;0;0;79;79;0;0;0;0;0;0;0;0;0;0;0;0;0;0;0;0;0;0;0;0;283;333;4;131;21;456;3;1;0;1;577;38;0;0;0;1;589;26;0;0;616;313;303;0;0;0;0;0;0;0;0;0;0;616;313;303;0;616;313;303;0;0;0;0;0;0;0;0;0;0;0;0;0;0;0;0;0;0;0;0;0;0;0;0;0;0;0;0;0;0;0;0;0;0;0;79;29;50;0;0;79;29;50;0;0;0;0;0;0;0;69;0;0;0;69;69;0;0;0;0;0;0;0;69;69;0;0;601;15;0;1;0;1
2025;12012823;297;0;0;0;242;133;29;26;31;22;25;109;29;31;26;23;55;55;21;15;19;0;0;0;0;0;0;0;0;0;0;0;0;0;0;0;0;0;0;0;0;0;0;0;0;0;0;0;0;0;0;0;0;0;0;0;0;0;0;0;0;0;0;0;0;0;0;0;0;0;0;0;0;0;0;0;0;0;0;0;0;0;0;31;0;0;0;31;18;13;0;0;0;0;0;0;31;0;0;0;31;18;13;0;0;0;0;0;0;0;0;0;0;0;0;0;0;0;0;0;0;0;127;170;166;12;4;114;1;0;0;2;125;95;64;11;0;3;126;94;67;7;297;133;164;0;0;0;0;0;0;0;0;0;0;242;133;109;0;133;133;0;0;109;0;109;0;55;0;55;0;0;0;0;0;0;0;0;0;0;0;0;0;0;0;0;0;0;0;0;0;0;0;0;0;0;0;31;18;13;0;0;31;18;13;0;0;0;0;0;0;0;21;0;0;0;21;13;8;0;0;0;0;0;0;21;21;0;0;27;270;0;295;295;0
2025;12013242;1046;0;0;0;462;0;0;0;0;0;0;462;119;119;120;104;373;282;151;34;97;0;0;1;0;0;1;0;0;90;1;89;0;0;0;0;0;0;0;0;373;275;275;0;0;275;275;0;0;373;373;0;0;373;373;0;0;1;0;0;1;90;89;0;1;126;36;0;0;0;90;0;0;211;94;94;19;75;0;117;82;0;35;105;0;0;0;57;0;57;34;8;3;14;8;6;105;0;0;0;57;0;57;34;8;3;14;8;6;0;0;0;0;0;0;0;0;0;0;0;0;0;510;536;328;136;19;553;5;5;0;0;0;449;401;196;0;0;14;454;399;179;835;462;373;211;0;0;0;0;0;0;0;0;0;462;462;0;0;0;0;0;0;462;462;0;0;373;0;373;0;0;91;0;91;35;0;1;0;1;35;0;0;0;0;211;0;0;0;0;94;0;0;0;0;117;0;91;57;34;14;0;91;57;34;14;0;0;0;0;0;0;52;0;0;0;32;0;32;17;5;2;3;1;2;50;50;0;0;939;107;0;69;69;0
2025;12013595;508;0;0;0;353;139;19;27;13;43;37;214;46;54;59;55;98;5;0;5;0;0;0;56;37;0;19;0;0;37;0;27;10;0;0;0;0;0;0;0;42;32;32;0;0;42;42;0;0;32;32;0;0;42;42;0;0;56;56;0;0;37;10;0;27;93;56;0;0;0;37;0;0;57;12;12;0;12;0;45;45;0;0;57;0;0;0;41;14;27;12;11;3;4;1;3;57;0;0;0;41;14;27;12;11;3;4;1;3;0;0;0;0;0;0;0;0;0;0;0;0;0;263;245;196;27;4;279;0;2;0;0;119;205;112;72;0;0;124;205;108;71;451;267;184;57;0;0;0;0;0;0;0;0;0;353;169;184;0;139;139;0;0;214;30;184;0;98;98;0;0;0;93;93;0;0;0;56;56;0;0;0;0;0;0;57;0;0;0;0;12;0;0;0;0;45;0;53;29;24;4;0;53;29;24;4;0;0;0;0;0;0;43;0;0;0;23;11;12;18;17;12;2;0;2;32;32;0;0;194;314;0;452;452;0
2025;12014001;263;0;0;0;172;87;21;14;21;15;16;85;26;18;16;25;55;12;0;12;0;0;0;27;27;0;0;0;0;16;0;1;15;0;0;0;0;0;0;0;0;0;0;0;0;0;0;0;0;0;0;0;0;0;0;0;0;27;0;0;27;16;15;0;1;43;27;0;0;0;16;0;0;36;17;17;0;17;0;19;19;0;0;36;0;0;0;29;16;13;6;5;3;1;0;1;36;0;0;0;29;16;13;6;5;3;1;0;1;0;0;0;0;0;0;0;0;0;0;0;0;0;125;138;59;20;5;178;1;0;0;0;87;83;52;41;0;1;87;84;52;39;227;85;142;36;0;0;0;0;0;0;0;0;0;172;85;87;0;87;0;87;0;85;85;0;0;55;0;55;0;0;43;0;43;0;0;27;0;27;0;0;0;0;0;36;0;0;0;0;17;0;0;0;0;19;0;35;13;22;1;0;35;13;22;1;0;0;0;0;0;0;25;0;0;0;20;12;8;5;4;2;0;0;0;25;25;0;0;88;175;0;73;73;0
2025;12014389;1365;0;0;0;1365;612;35;140;137;183;117;753;145;204;208;196;0;0;0;0;0;0;0;0;0;0;0;0;0;0;0;0;0;0;0;0;0;0;0;0;0;0;0;0;0;0;0;0;0;0;0;0;0;0;0;0;0;0;0;0;0;0;0;0;0;0;0;0;0;0;0;0;0;0;0;0;0;0;0;0;0;0;0;221;0;0;0;221;106;115;0;0;0;0;0;0;221;0;0;0;221;106;115;0;0;0;0;0;0;0;0;0;0;0;0;0;0;0;0;0;0;0;678;687;423;192;22;721;5;2;0;0;599;750;16;0;0;0;629;724;12;0;1365;693;672;0;0;0;0;0;0;0;0;0;0;1365;693;672;0;612;612;0;0;753;81;672;0;0;0;0;0;0;0;0;0;0;0;0;0;0;0;0;0;0;0;0;0;0;0;0;0;0;0;0;0;0;0;221;124;97;0;0;221;124;97;0;0;0;0;0;0;0;62;0;0;0;62;30;32;0;0;0;0;0;0;62;62;0;0;1328;37;0;0;0;0
2025;13025082;331;0;0;0;255;159;37;38;13;46;25;96;30;24;12;30;76;76;28;26;22;0;0;0;0;0;0;0;0;0;0;0;0;0;0;0;0;0;0;0;76;0;0;0;0;76;76;0;0;76;76;0;0;0;0;0;0;0;0;0;0;0;0;0;0;0;0;0;0;0;0;0;0;0;0;0;0;0;0;0;0;0;0;76;0;0;0;60;32;28;16;0;0;0;0;0;76;0;0;0;60;32;28;16;0;0;0;0;0;0;0;0;0;0;0;0;0;0;0;0;0;0;172;159;95;100;3;133;0;0;0;1;155;98;76;1;0;3;153;104;71;0;331;331;0;0;0;0;0;0;0;0;0;0;0;255;255;0;0;159;159;0;0;96;96;0;0;76;76;0;0;0;0;0;0;0;0;0;0;0;0;0;0;0;0;0;0;0;0;0;0;0;0;0;0;0;0;76;76;0;0;0;76;76;0;0;0;0;0;0;0;0;76;0;0;0;0;0;0;76;0;0;0;0;0;16;16;0;0;329;2;0;0;0;0
2025;13026488;942;0;0;0;544;0;0;0;0;0;0;544;127;147;133;137;398;398;153;131;114;0;0;0;0;0;0;0;0;0;0;0;0;0;0;0;0;0;0;0;0;0;0;0;0;0;0;0;0;0;0;0;0;0;0;0;0;0;0;0;0;0;0;0;0;0;0;0;0;0;0;0;0;0;0;0;0;0;0;0;0;0;0;20;0;0;0;15;0;15;5;0;0;0;0;0;20;0;0;0;15;0;15;5;0;0;0;0;0;0;0;0;0;0;0;0;0;0;0;0;0;0;454;488;229;299;15;397;0;2;0;0;8;512;398;24;0;0;17;533;377;15;942;942;0;0;0;0;0;0;0;0;0;0;0;544;544;0;0;0;0;0;0;544;544;0;0;398;398;0;0;0;0;0;0;0;0;0;0;0;0;0;0;0;0;0;0;0;0;0;0;0;0;0;0;0;0;20;20;0;0;0;20;20;0;0;0;0;0;0;0;0;0;0;0;0;0;0;0;0;0;0;0;0;0;0;0;0;0;940;2;0;500;1;499
2025;13026577;2015;0;0;0;1174;233;0;0;0;108;125;941;214;203;247;277;841;841;268;311;262;0;0;0;0;0;0;0;0;0;0;0;0;0;0;0;0;0;0;0;841;841;841;0;0;841;841;0;0;841;841;0;0;841;841;0;0;0;0;0;0;0;0;0;0;0;0;0;0;0;0;0;0;0;0;0;0;0;0;0;0;0;0;56;0;0;0;39;8;31;17;0;0;0;0;0;56;0;0;0;39;8;31;17;0;0;0;0;0;0;0;0;0;0;0;0;0;0;0;0;0;0;1067;948;256;247;19;1490;3;0;0;0;207;923;831;54;0;0;233;950;792;40;2015;1118;897;0;0;0;0;0;0;0;0;0;0;1174;277;897;0;233;0;233;0;941;277;664;0;841;841;0;0;0;0;0;0;0;0;0;0;0;0;0;0;0;0;0;0;0;0;0;0;0;0;0;0;0;0;56;22;34;0;0;56;22;34;0;0;0;0;0;0;0;4;0;0;0;1;0;1;3;0;0;0;0;0;4;4;0;0;2010;5;0;0;0;0
2025;13026828;903;0;0;0;875;875;210;180;160;194;131;0;0;0;0;0;0;0;0;0;0;0;0;0;0;0;0;0;0;0;0;0;0;0;0;0;0;0;0;0;0;0;0;0;0;0;0;0;0;0;0;0;0;0;0;0;0;0;0;0;0;0;0;0;0;0;0;0;0;0;0;0;0;28;28;28;28;0;0;0;0;0;0;52;0;0;0;51;51;0;0;0;0;1;1;0;52;0;0;0;51;51;0;0;0;0;1;1;0;0;0;0;0;0;0;0;0;0;0;0;0;0;437;466;56;75;27;730;0;15;0;0;855;20;0;28;0;0;872;3;0;28;875;412;463;28;0;0;0;0;0;0;0;0;0;875;412;463;0;875;412;463;0;0;0;0;0;0;0;0;0;0;0;0;0;0;0;0;0;0;0;0;0;0;0;28;0;0;0;0;28;0;0;0;0;0;0;51;29;22;1;0;51;29;22;1;0;0;0;0;0;0;218;0;0;0;218;218;0;0;0;0;0;0;0;32;32;0;0;902;1;0;0;0;0
2025;13027042;295;0;0;0;295;0;0;0;0;0;0;295;80;75;70;70;0;0;0;0;0;0;0;0;0;0;0;0;0;0;0;0;0;0;0;0;0;0;0;0;0;0;0;0;0;0;0;0;0;0;0;0;0;0;0;0;0;0;0;0;0;0;0;0;0;0;0;0;0;0;0;0;0;0;0;0;0;0;0;0;0;0;0;12;0;0;0;12;0;12;0;0;0;0;0;0;12;0;0;0;12;0;12;0;0;0;0;0;0;0;0;0;0;0;0;0;0;0;0;0;0;0;153;142;26;49;7;211;1;1;0;0;3;257;35;0;0;0;4;267;24;0;295;295;0;0;0;0;0;0;0;0;0;0;0;295;295;0;0;0;0;0;0;295;295;0;0;0;0;0;0;0;0;0;0;0;0;0;0;0;0;0;0;0;0;0;0;0;0;0;0;0;0;0;0;0;0;12;12;0;0;0;12;12;0;0;0;0;0;0;0;0;295;0;0;0;295;0;295;0;0;0;0;0;0;12;12;0;0;295;0;0;0;0;0
2025;13027158;904;0;0;0;0;0;0;0;0;0;0;0;0;0;0;0;746;746;286;256;204;0;0;0;0;0;0;0;0;0;0;0;0;0;0;0;0;0;0;0;746;746;746;0;0;746;746;0;0;746;746;0;0;746;746;0;0;0;0;0;0;0;0;0;0;0;0;0;0;0;0;0;0;158;0;0;0;0;0;158;158;0;0;29;0;0;0;0;0;0;25;0;0;4;0;4;29;0;0;0;0;0;0;25;0;0;4;0;4;0;0;0;0;0;0;0;0;0;0;0;0;0;425;479;13;165;42;663;15;6;0;0;0;4;630;270;0;0;0;6;656;242;637;354;283;267;0;0;0;0;0;0;0;0;0;0;0;0;0;0;0;0;0;0;0;0;0;637;354;283;109;0;0;0;0;0;0;0;0;0;0;0;0;0;0;158;0;0;0;0;0;0;0;0;0;158;0;23;11;12;6;0;23;11;12;6;0;0;0;0;0;0;21;0;0;0;0;0;0;18;0;0;3;0;3;21;21;0;0;901;3;0;0;0;0
2025;13027255;1811;0;0;0;338;0;0;0;0;0;0;338;82;85;84;87;1272;1272;457;522;293;0;0;0;0;0;0;0;0;0;0;0;0;0;0;0;0;0;0;0;1272;1272;1272;0;0;1272;1272;0;0;1272;1272;0;0;1272;1272;0;0;0;0;0;0;0;0;0;0;0;0;0;0;0;0;0;0;201;42;42;0;42;0;159;159;0;0;44;0;0;0;13;0;13;25;0;0;6;1;5;44;0;0;0;13;0;13;25;0;0;6;1;5;0;0;0;0;0;0;0;0;0;0;0;0;0;862;949;59;315;54;1361;20;2;0;0;0;308;1201;302;0;0;0;322;1237;252;1495;934;561;316;0;0;0;0;0;0;0;0;0;338;338;0;0;0;0;0;0;338;338;0;0;1157;596;561;115;0;0;0;0;0;0;0;0;0;0;0;0;0;0;201;0;0;0;0;42;0;0;0;0;159;0;37;26;11;7;0;37;26;11;7;0;0;0;0;0;0;2;0;0;0;0;0;0;2;0;0;0;0;0;0;0;0;0;1811;0;0;0;0;0
2025;13027280;994;0;0;0;0;0;0;0;0;0;0;0;0;0;0;0;994;994;340;331;323;0;0;0;0;0;0;0;0;0;0;0;0;0;0;0;0;0;0;0;994;994;994;0;0;994;994;0;0;994;994;0;0;994;994;0;0;0;0;0;0;0;0;0;0;0;0;0;0;0;0;0;0;0;0;0;0;0;0;0;0;0;0;26;0;0;0;0;0;0;26;0;0;0;0;0;26;0;0;0;0;0;0;26;0;0;0;0;0;0;0;0;0;0;0;0;0;0;0;0;0;0;504;490;0;195;52;721;14;12;0;0;0;3;870;121;0;0;0;6;911;77;994;529;465;0;0;0;0;0;0;0;0;0;0;0;0;0;0;0;0;0;0;0;0;0;0;994;529;465;0;0;0;0;0;0;0;0;0;0;0;0;0;0;0;0;0;0;0;0;0;0;0;0;0;0;0;26;8;18;0;0;26;8;18;0;0;0;0;0;0;0;0;0;0;0;0;0;0;0;0;0;0;0;0;0;0;0;0;993;1;0;0;0;0
2025;15035557;504;0;0;0;278;0;0;0;0;0;0;278;58;77;70;73;226;226;85;75;66;0;0;0;0;0;0;0;0;0;0;0;0;0;0;0;0;0;0;0;226;66;66;0;0;66;66;0;0;160;160;0;0;160;160;0;0;0;0;0;0;0;0;0;0;0;0;0;0;0;0;0;0;0;0;0;0;0;0;0;0;0;0;19;0;0;0;9;0;9;10;0;0;0;0;0;19;0;0;0;9;0;9;10;0;0;0;0;0;0;0;0;0;0;0;0;0;0;0;0;0;0;243;261;8;87;35;374;0;0;0;0;0;241;217;46;0;0;3;253;209;39;504;269;235;0;0;0;0;0;0;0;0;0;0;278;147;131;0;0;0;0;0;278;147;131;0;226;122;104;0;0;0;0;0;0;0;0;0;0;0;0;0;0;0;0;0;0;0;0;0;0;0;0;0;0;0;19;12;7;0;0;19;12;7;0;0;0;0;0;0;0;67;0;0;0;4;0;4;63;0;0;0;0;0;10;10;0;0;500;4;0;4;4;0
2025;15037991;495;0;0;0;322;68;0;0;0;25;43;254;43;78;73;60;173;173;76;69;28;0;0;0;0;0;0;0;0;0;0;0;0;0;0;0;0;0;0;0;173;28;28;0;0;28;28;0;0;145;145;0;0;145;145;0;0;0;0;0;0;0;0;0;0;0;0;0;0;0;0;0;0;0;0;0;0;0;0;0;0;0;0;25;0;0;0;17;4;13;8;0;0;0;0;0;25;0;0;0;17;4;13;8;0;0;0;0;0;0;0;0;0;0;0;0;0;0;0;0;0;0;247;248;2;29;16;448;0;0;0;0;43;257;168;27;0;0;50;266;161;18;495;322;173;0;0;0;0;0;0;0;0;0;0;322;322;0;0;68;68;0;0;254;254;0;0;173;0;173;0;0;0;0;0;0;0;0;0;0;0;0;0;0;0;0;0;0;0;0;0;0;0;0;0;0;0;25;17;8;0;0;25;17;8;0;0;0;0;0;0;0;15;0;0;0;10;3;7;5;0;0;0;0;0;14;14;0;0;495;0;0;0;0;0
2025;15038688;1279;75;0;75;753;257;45;45;46;59;62;496;122;124;125;125;429;429;149;170;110;0;0;0;0;0;0;0;0;0;0;0;0;0;0;0;0;0;0;0;110;110;110;0;0;0;0;0;0;0;0;0;0;0;0;0;0;0;0;0;0;0;0;0;0;0;0;0;0;0;0;0;0;22;0;0;0;0;0;22;22;0;0;88;11;0;11;55;20;35;21;0;0;1;0;1;88;11;0;11;55;20;35;21;0;0;1;0;1;0;0;0;0;0;0;0;0;0;0;0;0;0;649;630;25;278;97;868;10;1;0;69;256;503;412;39;0;75;265;504;405;30;1257;761;496;22;0;0;0;0;0;75;75;0;0;753;257;496;0;257;257;0;0;496;0;496;0;429;429;0;0;0;0;0;0;0;0;0;0;0;0;0;0;0;0;22;0;0;0;0;0;0;0;0;0;22;0;87;52;35;1;0;87;52;35;1;0;0;0;0;0;0;2;1;0;1;1;0;1;0;0;0;0;0;0;2;2;0;0;1272;7;0;0;0;0
2025;15038769;1105;0;0;0;579;0;0;0;0;0;0;579;70;164;153;192;489;489;173;162;154;0;0;0;0;0;0;0;0;0;0;0;0;0;0;0;0;0;0;0;489;154;154;0;0;154;154;0;0;335;335;0;0;335;335;0;0;0;0;0;0;0;0;0;0;0;0;0;0;0;0;0;0;37;37;37;0;37;0;0;0;0;0;57;0;0;0;32;0;32;23;0;0;2;2;0;57;0;0;0;32;0;32;23;0;0;2;2;0;0;0;0;0;0;0;0;0;0;0;0;0;0;484;621;10;166;77;846;3;3;0;0;3;459;459;184;0;0;11;486;447;161;1028;565;463;77;0;0;0;0;0;0;0;0;0;579;335;244;0;0;0;0;0;579;335;244;0;449;230;219;40;0;0;0;0;0;0;0;0;0;0;0;0;0;0;37;0;0;0;0;37;0;0;0;0;0;0;54;31;23;3;0;54;31;23;3;0;0;0;0;0;0;48;0;0;0;12;0;12;36;0;0;0;0;0;21;21;0;0;1087;18;0;17;14;3
2025;15039153;1379;0;0;0;963;397;55;74;78;89;101;566;124;128;166;148;416;416;212;113;91;0;0;0;0;0;0;0;0;0;0;0;0;0;0;0;0;0;0;0;0;0;0;0;0;0;0;0;0;0;0;0;0;0;0;0;0;0;0;0;0;0;0;0;0;0;0;0;0;0;0;0;0;0;0;0;0;0;0;0;0;0;0;73;0;0;0;56;31;25;17;0;0;0;0;0;73;0;0;0;56;31;25;17;0;0;0;0;0;0;0;0;0;0;0;0;0;0;0;0;0;0;689;690;163;316;14;884;2;0;0;0;399;570;398;12;0;0;418;573;381;7;1379;1379;0;0;0;0;0;0;0;0;0;0;0;963;963;0;0;397;397;0;0;566;566;0;0;416;416;0;0;0;0;0;0;0;0;0;0;0;0;0;0;0;0;0;0;0;0;0;0;0;0;0;0;0;0;73;73;0;0;0;73;73;0;0;0;0;0;0;0;0;1;0;0;0;1;0;1;0;0;0;0;0;0;1;1;0;0;1373;6;0;0;0;0
2025;15039250;231;0;0;0;143;0;0;0;0;0;0;143;19;54;47;23;0;0;0;0;0;0;0;0;0;0;0;0;0;0;0;0;0;0;0;0;0;0;0;0;0;0;0;0;0;0;0;0;0;0;0;0;0;0;0;0;0;0;0;0;0;0;0;0;0;0;0;0;0;0;0;0;0;88;14;14;0;14;0;74;74;0;0;23;0;0;0;13;0;13;0;0;0;10;2;8;23;0;0;0;13;0;13;0;0;0;10;2;8;0;0;0;0;0;0;0;0;0;0;0;0;0;119;112;0;17;11;203;0;0;0;0;0;127;23;81;0;0;2;128;21;80;143;0;143;88;0;0;0;0;0;0;0;0;0;143;0;143;0;0;0;0;0;143;0;143;0;0;0;0;0;0;0;0;0;0;0;0;0;0;0;0;0;0;0;88;0;0;0;0;14;0;0;0;0;74;0;13;0;13;10;0;13;0;13;10;0;0;0;0;0;0;147;0;0;0;143;0;143;0;0;0;4;2;2;17;17;0;0;100;131;0;131;130;1
2025;15041670;1054;101;31;70;645;336;59;55;61;81;80;309;103;47;84;75;308;308;101;111;96;0;0;0;0;0;0;0;0;0;0;0;0;0;0;0;0;0;0;0;308;0;0;0;0;0;0;0;0;308;308;0;0;308;308;0;0;0;0;0;0;0;0;0;0;0;0;0;0;0;0;0;0;0;0;0;0;0;0;0;0;0;0;32;1;0;1;22;8;14;9;0;0;0;0;0;32;1;0;1;22;8;14;9;0;0;0;0;0;0;0;0;0;0;0;0;0;0;0;0;0;0;506;548;280;283;17;473;1;0;32;69;331;317;291;14;33;76;339;314;282;10;1054;929;125;0;0;31;31;0;0;70;70;0;0;645;550;95;0;336;280;56;0;309;270;39;0;308;278;30;0;0;0;0;0;0;0;0;0;0;0;0;0;0;0;0;0;0;0;0;0;0;0;0;0;0;0;32;26;6;0;0;32;26;6;0;0;0;0;0;0;0;1;0;0;0;0;0;0;1;0;0;0;0;0;1;1;0;0;1050;4;0;0;0;0
2025;15140759;1217;152;0;152;920;455;93;102;78;78;104;465;74;136;106;149;0;0;0;0;0;0;0;0;0;0;0;0;0;0;0;0;0;0;0;0;0;0;0;0;0;0;0;0;0;0;0;0;0;0;0;0;0;0;0;0;0;0;0;0;0;0;0;0;0;0;0;0;0;0;0;0;0;145;145;145;41;104;0;0;0;0;0;100;13;0;13;71;37;34;0;0;0;16;16;0;100;13;0;13;71;37;34;0;0;0;16;16;0;0;0;0;0;0;0;0;0;0;0;0;0;0;621;596;4;180;55;977;1;0;0;135;445;403;114;120;0;152;444;408;96;117;1072;546;526;145;0;0;0;0;0;152;74;78;0;920;472;448;0;455;235;220;0;465;237;228;0;0;0;0;0;0;0;0;0;0;0;0;0;0;0;0;0;0;0;145;0;0;0;0;145;0;0;0;0;0;0;84;43;41;16;0;84;43;41;16;0;0;0;0;0;0;233;0;0;0;233;233;0;0;0;0;0;0;0;17;17;0;0;1216;1;0;64;0;64
2025;21009902;1242;261;130;131;755;398;75;84;72;86;81;357;74;98;97;88;226;156;95;61;0;0;0;0;0;0;0;0;0;70;0;0;70;0;0;0;0;0;0;0;226;226;226;0;0;226;226;0;0;226;226;0;0;226;226;0;0;0;0;0;0;70;70;0;0;70;0;0;0;0;70;0;0;0;0;0;0;0;0;0;0;0;0;3;0;0;0;3;1;2;0;0;0;0;0;0;3;0;0;0;3;1;2;0;0;0;0;0;0;0;0;0;0;0;0;0;0;0;0;0;0;0;632;610;319;717;10;192;4;0;121;128;403;368;221;1;130;131;400;374;206;1;1242;870;372;0;0;130;98;32;0;131;89;42;0;755;510;245;0;398;269;129;0;357;241;116;0;226;173;53;0;0;70;70;0;0;0;0;0;0;0;0;0;0;0;0;0;0;0;0;0;0;0;0;0;0;0;3;2;1;0;0;3;2;1;0;0;0;0;0;0;0;0;0;0;0;0;0;0;0;0;0;0;0;0;0;0;0;0;1240;2;0;0;0;0
2025;21011125;611;0;0;0;0;0;0;0;0;0;0;0;0;0;0;0;611;347;153;0;194;0;0;264;84;180;0;0;0;0;0;0;0;0;0;0;0;0;0;0;194;29;29;0;0;24;24;0;0;88;88;0;0;53;53;0;0;264;264;0;0;0;0;0;0;264;264;0;0;0;0;0;0;0;0;0;0;0;0;0;0;0;0;14;0;0;0;0;0;0;14;7;7;0;0;0;14;0;0;0;0;0;0;14;7;7;0;0;0;0;0;0;0;0;0;0;0;0;0;0;0;0;307;304;168;53;18;366;6;0;0;0;0;10;449;152;0;0;0;18;463;130;511;464;47;100;0;0;0;0;0;0;0;0;0;0;0;0;0;0;0;0;0;0;0;0;0;511;464;47;100;0;164;164;0;100;0;164;164;0;100;0;0;0;0;0;0;0;0;0;0;0;0;0;0;0;0;9;8;1;5;0;9;8;1;5;0;0;0;0;0;0;317;0;0;0;0;0;0;317;164;164;0;0;0;4;4;0;0;568;43;0;0;0;0
2025;21016070;750;0;0;0;316;0;0;0;0;0;0;316;0;84;130;102;434;0;0;0;0;0;0;0;0;0;0;0;0;434;141;118;175;0;0;0;0;0;0;0;434;256;256;0;0;434;434;0;0;434;434;0;0;180;180;0;0;0;0;0;0;434;434;0;0;434;0;0;0;0;434;0;0;0;0;0;0;0;0;0;0;0;0;27;0;0;0;10;0;10;17;17;0;0;0;0;27;0;0;0;10;0;10;17;17;0;0;0;0;0;0;0;0;0;0;0;0;0;0;0;0;0;377;373;0;135;203;412;0;0;0;0;0;282;413;55;0;0;0;296;414;40;750;434;316;0;0;0;0;0;0;0;0;0;0;316;0;316;0;0;0;0;0;316;0;316;0;434;434;0;0;0;434;434;0;0;0;0;0;0;0;0;0;0;0;0;0;0;0;0;0;0;0;0;0;0;0;27;17;10;0;0;27;17;10;0;0;0;0;0;0;0;1;0;0;0;0;0;0;1;1;0;0;0;0;1;1;0;0;738;12;0;0;0;0
2025;21016097;422;0;0;0;398;209;31;25;31;63;59;189;58;33;50;48;0;0;0;0;0;0;0;0;0;0;0;0;0;0;0;0;0;0;0;0;0;0;0;0;0;0;0;0;0;0;0;0;0;0;0;0;0;0;0;0;0;0;0;0;0;0;0;0;0;0;0;0;0;0;0;0;0;24;24;24;6;18;0;0;0;0;0;20;0;0;0;20;12;8;0;0;0;0;0;0;20;0;0;0;20;12;8;0;0;0;0;0;0;0;0;0;0;0;0;0;0;0;0;0;0;0;205;217;0;77;67;278;0;0;0;0;182;199;25;16;0;1;197;188;21;15;398;209;189;24;0;0;0;0;0;0;0;0;0;398;209;189;0;209;209;0;0;189;0;189;0;0;0;0;0;0;0;0;0;0;0;0;0;0;0;0;0;0;0;24;0;0;0;0;24;0;0;0;0;0;0;20;12;8;0;0;20;12;8;0;0;0;0;0;0;0;0;0;0;0;0;0;0;0;0;0;0;0;0;0;0;0;0;0;422;0;153;0;153
2025;21016631;382;0;0;0;199;0;0;0;0;0;0;199;34;65;62;38;183;0;0;0;0;0;0;0;0;0;0;0;0;183;50;64;69;0;0;0;0;0;0;0;183;183;183;0;0;183;183;0;0;183;183;0;0;183;183;0;0;0;0;0;0;183;183;0;0;183;0;0;0;0;183;0;0;0;0;0;0;0;0;0;0;0;0;8;0;0;0;3;0;3;5;5;0;0;0;0;8;0;0;0;3;0;3;5;5;0;0;0;0;0;0;0;0;0;0;0;0;0;0;0;0;0;202;180;85;61;29;203;4;0;0;0;0;190;166;26;0;0;2;191;173;16;382;183;199;0;0;0;0;0;0;0;0;0;0;199;0;199;0;0;0;0;0;199;0;199;0;183;183;0;0;0;183;183;0;0;0;0;0;0;0;0;0;0;0;0;0;0;0;0;0;0;0;0;0;0;0;8;5;3;0;0;8;5;3;0;0;0;0;0;0;0;0;0;0;0;0;0;0;0;0;0;0;0;0;0;0;0;0;370;12;0;0;0;0
2025;21016640;72;0;0;0;0;0;0;0;0;0;0;0;0;0;0;0;14;14;0;0;14;0;0;0;0;0;0;0;0;0;0;0;0;0;0;0;0;0;0;0;0;0;0;0;0;0;0;0;0;0;0;0;0;0;0;0;0;0;0;0;0;0;0;0;0;58;58;43;15;0;0;0;0;0;0;0;0;0;0;0;0;0;0;2;0;0;0;0;0;0;0;2;2;0;0;0;2;0;0;0;0;0;0;0;2;2;0;0;0;0;0;0;0;0;0;0;0;0;0;0;0;0;33;39;17;8;3;43;1;0;0;0;0;1;63;8;0;0;0;3;61;8;72;14;58;0;0;0;0;0;0;0;0;0;0;0;0;0;0;0;0;0;0;0;0;0;0;14;14;0;0;0;58;0;58;0;0;58;0;58;0;0;0;0;0;0;0;0;0;0;0;0;0;0;0;0;0;2;0;2;0;0;2;0;2;0;0;0;0;0;0;0;58;0;0;0;0;0;0;0;58;58;0;0;0;2;2;0;0;67;5;0;0;0;0
2025;21016763;567;0;0;0;135;0;0;0;0;0;0;135;0;33;36;66;361;218;96;54;68;0;0;0;0;0;0;0;0;143;35;82;26;0;0;0;0;0;0;0;361;225;225;0;0;296;296;0;0;282;282;0;0;332;332;0;0;0;0;0;0;143;143;0;0;214;71;0;0;0;143;0;0;71;0;0;0;0;0;71;0;0;71;26;0;0;0;6;0;6;17;12;3;3;0;3;26;0;0;0;6;0;6;17;12;3;3;0;3;0;0;0;0;0;0;0;0;0;0;0;0;0;298;269;21;88;35;420;3;0;0;0;0;113;342;112;0;0;0;125;342;100;496;361;135;71;0;0;0;0;0;0;0;0;0;135;0;135;0;0;0;0;0;135;0;135;0;361;361;0;0;0;143;143;0;71;0;0;0;0;71;0;0;0;0;71;0;0;0;0;0;0;0;0;0;71;0;23;17;6;3;0;23;17;6;3;0;0;0;0;0;0;8;0;0;0;0;0;0;7;5;1;1;0;1;4;4;0;0;555;12;0;0;0;0
2025;21017484;643;0;0;0;320;66;0;0;0;0;66;254;68;60;65;61;294;143;51;45;47;0;0;151;50;48;53;0;0;0;0;0;0;0;0;0;0;0;0;0;0;0;0;0;0;0;0;0;0;0;0;0;0;0;0;0;0;151;151;0;0;0;0;0;0;180;180;0;29;0;0;0;0;0;0;0;0;0;0;0;0;0;0;27;0;0;0;12;2;10;15;4;4;0;0;0;27;0;0;0;12;2;10;15;4;4;0;0;0;0;0;0;0;0;0;0;0;0;0;0;0;0;319;324;144;95;42;362;0;0;0;0;46;234;311;52;0;0;58;228;311;46;643;335;308;0;0;0;0;0;0;0;0;0;0;320;320;0;0;66;66;0;0;254;254;0;0;294;0;294;0;0;180;15;165;0;0;180;15;165;0;0;0;0;0;0;0;0;0;0;0;0;0;0;0;0;0;27;12;15;0;0;27;12;15;0;0;0;0;0;0;0;22;0;0;0;13;2;11;9;2;2;0;0;0;18;18;0;0;583;60;0;0;0;0
2025;21182663;143;23;6;17;111;56;6;12;12;15;11;55;10;13;20;12;0;0;0;0;0;0;0;0;0;0;0;0;0;0;0;0;0;0;0;0;0;0;0;0;0;0;0;0;0;0;0;0;0;0;0;0;0;0;0;0;0;0;0;0;0;0;0;0;0;0;0;0;0;0;0;0;0;9;9;9;2;7;0;0;0;0;0;3;0;0;0;3;1;2;0;0;0;0;0;0;3;0;0;0;3;1;2;0;0;0;0;0;0;0;0;0;0;0;0;0;0;0;0;0;0;0;75;68;94;3;0;46;0;0;6;17;54;51;6;9;6;17;55;51;6;8;134;73;61;9;0;6;0;6;0;17;17;0;0;111;56;55;0;56;56;0;0;55;0;55;0;0;0;0;0;0;0;0;0;0;0;0;0;0;0;0;0;0;0;9;0;0;0;0;9;0;0;0;0;0;0;3;1;2;0;0;3;1;2;0;0;0;0;0;0;0;0;0;0;0;0;0;0;0;0;0;0;0;0;0;0;0;0;17;126;0;69;0;69
2025;21183066;169;22;0;22;147;78;22;13;13;18;12;69;7;16;29;17;0;0;0;0;0;0;0;0;0;0;0;0;0;0;0;0;0;0;0;0;0;0;0;0;0;0;0;0;0;0;0;0;0;0;0;0;0;0;0;0;0;0;0;0;0;0;0;0;0;0;0;0;0;0;0;0;0;0;0;0;0;0;0;0;0;0;0;9;2;0;2;7;3;4;0;0;0;0;0;0;9;2;0;2;7;3;4;0;0;0;0;0;0;0;0;0;0;0;0;0;0;0;0;0;0;0;75;94;137;5;0;27;0;0;0;21;77;61;9;1;0;22;78;61;7;1;169;169;0;0;0;0;0;0;0;22;22;0;0;147;147;0;0;78;78;0;0;69;69;0;0;0;0;0;0;0;0;0;0;0;0;0;0;0;0;0;0;0;0;0;0;0;0;0;0;0;0;0;0;0;0;9;9;0;0;0;9;9;0;0;0;0;0;0;0;0;169;22;0;22;147;78;69;0;0;0;0;0;0;9;9;0;0;4;165;0;155;0;155
2025;21183252;356;0;0;0;305;0;0;0;0;0;0;305;52;86;91;76;0;0;0;0;0;0;0;0;0;0;0;0;0;0;0;0;0;0;0;0;0;0;0;0;0;0;0;0;0;0;0;0;0;0;0;0;0;0;0;0;0;0;0;0;0;0;0;0;0;0;0;0;0;0;0;0;0;51;51;51;33;18;0;0;0;0;0;13;0;0;0;13;0;13;0;0;0;0;0;0;13;0;0;0;13;0;13;0;0;0;0;0;0;0;0;0;0;0;0;0;0;0;0;0;0;0;180;176;2;23;11;318;1;1;0;0;0;262;45;49;0;0;0;278;29;49;305;169;136;51;0;0;0;0;0;0;0;0;0;305;169;136;0;0;0;0;0;305;169;136;0;0;0;0;0;0;0;0;0;0;0;0;0;0;0;0;0;0;0;51;0;0;0;0;51;0;0;0;0;0;0;13;7;6;0;0;13;7;6;0;0;0;0;0;0;0;0;0;0;0;0;0;0;0;0;0;0;0;0;0;0;0;0;215;141;0;114;0;114
2025;21183759;200;33;9;24;157;86;10;18;23;20;15;71;10;17;20;24;0;0;0;0;0;0;0;0;0;0;0;0;0;0;0;0;0;0;0;0;0;0;0;0;0;0;0;0;0;0;0;0;0;0;0;0;0;0;0;0;0;0;0;0;0;0;0;0;0;0;0;0;0;0;0;0;0;10;10;10;3;7;0;0;0;0;0;5;0;0;0;5;3;2;0;0;0;0;0;0;5;0;0;0;5;3;2;0;0;0;0;0;0;0;0;0;0;0;0;0;0;0;0;0;0;0;89;111;7;1;0;192;0;0;8;24;84;58;12;14;9;24;86;58;9;14;190;119;71;10;0;9;9;0;0;24;24;0;0;157;86;71;0;86;86;0;0;71;0;71;0;0;0;0;0;0;0;0;0;0;0;0;0;0;0;0;0;0;0;10;0;0;0;0;10;0;0;0;0;0;0;5;3;2;0;0;5;3;2;0;0;0;0;0;0;0;0;0;0;0;0;0;0;0;0;0;0;0;0;0;0;0;0;23;177;0;137;0;137
2025;21252815;320;0;0;0;0;0;0;0;0;0;0;0;0;0;0;0;320;247;110;73;64;0;0;0;0;0;0;0;0;73;0;34;39;0;0;0;0;0;0;0;320;215;215;0;0;320;320;0;0;250;250;0;0;215;215;0;0;0;0;0;0;73;73;0;0;73;0;0;0;0;73;0;0;0;0;0;0;0;0;0;0;0;0;5;0;0;0;0;0;0;5;2;0;0;0;0;5;0;0;0;0;0;0;5;2;0;0;0;0;0;0;0;0;0;0;0;0;0;0;0;0;0;153;167;61;31;1;225;2;0;0;0;0;1;234;85;0;0;0;4;252;64;320;122;198;0;0;0;0;0;0;0;0;0;0;0;0;0;0;0;0;0;0;0;0;0;0;320;122;198;0;0;73;39;34;0;0;0;0;0;0;0;0;0;0;0;0;0;0;0;0;0;0;0;0;0;0;5;1;4;0;0;5;1;4;0;0;0;0;0;0;0;0;0;0;0;0;0;0;0;0;0;0;0;0;0;0;0;0;117;203;0;189;0;189
2025;21267715;389;0;0;0;389;389;82;83;64;84;76;0;0;0;0;0;0;0;0;0;0;0;0;0;0;0;0;0;0;0;0;0;0;0;0;0;0;0;0;0;0;0;0;0;0;0;0;0;0;0;0;0;0;0;0;0;0;0;0;0;0;0;0;0;0;0;0;0;0;0;0;0;0;0;0;0;0;0;0;0;0;0;0;16;0;0;0;16;16;0;0;0;0;0;0;0;16;0;0;0;16;16;0;0;0;0;0;0;0;0;0;0;0;0;0;0;0;0;0;0;0;0;206;183;15;32;0;342;0;0;0;0;361;26;0;2;0;0;373;14;0;2;389;182;207;0;0;0;0;0;0;0;0;0;0;389;182;207;0;389;182;207;0;0;0;0;0;0;0;0;0;0;0;0;0;0;0;0;0;0;0;0;0;0;0;0;0;0;0;0;0;0;0;0;0;0;0;16;7;9;0;0;16;7;9;0;0;0;0;0;0;0;9;0;0;0;9;9;0;0;0;0;0;0;0;9;9;0;0;248;141;0;128;0;128
2025;21286884;272;272;136;136;0;0;0;0;0;0;0;0;0;0;0;0;0;0;0;0;0;0;0;0;0;0;0;0;0;0;0;0;0;0;0;0;0;0;0;0;0;0;0;0;0;0;0;0;0;0;0;0;0;0;0;0;0;0;0;0;0;0;0;0;0;0;0;0;0;0;0;0;0;0;0;0;0;0;0;0;0;0;0;9;9;3;6;0;0;0;0;0;0;0;0;0;9;9;3;6;0;0;0;0;0;0;0;0;0;0;0;0;0;0;0;0;0;0;0;0;0;0;130;142;178;10;0;84;0;0;121;137;14;0;0;0;135;137;0;0;0;0;272;133;139;0;0;136;67;69;0;136;66;70;0;0;0;0;0;0;0;0;0;0;0;0;0;0;0;0;0;0;0;0;0;0;0;0;0;0;0;0;0;0;0;0;0;0;0;0;0;0;0;0;0;0;0;9;4;5;0;0;9;4;5;0;0;0;0;0;0;0;0;0;0;0;0;0;0;0;0;0;0;0;0;0;0;0;0;197;75;0;71;0;71
2025;21319200;87;24;3;21;63;33;4;9;7;7;6;30;4;9;9;8;0;0;0;0;0;0;0;0;0;0;0;0;0;0;0;0;0;0;0;0;0;0;0;0;0;0;0;0;0;0;0;0;0;0;0;0;0;0;0;0;0;0;0;0;0;0;0;0;0;0;0;0;0;0;0;0;0;0;0;0;0;0;0;0;0;0;0;3;0;0;0;3;1;2;0;0;0;0;0;0;3;0;0;0;3;1;2;0;0;0;0;0;0;0;0;0;0;0;0;0;0;0;0;0;0;0;41;46;11;3;4;66;3;0;3;20;30;29;5;0;3;21;30;28;5;0;87;87;0;0;0;3;3;0;0;21;21;0;0;63;63;0;0;33;33;0;0;30;30;0;0;0;0;0;0;0;0;0;0;0;0;0;0;0;0;0;0;0;0;0;0;0;0;0;0;0;0;0;0;0;0;3;3;0;0;0;3;3;0;0;0;0;0;0;0;0;0;0;0;0;0;0;0;0;0;0;0;0;0;0;0;0;0;3;84;0;67;0;67
2025;23153180;237;67;43;24;170;98;20;17;12;23;26;72;24;15;21;12;0;0;0;0;0;0;0;0;0;0;0;0;0;0;0;0;0;0;0;0;0;0;0;0;0;0;0;0;0;0;0;0;0;0;0;0;0;0;0;0;0;0;0;0;0;0;0;0;0;0;0;0;0;0;0;0;0;0;0;0;0;0;0;0;0;0;0;3;0;0;0;3;3;0;0;0;0;0;0;0;3;0;0;0;3;3;0;0;0;0;0;0;0;0;0;0;0;0;0;0;0;0;0;0;0;0;124;113;7;73;0;155;2;0;39;25;99;73;1;0;44;24;100;69;0;0;237;237;0;0;0;43;43;0;0;24;24;0;0;170;170;0;0;98;98;0;0;72;72;0;0;0;0;0;0;0;0;0;0;0;0;0;0;0;0;0;0;0;0;0;0;0;0;0;0;0;0;0;0;0;0;3;3;0;0;0;3;3;0;0;0;0;0;0;0;0;0;0;0;0;0;0;0;0;0;0;0;0;0;0;0;0;0;229;8;0;0;0;0
2025;23153237;264;0;0;0;264;0;0;0;0;0;0;264;0;81;106;77;0;0;0;0;0;0;0;0;0;0;0;0;0;0;0;0;0;0;0;0;0;0;0;0;0;0;0;0;0;0;0;0;0;0;0;0;0;0;0;0;0;0;0;0;0;0;0;0;0;0;0;0;0;0;0;0;0;0;0;0;0;0;0;0;0;0;0;18;0;0;0;18;0;18;0;0;0;0;0;0;18;0;0;0;18;0;18;0;0;0;0;0;0;0;0;0;0;0;0;0;0;0;0;0;0;0;133;131;0;49;2;211;2;0;0;0;0;242;22;0;0;0;0;250;14;0;264;0;264;0;0;0;0;0;0;0;0;0;0;264;0;264;0;0;0;0;0;264;0;264;0;0;0;0;0;0;0;0;0;0;0;0;0;0;0;0;0;0;0;0;0;0;0;0;0;0;0;0;0;0;0;18;0;18;0;0;18;0;18;0;0;0;0;0;0;0;264;0;0;0;264;0;264;0;0;0;0;0;0;18;18;0;0;216;48;0;105;0;105
2025;23153253;175;31;12;19;115;63;15;10;9;16;13;52;8;12;17;15;0;0;0;0;0;0;0;0;0;0;0;0;0;0;0;0;0;0;0;0;0;0;0;0;0;0;0;0;0;0;0;0;0;0;0;0;0;0;0;0;0;0;0;0;0;0;0;0;0;0;0;0;0;0;0;0;0;29;29;29;20;9;0;0;0;0;0;5;1;0;1;4;3;1;0;0;0;0;0;0;5;1;0;1;4;3;1;0;0;0;0;0;0;0;0;0;0;0;0;0;0;0;0;0;0;0;93;82;0;19;3;153;0;0;11;18;64;51;3;28;12;19;63;50;3;28;146;94;52;29;0;12;12;0;0;19;19;0;0;115;63;52;0;63;63;0;0;52;0;52;0;0;0;0;0;0;0;0;0;0;0;0;0;0;0;0;0;0;0;29;0;0;0;0;29;0;0;0;0;0;0;5;4;1;0;0;5;4;1;0;0;0;0;0;0;0;0;0;0;0;0;0;0;0;0;0;0;0;0;0;0;0;0;0;175;0;136;0;136
2025;23153261;508;0;0;0;0;0;0;0;0;0;0;0;0;0;0;0;508;407;133;120;154;0;0;101;0;45;56;0;0;0;0;0;0;0;0;0;0;0;0;0;355;355;355;0;0;355;355;0;0;355;355;0;0;355;355;0;0;101;101;0;0;0;0;0;0;101;101;0;0;0;0;0;0;0;0;0;0;0;0;0;0;0;0;20;0;0;0;0;0;0;20;6;6;0;0;0;20;0;0;0;0;0;0;20;6;6;0;0;0;0;0;0;0;0;0;0;0;0;0;0;0;0;230;278;0;137;10;345;15;1;0;0;0;0;471;37;0;0;0;4;478;26;355;0;355;153;0;0;0;0;0;0;0;0;0;0;0;0;0;0;0;0;0;0;0;0;0;355;0;355;153;0;0;0;0;101;0;0;0;0;101;0;0;0;0;0;0;0;0;0;0;0;0;0;0;0;0;13;0;13;7;0;13;0;13;7;0;0;0;0;0;0;355;0;0;0;0;0;0;355;0;0;0;0;0;13;13;0;0;386;122;0;107;0;107
2025;23153369;229;0;0;0;205;0;0;0;0;0;0;205;205;0;0;0;0;0;0;0;0;0;0;0;0;0;0;0;0;0;0;0;0;0;0;0;0;0;0;0;0;0;0;0;0;0;0;0;0;0;0;0;0;0;0;0;0;0;0;0;0;0;0;0;0;0;0;0;0;0;0;0;0;24;24;24;12;12;0;0;0;0;0;14;0;0;0;14;0;14;0;0;0;0;0;0;14;0;0;0;14;0;14;0;0;0;0;0;0;0;0;0;0;0;0;0;0;0;0;0;0;0;122;107;0;65;15;149;0;0;0;0;1;203;4;21;0;0;16;188;4;21;205;93;112;24;0;0;0;0;0;0;0;0;0;205;93;112;0;0;0;0;0;205;93;112;0;0;0;0;0;0;0;0;0;0;0;0;0;0;0;0;0;0;0;24;0;0;0;0;24;0;0;0;0;0;0;14;7;7;0;0;14;7;7;0;0;0;0;0;0;0;31;0;0;0;31;0;31;0;0;0;0;0;0;0;0;0;0;206;23;0;167;0;167
2025;23153385;228;0;0;0;198;198;51;53;31;35;28;0;0;0;0;0;0;0;0;0;0;0;0;0;0;0;0;0;0;0;0;0;0;0;0;0;0;0;0;0;0;0;0;0;0;0;0;0;0;0;0;0;0;0;0;0;0;0;0;0;0;0;0;0;0;0;0;0;0;0;0;0;0;30;30;30;18;12;0;0;0;0;0;15;0;0;0;11;11;0;0;0;0;4;4;0;15;0;0;0;11;11;0;0;0;0;4;4;0;0;0;0;0;0;0;0;0;0;0;0;0;0;118;110;0;40;1;187;0;0;0;0;194;4;1;29;0;3;193;2;1;29;198;102;96;30;0;0;0;0;0;0;0;0;0;198;102;96;0;198;102;96;0;0;0;0;0;0;0;0;0;0;0;0;0;0;0;0;0;0;0;0;0;0;0;30;0;0;0;0;30;0;0;0;0;0;0;11;6;5;4;0;11;6;5;4;0;0;0;0;0;0;9;0;0;0;9;9;0;0;0;0;0;0;0;1;1;0;0;224;4;0;0;0;0
2025;23153415;390;0;0;0;351;351;73;75;54;77;72;0;0;0;0;0;0;0;0;0;0;0;0;0;0;0;0;0;0;0;0;0;0;0;0;0;0;0;0;0;0;0;0;0;0;0;0;0;0;0;0;0;0;0;0;0;0;0;0;0;0;0;0;0;0;0;0;0;0;0;0;0;0;39;39;39;23;16;0;0;0;0;0;38;0;0;0;38;38;0;0;0;0;0;0;0;38;0;0;0;38;38;0;0;0;0;0;0;0;0;0;0;0;0;0;0;0;0;0;0;0;0;197;193;1;106;18;252;13;0;0;0;342;9;0;39;0;3;344;4;0;39;351;177;174;39;0;0;0;0;0;0;0;0;0;351;177;174;0;351;177;174;0;0;0;0;0;0;0;0;0;0;0;0;0;0;0;0;0;0;0;0;0;0;0;39;0;0;0;0;39;0;0;0;0;0;0;38;21;17;0;0;38;21;17;0;0;0;0;0;0;0;51;0;0;0;51;51;0;0;0;0;0;0;0;3;3;0;0;329;61;0;47;0;47
2025;23153474;256;0;0;0;256;256;51;50;51;66;38;0;0;0;0;0;0;0;0;0;0;0;0;0;0;0;0;0;0;0;0;0;0;0;0;0;0;0;0;0;0;0;0;0;0;0;0;0;0;0;0;0;0;0;0;0;0;0;0;0;0;0;0;0;0;0;0;0;0;0;0;0;0;0;0;0;0;0;0;0;0;0;0;21;0;0;0;21;21;0;0;0;0;0;0;0;21;0;0;0;21;21;0;0;0;0;0;0;0;0;0;0;0;0;0;0;0;0;0;0;0;0;108;148;0;77;11;168;0;0;0;0;249;7;0;0;0;4;248;4;0;0;256;138;118;0;0;0;0;0;0;0;0;0;0;256;138;118;0;256;138;118;0;0;0;0;0;0;0;0;0;0;0;0;0;0;0;0;0;0;0;0;0;0;0;0;0;0;0;0;0;0;0;0;0;0;0;21;8;13;0;0;21;8;13;0;0;0;0;0;0;0;34;0;0;0;34;34;0;0;0;0;0;0;0;0;0;0;0;212;44;0;43;0;43
2025;31000051;105;0;0;0;85;38;0;10;6;12;10;47;13;13;9;12;20;3;0;0;3;0;0;17;12;5;0;0;0;0;0;0;0;0;0;0;0;0;0;0;8;5;5;0;0;3;3;0;0;5;5;0;0;3;3;0;0;17;17;0;0;0;0;0;0;17;17;0;0;0;0;0;0;0;0;0;0;0;0;0;0;0;0;6;0;0;0;6;1;5;0;0;0;0;0;0;6;0;0;0;6;1;5;0;0;0;0;0;0;0;0;0;0;0;0;0;0;0;0;0;0;0;41;64;0;20;15;70;0;0;0;0;31;51;20;3;0;0;33;51;18;3;105;67;38;0;0;0;0;0;0;0;0;0;0;85;47;38;0;38;0;38;0;47;47;0;0;20;20;0;0;0;17;17;0;0;0;17;17;0;0;0;0;0;0;0;0;0;0;0;0;0;0;0;0;0;0;6;5;1;0;0;6;5;1;0;0;0;0;0;0;0;41;0;0;0;21;0;21;20;17;17;0;0;0;2;2;0;0;105;0;0;0;0;0
2025;31000086;972;0;0;0;551;176;42;31;24;43;36;375;80;99;103;93;364;364;156;124;84;0;0;0;0;0;0;0;0;0;0;0;0;0;0;0;0;0;0;0;208;124;124;0;0;84;84;0;0;119;119;0;0;89;89;0;0;0;0;0;0;0;0;0;0;0;0;0;0;0;0;0;0;57;0;0;0;0;0;57;57;0;0;42;0;0;0;26;11;15;15;0;0;1;0;1;42;0;0;0;26;11;15;15;0;0;1;0;1;0;0;0;0;0;0;0;0;0;0;0;0;0;497;475;7;125;152;687;1;0;0;0;167;364;352;89;0;0;173;375;353;71;861;519;342;111;0;0;0;0;0;0;0;0;0;551;209;342;0;176;0;176;0;375;209;166;0;310;310;0;54;0;0;0;0;0;0;0;0;0;0;0;0;0;0;57;0;0;0;0;0;0;0;0;0;57;0;41;22;19;1;0;41;22;19;1;0;0;0;0;0;0;121;0;0;0;118;8;110;3;0;0;0;0;0;19;19;0;0;972;0;0;0;0;0
2025;31000124;894;0;0;0;533;241;45;42;51;54;49;292;60;77;77;78;269;269;105;91;73;0;0;0;0;0;0;0;0;0;0;0;0;0;0;0;0;0;0;0;164;91;91;0;0;73;73;0;0;69;69;0;0;95;95;0;0;0;0;0;0;0;0;0;0;24;24;24;0;0;0;0;0;68;0;0;0;0;0;68;68;0;0;27;0;0;0;15;5;10;9;0;0;3;0;3;27;0;0;0;15;5;10;9;0;0;3;0;3;0;0;0;0;0;0;0;0;0;0;0;0;0;452;442;4;214;164;509;3;0;0;0;230;274;272;118;0;0;239;277;280;98;747;446;301;147;0;0;0;0;0;0;0;0;0;533;232;301;0;241;0;241;0;292;232;60;0;214;214;0;55;0;0;0;0;24;0;0;0;0;24;0;0;0;0;68;0;0;0;0;0;0;0;0;0;68;0;22;15;7;5;0;22;15;7;5;0;0;0;0;0;0;4;0;0;0;1;0;1;3;0;0;0;0;0;4;4;0;0;894;0;0;0;0;0
2025;31000132;639;0;0;0;237;0;0;0;0;0;0;237;19;37;63;118;386;386;161;126;99;0;0;0;0;0;0;0;0;0;0;0;0;0;0;0;0;0;0;0;225;126;126;0;0;99;99;0;0;128;128;0;0;97;97;0;0;0;0;0;0;0;0;0;0;0;0;0;0;0;0;0;0;16;0;0;0;0;0;16;16;0;0;25;0;0;0;12;0;12;13;0;0;0;0;0;25;0;0;0;12;0;12;13;0;0;0;0;0;0;0;0;0;0;0;0;0;0;0;0;0;0;323;316;1;131;58;449;0;0;0;0;0;190;343;106;0;0;0;206;348;85;498;330;168;141;0;0;0;0;0;0;0;0;0;237;69;168;0;0;0;0;0;237;69;168;0;261;261;0;125;0;0;0;0;0;0;0;0;0;0;0;0;0;0;16;0;0;0;0;0;0;0;0;0;16;0;23;12;11;2;0;23;12;11;2;0;0;0;0;0;0;0;0;0;0;0;0;0;0;0;0;0;0;0;0;0;0;0;638;1;0;0;0;0
2025;31000191;605;0;0;0;249;0;0;0;0;0;0;249;28;68;60;93;356;356;149;104;103;0;0;0;0;0;0;0;0;0;0;0;0;0;0;0;0;0;0;0;207;104;104;0;0;103;103;0;0;104;104;0;0;103;103;0;0;0;0;0;0;0;0;0;0;0;0;0;0;0;0;0;0;0;0;0;0;0;0;0;0;0;0;21;0;0;0;4;0;4;17;0;0;0;0;0;21;0;0;0;4;0;4;17;0;0;0;0;0;0;0;0;0;0;0;0;0;0;0;0;0;0;303;302;5;242;67;289;2;0;0;0;0;245;347;13;0;0;0;263;337;5;605;321;284;0;0;0;0;0;0;0;0;0;0;249;0;249;0;0;0;0;0;249;0;249;0;356;321;35;0;0;0;0;0;0;0;0;0;0;0;0;0;0;0;0;0;0;0;0;0;0;0;0;0;0;0;21;16;5;0;0;21;16;5;0;0;0;0;0;0;0;2;0;0;0;1;0;1;1;0;0;0;0;0;2;2;0;0;605;0;0;0;0;0
2025;31002593;538;0;0;0;448;190;18;35;41;41;55;258;54;77;73;54;0;0;0;0;0;0;0;0;0;0;0;0;0;0;0;0;0;0;0;0;0;0;0;0;0;0;0;0;0;0;0;0;0;0;0;0;0;0;0;0;0;0;0;0;0;0;0;0;0;0;0;0;0;0;0;0;0;90;90;90;27;63;0;0;0;0;0;34;0;0;0;33;11;22;0;0;0;1;1;0;34;0;0;0;33;11;22;0;0;0;1;1;0;0;0;0;0;0;0;0;0;0;0;0;0;0;247;291;1;102;94;341;0;0;0;0;182;255;46;55;0;0;190;250;43;55;473;215;258;65;0;0;0;0;0;0;0;0;0;448;190;258;0;190;190;0;0;258;0;258;0;0;0;0;0;0;0;0;0;0;0;0;0;0;0;0;25;25;0;65;0;25;25;0;65;0;0;0;0;0;0;34;12;22;0;0;34;12;22;0;0;0;0;0;0;0;302;0;0;0;299;132;167;0;0;0;3;3;0;12;12;0;0;538;0;0;1;0;1
2025;31004031;1637;244;80;164;1127;599;100;147;104;132;116;528;143;140;127;118;266;48;0;0;48;0;0;0;0;0;0;0;0;218;118;80;20;0;0;0;0;0;0;0;266;266;266;0;0;266;266;0;0;266;266;0;0;266;266;0;0;0;0;0;0;218;218;0;0;218;0;0;0;0;218;0;0;0;0;0;0;0;0;0;0;0;0;19;2;0;2;14;7;7;3;3;0;0;0;0;19;2;0;2;14;7;7;3;3;0;0;0;0;0;0;0;0;0;0;0;0;0;0;0;0;0;901;736;772;664;9;185;7;0;67;153;618;525;270;4;80;164;618;517;255;3;1637;1140;497;0;0;80;38;42;0;164;71;93;0;1127;833;294;0;599;305;294;0;528;528;0;0;266;198;68;0;0;218;198;20;0;0;0;0;0;0;0;0;0;0;0;0;0;0;0;0;0;0;0;0;0;0;19;14;5;0;0;19;14;5;0;0;0;0;0;0;0;266;0;0;0;0;0;0;266;218;0;0;0;0;3;3;0;0;1635;2;0;0;0;0
2025;31258377;406;0;0;0;406;232;48;44;42;50;48;174;37;50;47;40;0;0;0;0;0;0;0;0;0;0;0;0;0;0;0;0;0;0;0;0;0;0;0;0;0;0;0;0;0;0;0;0;0;0;0;0;0;0;0;0;0;0;0;0;0;0;0;0;0;0;0;0;0;0;0;0;0;0;0;0;0;0;0;0;0;0;0;41;0;0;0;41;27;14;0;0;0;0;0;0;41;0;0;0;41;27;14;0;0;0;0;0;0;0;0;0;0;0;0;0;0;0;0;0;0;0;191;215;35;174;24;172;1;0;0;0;226;173;7;0;0;0;232;170;4;0;406;406;0;0;0;0;0;0;0;0;0;0;0;406;406;0;0;232;232;0;0;174;174;0;0;0;0;0;0;0;0;0;0;0;0;0;0;0;0;0;0;0;0;0;0;0;0;0;0;0;0;0;0;0;0;41;41;0;0;0;41;41;0;0;0;0;0;0;0;0;406;0;0;0;406;232;174;0;0;0;0;0;0;41;41;0;0;406;0;0;0;0;0
2025;35000024;2119;0;0;0;797;410;105;125;66;51;63;387;56;96;99;136;1149;751;424;125;202;0;0;398;0;224;174;0;0;0;0;0;0;0;0;0;0;0;0;0;327;327;327;0;0;327;327;0;0;207;207;0;0;0;0;0;0;398;398;0;0;0;0;0;0;398;398;0;0;0;0;0;0;173;0;0;0;0;0;173;173;0;0;49;0;0;0;19;13;6;28;9;9;2;0;2;49;0;0;0;19;13;6;28;9;9;2;0;2;0;0;0;0;0;0;0;0;0;0;0;0;0;1077;1042;650;767;69;623;6;4;0;0;397;366;1060;296;0;0;409;378;1090;242;1864;1067;797;255;0;0;0;0;0;0;0;0;0;797;0;797;0;410;0;410;0;387;0;387;0;1067;1067;0;82;0;398;398;0;0;0;398;398;0;0;0;0;0;0;173;0;0;0;0;0;0;0;0;0;173;0;45;26;19;4;0;45;26;19;4;0;0;0;0;0;0;0;0;0;0;0;0;0;0;0;0;0;0;0;0;0;0;0;2112;7;0;8;8;0
2025;35000048;1270;0;0;0;0;0;0;0;0;0;0;0;0;0;0;0;1270;1270;563;358;349;0;0;0;0;0;0;0;0;0;0;0;0;0;0;0;0;0;0;0;707;707;707;0;0;707;707;0;0;521;521;0;0;0;0;0;0;0;0;0;0;0;0;0;0;0;0;0;0;0;0;0;0;0;0;0;0;0;0;0;0;0;0;45;0;0;0;0;0;0;45;0;0;0;0;0;45;0;0;0;0;0;0;45;0;0;0;0;0;0;0;0;0;0;0;0;0;0;0;0;0;0;638;632;179;506;83;495;5;2;0;0;0;9;1140;121;0;0;0;17;1188;65;1107;747;360;163;0;0;0;0;0;0;0;0;0;0;0;0;0;0;0;0;0;0;0;0;0;1107;747;360;163;0;0;0;0;0;0;0;0;0;0;0;0;0;0;0;0;0;0;0;0;0;0;0;0;0;0;44;35;9;1;0;44;35;9;1;0;0;0;0;0;0;0;0;0;0;0;0;0;0;0;0;0;0;0;0;0;0;0;1266;4;0;1;1;0
2025;35000309;273;0;0;0;209;0;0;0;0;0;0;209;47;50;61;51;64;64;43;14;7;0;0;0;0;0;0;0;0;0;0;0;0;0;0;0;0;0;0;0;21;21;21;0;0;21;21;0;0;14;14;0;0;0;0;0;0;0;0;0;0;0;0;0;0;0;0;0;0;0;0;0;0;0;0;0;0;0;0;0;0;0;0;11;0;0;0;7;0;7;4;0;0;0;0;0;11;0;0;0;7;0;7;4;0;0;0;0;0;0;0;0;0;0;0;0;0;0;0;0;0;0;128;145;32;146;14;76;0;5;0;0;1;196;76;0;0;0;3;200;70;0;273;273;0;0;0;0;0;0;0;0;0;0;0;209;209;0;0;0;0;0;0;209;209;0;0;64;64;0;0;0;0;0;0;0;0;0;0;0;0;0;0;0;0;0;0;0;0;0;0;0;0;0;0;0;0;11;11;0;0;0;11;11;0;0;0;0;0;0;0;0;273;0;0;0;209;0;209;64;0;0;0;0;0;11;11;0;0;270;3;0;2;1;1
2025;35000371;1274;0;0;0;225;0;0;0;0;0;0;225;34;55;64;72;1049;1049;392;325;332;0;0;0;0;0;0;0;0;0;0;0;0;0;0;0;0;0;0;0;657;657;657;0;0;657;657;0;0;412;412;0;0;0;0;0;0;0;0;0;0;0;0;0;0;0;0;0;0;0;0;0;0;0;0;0;0;0;0;0;0;0;0;42;0;0;0;5;0;5;37;0;0;0;0;0;42;0;0;0;5;0;5;37;0;0;0;0;0;0;0;0;0;0;0;0;0;0;0;0;0;0;602;672;305;564;48;353;4;0;0;0;0;204;967;103;0;0;0;220;1011;43;1187;701;486;87;0;0;0;0;0;0;0;0;0;225;0;225;0;0;0;0;0;225;0;225;0;962;701;261;87;0;0;0;0;0;0;0;0;0;0;0;0;0;0;0;0;0;0;0;0;0;0;0;0;0;0;41;25;16;1;0;41;25;16;1;0;0;0;0;0;0;0;0;0;0;0;0;0;0;0;0;0;0;0;0;0;0;0;1270;4;0;8;7;1
2025;35000693;928;0;0;0;808;451;106;80;72;89;104;357;80;93;121;63;120;120;0;68;52;0;0;0;0;0;0;0;0;0;0;0;0;0;0;0;0;0;0;0;120;120;120;0;0;120;120;0;0;68;68;0;0;0;0;0;0;0;0;0;0;0;0;0;0;0;0;0;0;0;0;0;0;0;0;0;0;0;0;0;0;0;0;34;0;0;0;28;16;12;6;0;0;0;0;0;34;0;0;0;28;16;12;6;0;0;0;0;0;0;0;0;0;0;0;0;0;0;0;0;0;0;423;505;204;364;30;324;4;2;0;0;430;352;131;15;0;0;444;349;126;9;928;477;451;0;0;0;0;0;0;0;0;0;0;808;357;451;0;451;0;451;0;357;357;0;0;120;120;0;0;0;0;0;0;0;0;0;0;0;0;0;0;0;0;0;0;0;0;0;0;0;0;0;0;0;0;34;18;16;0;0;34;18;16;0;0;0;0;0;0;0;0;0;0;0;0;0;0;0;0;0;0;0;0;0;0;0;0;924;4;0;4;4;0
2025;35007642;76;0;0;0;0;0;0;0;0;0;0;0;0;0;0;0;0;0;0;0;0;0;0;0;0;0;0;0;0;0;0;0;0;0;0;0;0;0;0;0;0;0;0;0;0;0;0;0;0;0;0;0;0;0;0;0;0;0;0;0;0;0;0;0;0;76;76;6;70;0;0;0;0;0;0;0;0;0;0;0;0;0;0;0;0;0;0;0;0;0;0;0;0;0;0;0;0;0;0;0;0;0;0;0;0;0;0;0;0;0;0;0;0;0;0;0;0;0;0;0;0;0;65;11;18;44;0;13;0;1;0;0;0;0;2;74;0;0;0;0;2;74;0;0;0;76;0;0;0;0;0;0;0;0;0;0;0;0;0;0;0;0;0;0;0;0;0;0;0;0;0;0;0;0;0;76;0;0;0;0;76;0;0;0;0;0;0;0;0;0;0;0;0;0;0;0;0;0;0;0;0;0;0;0;0;0;0;0;0;0;0;0;0;0;0;0;0;0;0;0;0;0;0;0;0;0;0;0;0;69;7;0;0;0;0
2025;35007656;9;9;3;6;0;0;0;0;0;0;0;0;0;0;0;0;0;0;0;0;0;0;0;0;0;0;0;0;0;0;0;0;0;0;0;0;0;0;0;0;0;0;0;0;0;0;0;0;0;0;0;0;0;0;0;0;0;0;0;0;0;0;0;0;0;0;0;0;0;0;0;0;0;0;0;0;0;0;0;0;0;0;0;0;0;0;0;0;0;0;0;0;0;0;0;0;0;0;0;0;0;0;0;0;0;0;0;0;0;0;0;0;0;0;0;0;0;0;0;0;0;0;6;3;1;7;0;1;0;0;2;6;1;0;0;0;3;6;0;0;0;0;9;4;5;0;0;3;0;3;0;6;4;2;0;0;0;0;0;0;0;0;0;0;0;0;0;0;0;0;0;0;0;0;0;0;0;0;0;0;0;0;0;0;0;0;0;0;0;0;0;0;0;0;0;0;0;0;0;0;0;0;0;0;0;0;0;0;0;0;0;0;3;3;3;0;0;0;0;0;0;0;0;0;0;0;0;0;0;8;1;0;0;0;0
2025;35008951;7;7;0;7;0;0;0;0;0;0;0;0;0;0;0;0;0;0;0;0;0;0;0;0;0;0;0;0;0;0;0;0;0;0;0;0;0;0;0;0;0;0;0;0;0;0;0;0;0;0;0;0;0;0;0;0;0;0;0;0;0;0;0;0;0;0;0;0;0;0;0;0;0;0;0;0;0;0;0;0;0;0;0;0;0;0;0;0;0;0;0;0;0;0;0;0;0;0;0;0;0;0;0;0;0;0;0;0;0;0;0;0;0;0;0;0;0;0;0;0;0;0;5;2;4;3;0;0;0;0;0;7;0;0;0;0;0;7;0;0;0;0;7;0;7;0;0;0;0;0;0;7;0;7;0;0;0;0;0;0;0;0;0;0;0;0;0;0;0;0;0;0;0;0;0;0;0;0;0;0;0;0;0;0;0;0;0;0;0;0;0;0;0;0;0;0;0;0;0;0;0;0;0;0;0;0;0;0;0;0;0;0;0;0;0;0;0;0;0;0;0;0;0;0;0;0;0;0;0;7;0;0;0;0;0
2025;35011162;277;0;0;0;220;0;0;0;0;0;0;220;51;60;66;43;57;57;27;14;16;0;0;0;0;0;0;0;0;0;0;0;0;0;0;0;0;0;0;0;30;30;30;0;0;30;30;0;0;14;14;0;0;0;0;0;0;0;0;0;0;0;0;0;0;0;0;0;0;0;0;0;0;0;0;0;0;0;0;0;0;0;0;11;0;0;0;5;0;5;6;0;0;0;0;0;11;0;0;0;5;0;5;6;0;0;0;0;0;0;0;0;0;0;0;0;0;0;0;0;0;0;127;150;35;159;10;71;2;0;0;0;0;214;60;3;0;0;1;217;58;1;277;277;0;0;0;0;0;0;0;0;0;0;0;220;220;0;0;0;0;0;0;220;220;0;0;57;57;0;0;0;0;0;0;0;0;0;0;0;0;0;0;0;0;0;0;0;0;0;0;0;0;0;0;0;0;11;11;0;0;0;11;11;0;0;0;0;0;0;0;0;277;0;0;0;220;0;220;57;0;0;0;0;0;11;11;0;0;269;8;0;125;125;0
2025;35011186;521;0;0;0;312;0;0;0;0;0;0;312;81;76;67;88;209;185;65;74;46;0;0;24;0;0;24;0;0;0;0;0;0;0;0;0;0;0;0;0;120;120;120;0;0;120;120;0;0;74;74;0;0;0;0;0;0;24;24;0;0;0;0;0;0;24;24;0;0;0;0;0;0;0;0;0;0;0;0;0;0;0;0;23;0;0;0;16;0;16;7;0;0;0;0;0;23;0;0;0;16;0;16;7;0;0;0;0;0;0;0;0;0;0;0;0;0;0;0;0;0;0;243;278;76;257;20;163;4;1;0;0;0;291;223;7;0;0;1;306;209;5;521;269;252;0;0;0;0;0;0;0;0;0;0;312;60;252;0;0;0;0;0;312;60;252;0;209;209;0;0;0;24;24;0;0;0;24;24;0;0;0;0;0;0;0;0;0;0;0;0;0;0;0;0;0;0;23;11;12;0;0;23;11;12;0;0;0;0;0;0;0;0;0;0;0;0;0;0;0;0;0;0;0;0;0;0;0;0;438;83;0;395;395;0
2025;35011198;808;0;0;0;524;0;0;0;0;0;0;524;146;138;119;121;284;215;109;58;48;0;0;69;0;35;34;0;0;0;0;0;0;0;0;0;0;0;0;0;106;106;106;0;0;106;106;0;0;106;106;0;0;0;0;0;0;69;69;0;0;0;0;0;0;69;69;0;0;0;0;0;0;0;0;0;0;0;0;0;0;0;0;38;0;0;0;27;0;27;11;4;4;0;0;0;38;0;0;0;27;0;27;11;4;4;0;0;0;0;0;0;0;0;0;0;0;0;0;0;0;0;378;430;52;433;48;265;5;5;0;0;1;495;299;13;0;0;9;494;294;11;702;364;338;106;0;0;0;0;0;0;0;0;0;524;186;338;0;0;0;0;0;524;186;338;0;178;178;0;106;0;69;69;0;0;0;69;69;0;0;0;0;0;0;0;0;0;0;0;0;0;0;0;0;0;0;35;16;19;3;0;35;16;19;3;0;0;0;0;0;0;0;0;0;0;0;0;0;0;0;0;0;0;0;0;0;0;0;790;18;0;375;375;0
2025;35011216;799;0;0;0;0;0;0;0;0;0;0;0;0;0;0;0;799;682;216;183;283;0;0;117;0;100;17;0;0;0;0;0;0;0;0;0;0;0;0;0;466;466;466;0;0;466;466;0;0;373;373;0;0;0;0;0;0;117;117;0;0;0;0;0;0;117;117;0;0;0;0;0;0;0;0;0;0;0;0;0;0;0;0;34;0;0;0;0;0;0;34;4;4;0;0;0;34;0;0;0;0;0;0;34;4;4;0;0;0;0;0;0;0;0;0;0;0;0;0;0;0;0;387;412;153;441;19;182;4;0;0;0;0;4;740;55;0;0;0;13;753;33;416;416;0;383;0;0;0;0;0;0;0;0;0;0;0;0;0;0;0;0;0;0;0;0;0;416;416;0;383;0;117;117;0;0;0;117;117;0;0;0;0;0;0;0;0;0;0;0;0;0;0;0;0;0;0;25;25;0;9;0;25;25;0;9;0;0;0;0;0;0;354;0;0;0;0;0;0;354;55;55;0;0;0;24;24;0;0;744;55;0;121;121;0
2025;35014278;311;0;0;0;0;0;0;0;0;0;0;0;0;0;0;0;311;228;123;24;81;0;0;57;0;37;20;0;0;26;0;26;0;0;0;0;0;0;0;0;131;131;131;0;0;52;52;0;0;24;24;0;0;0;0;0;0;57;57;0;0;26;26;0;0;83;57;0;0;0;26;0;0;0;0;0;0;0;0;0;0;0;0;10;0;0;0;0;0;0;10;2;1;0;0;0;10;0;0;0;0;0;0;10;2;1;0;0;0;0;0;0;0;0;0;0;0;0;0;0;0;0;151;160;24;219;11;53;2;2;0;0;0;5;291;15;0;0;0;13;287;11;311;311;0;0;0;0;0;0;0;0;0;0;0;0;0;0;0;0;0;0;0;0;0;0;0;311;311;0;0;0;83;83;0;0;0;57;57;0;0;0;0;0;0;0;0;0;0;0;0;0;0;0;0;0;0;10;10;0;0;0;10;10;0;0;0;0;0;0;0;0;311;0;0;0;0;0;0;311;83;57;0;0;0;10;10;0;0;301;10;0;0;0;0
2025;35014540;531;0;0;0;291;0;0;0;0;0;0;291;60;59;66;106;240;170;119;22;29;0;0;70;0;52;18;0;0;0;0;0;0;0;0;0;0;0;0;0;51;51;51;0;0;51;51;0;0;22;22;0;0;0;0;0;0;70;70;0;0;0;0;0;0;70;70;0;0;0;0;0;0;0;0;0;0;0;0;0;0;0;0;18;0;0;0;9;0;9;9;1;1;0;0;0;18;0;0;0;9;0;9;9;1;1;0;0;0;0;0;0;0;0;0;0;0;0;0;0;0;0;286;245;11;423;8;89;0;0;0;0;0;261;258;12;0;0;0;289;238;4;531;531;0;0;0;0;0;0;0;0;0;0;0;291;291;0;0;0;0;0;0;291;291;0;0;240;240;0;0;0;70;70;0;0;0;70;70;0;0;0;0;0;0;0;0;0;0;0;0;0;0;0;0;0;0;18;18;0;0;0;18;18;0;0;0;0;0;0;0;0;531;0;0;0;291;0;291;240;70;70;0;0;0;18;18;0;0;439;92;0;173;0;173
2025;35018107;350;0;0;0;246;116;17;28;27;21;23;130;34;34;26;36;104;104;39;31;34;0;0;0;0;0;0;0;0;0;0;0;0;0;0;0;0;0;0;0;65;65;65;0;0;65;65;0;0;48;48;0;0;0;0;0;0;0;0;0;0;0;0;0;0;0;0;0;0;0;0;0;0;0;0;0;0;0;0;0;0;0;0;19;0;0;0;11;4;7;8;0;0;0;0;0;19;0;0;0;11;4;7;8;0;0;0;0;0;0;0;0;0;0;0;0;0;0;0;0;0;0;170;180;27;239;5;76;3;0;0;0;112;122;105;11;0;0;116;125;104;5;333;217;116;17;0;0;0;0;0;0;0;0;0;246;130;116;0;116;0;116;0;130;130;0;0;87;87;0;17;0;0;0;0;0;0;0;0;0;0;0;0;0;0;0;0;0;0;0;0;0;0;0;0;0;0;19;15;4;0;0;19;15;4;0;0;0;0;0;0;0;0;0;0;0;0;0;0;0;0;0;0;0;0;0;0;0;0;184;166;0;109;0;109
2025;35018119;281;0;0;0;211;0;0;0;0;0;0;211;60;43;55;53;70;70;51;11;8;0;0;0;0;0;0;0;0;0;0;0;0;0;0;0;0;0;0;0;19;19;19;0;0;19;19;0;0;11;11;0;0;0;0;0;0;0;0;0;0;0;0;0;0;0;0;0;0;0;0;0;0;0;0;0;0;0;0;0;0;0;0;8;0;0;0;5;0;5;3;0;0;0;0;0;8;0;0;0;5;0;5;3;0;0;0;0;0;0;0;0;0;0;0;0;0;0;0;0;0;0;146;135;41;124;20;96;0;0;0;0;2;190;82;7;0;0;3;198;77;3;281;281;0;0;0;0;0;0;0;0;0;0;0;211;211;0;0;0;0;0;0;211;211;0;0;70;70;0;0;0;0;0;0;0;0;0;0;0;0;0;0;0;0;0;0;0;0;0;0;0;0;0;0;0;0;8;8;0;0;0;8;8;0;0;0;0;0;0;0;0;281;0;0;0;211;0;211;70;0;0;0;0;0;8;8;0;0;279;2;0;0;0;0
2025;35018156;753;0;0;0;523;254;48;47;51;49;59;269;71;66;62;70;230;230;89;84;57;0;0;0;0;0;0;0;0;0;0;0;0;0;0;0;0;0;0;0;141;141;141;0;0;141;141;0;0;84;84;0;0;0;0;0;0;0;0;0;0;0;0;0;0;0;0;0;0;0;0;0;0;0;0;0;0;0;0;0;0;0;0;35;0;0;0;17;7;10;18;0;0;0;0;0;35;0;0;0;17;7;10;18;0;0;0;0;0;0;0;0;0;0;0;0;0;0;0;0;0;0;376;377;54;466;27;203;3;0;0;0;228;267;243;15;0;0;241;268;235;9;753;395;358;0;0;0;0;0;0;0;0;0;0;523;165;358;0;254;95;159;0;269;70;199;0;230;230;0;0;0;0;0;0;0;0;0;0;0;0;0;0;0;0;0;0;0;0;0;0;0;0;0;0;0;0;35;23;12;0;0;35;23;12;0;0;0;0;0;0;0;0;0;0;0;0;0;0;0;0;0;0;0;0;0;0;0;0;739;14;0;3;2;1
2025;35018272;536;0;0;0;345;103;15;22;23;22;21;242;62;63;58;59;161;161;73;56;32;0;0;0;0;0;0;0;0;0;0;0;0;0;0;0;0;0;0;0;88;88;88;0;0;88;88;0;0;56;56;0;0;0;0;0;0;0;0;0;0;0;0;0;0;0;0;0;0;0;0;0;0;30;0;0;0;0;0;30;30;0;0;19;0;0;0;9;4;5;6;0;0;4;0;4;19;0;0;0;9;4;5;6;0;0;4;0;4;0;0;0;0;0;0;0;0;0;0;0;0;0;257;279;75;304;16;138;1;2;0;0;96;229;171;40;0;0;103;237;159;37;506;403;103;30;0;0;0;0;0;0;0;0;0;345;242;103;0;103;103;0;0;242;139;103;0;161;161;0;0;0;0;0;0;0;0;0;0;0;0;0;0;0;0;30;0;0;0;0;0;0;0;0;0;30;0;15;14;1;4;0;15;14;1;4;0;0;0;0;0;0;0;0;0;0;0;0;0;0;0;0;0;0;0;0;0;0;0;448;88;0;51;0;51
2025;35018302;1028;0;0;0;480;219;38;44;34;44;59;261;65;56;71;69;457;394;105;142;147;0;0;63;0;35;28;0;0;0;0;0;0;0;0;0;0;0;0;0;289;289;289;0;0;289;289;0;0;212;212;0;0;0;0;0;0;63;63;0;0;0;0;0;0;63;63;0;0;0;0;0;0;91;0;0;0;0;0;91;91;0;0;38;0;0;0;16;6;10;15;1;1;7;0;7;38;0;0;0;16;6;10;15;1;1;7;0;7;0;0;0;0;0;0;0;0;0;0;0;0;0;546;482;143;579;45;252;6;3;0;0;206;254;417;151;0;0;221;249;438;120;763;352;411;265;0;0;0;0;0;0;0;0;0;480;69;411;0;219;0;219;0;261;69;192;0;283;283;0;174;0;63;63;0;0;0;63;63;0;0;0;0;0;0;91;0;0;0;0;0;0;0;0;0;91;0;24;10;14;14;0;24;10;14;14;0;0;0;0;0;0;0;0;0;0;0;0;0;0;0;0;0;0;0;0;0;0;0;1004;24;0;2;2;0
2025;35038751;368;0;0;0;248;0;0;0;0;0;0;248;55;63;67;63;120;120;38;42;40;0;0;0;0;0;0;0;0;0;0;0;0;0;0;0;0;0;0;0;82;82;82;0;0;82;82;0;0;42;42;0;0;0;0;0;0;0;0;0;0;0;0;0;0;0;0;0;0;0;0;0;0;0;0;0;0;0;0;0;0;0;0;12;0;0;0;6;0;6;6;0;0;0;0;0;12;0;0;0;6;0;6;6;0;0;0;0;0;0;0;0;0;0;0;0;0;0;0;0;0;0;175;193;79;184;9;94;2;0;0;0;0;230;129;9;0;0;3;233;127;5;368;248;120;0;0;0;0;0;0;0;0;0;0;248;248;0;0;0;0;0;0;248;248;0;0;120;0;120;0;0;0;0;0;0;0;0;0;0;0;0;0;0;0;0;0;0;0;0;0;0;0;0;0;0;0;12;6;6;0;0;12;6;6;0;0;0;0;0;0;0;368;0;0;0;248;0;248;120;0;0;0;0;0;12;12;0;0;362;6;0;66;66;0
2025;35038763;591;0;0;0;302;0;0;0;0;0;0;302;108;91;68;35;289;201;117;51;33;0;0;88;0;57;31;0;0;0;0;0;0;0;0;0;0;0;0;0;84;84;84;0;0;84;84;0;0;51;51;0;0;0;0;0;0;88;88;0;0;0;0;0;0;88;88;0;0;0;0;0;0;0;0;0;0;0;0;0;0;0;0;21;0;0;0;11;0;11;10;1;1;0;0;0;21;0;0;0;11;0;11;10;1;1;0;0;0;0;0;0;0;0;0;0;0;0;0;0;0;0;282;309;118;307;15;148;3;0;0;0;1;289;281;20;0;0;6;293;277;15;591;324;267;0;0;0;0;0;0;0;0;0;0;302;35;267;0;0;0;0;0;302;35;267;0;289;289;0;0;0;88;88;0;0;0;88;88;0;0;0;0;0;0;0;0;0;0;0;0;0;0;0;0;0;0;21;12;9;0;0;21;12;9;0;0;0;0;0;0;0;0;0;0;0;0;0;0;0;0;0;0;0;0;0;0;0;0;554;37;0;167;167;0
2025;35039664;349;0;0;0;0;0;0;0;0;0;0;0;0;0;0;0;349;241;126;66;49;0;0;108;0;75;33;0;0;0;0;0;0;0;0;0;0;0;0;0;115;115;115;0;0;115;115;0;0;66;66;0;0;0;0;0;0;108;108;0;0;0;0;0;0;108;108;0;0;0;0;0;0;0;0;0;0;0;0;0;0;0;0;10;0;0;0;0;0;0;10;0;0;0;0;0;10;0;0;0;0;0;0;10;0;0;0;0;0;0;0;0;0;0;0;0;0;0;0;0;0;0;188;161;23;233;15;76;1;1;0;0;0;14;328;7;0;0;0;35;309;5;349;349;0;0;0;0;0;0;0;0;0;0;0;0;0;0;0;0;0;0;0;0;0;0;0;349;349;0;0;0;108;108;0;0;0;108;108;0;0;0;0;0;0;0;0;0;0;0;0;0;0;0;0;0;0;10;10;0;0;0;10;10;0;0;0;0;0;0;0;0;349;0;0;0;0;0;0;349;108;108;0;0;0;10;10;0;0;344;5;0;2;0;2
2025;35045123;707;0;0;0;469;0;0;0;0;0;0;469;126;103;123;117;238;131;84;26;21;0;0;107;0;65;42;0;0;0;0;0;0;0;0;0;0;0;0;0;47;47;47;0;0;47;47;0;0;26;26;0;0;0;0;0;0;107;107;0;0;0;0;0;0;107;107;0;0;0;0;0;0;0;0;0;0;0;0;0;0;0;0;44;0;0;0;33;0;33;11;5;5;0;0;0;44;0;0;0;33;0;33;11;5;5;0;0;0;0;0;0;0;0;0;0;0;0;0;0;0;0;331;376;89;383;19;215;1;0;0;0;0;429;269;9;0;0;4;453;245;5;707;469;238;0;0;0;0;0;0;0;0;0;0;469;469;0;0;0;0;0;0;469;469;0;0;238;0;238;0;0;107;0;107;0;0;107;0;107;0;0;0;0;0;0;0;0;0;0;0;0;0;0;0;0;0;44;33;11;0;0;44;33;11;0;0;0;0;0;0;0;609;0;0;0;436;0;436;173;42;42;0;0;0;40;40;0;0;692;15;0;41;41;0
2025;35046747;437;0;0;0;298;0;0;0;0;0;0;298;68;69;90;71;139;89;41;24;24;0;0;50;0;28;22;0;0;0;0;0;0;0;0;0;0;0;0;0;48;48;48;0;0;24;24;0;0;0;0;0;0;48;48;0;0;50;50;0;0;0;0;0;0;50;50;0;0;0;0;0;0;0;0;0;0;0;0;0;0;0;0;13;0;0;0;5;0;5;8;3;3;0;0;0;13;0;0;0;5;0;5;8;3;3;0;0;0;0;0;0;0;0;0;0;0;0;0;0;0;0;204;233;41;234;21;138;3;0;0;0;0;281;151;5;0;0;4;289;140;4;437;298;139;0;0;0;0;0;0;0;0;0;0;298;298;0;0;0;0;0;0;298;298;0;0;139;0;139;0;0;50;0;50;0;0;50;0;50;0;0;0;0;0;0;0;0;0;0;0;0;0;0;0;0;0;13;5;8;0;0;13;5;8;0;0;0;0;0;0;0;437;0;0;0;298;0;298;139;50;50;0;0;0;13;13;0;0;436;1;0;39;39;0
2025;35047824;605;0;0;0;408;0;0;0;0;0;0;408;101;113;102;92;197;155;66;49;40;0;0;42;0;21;21;0;0;0;0;0;0;0;0;0;0;0;0;0;89;89;89;0;0;89;89;0;0;49;49;0;0;0;0;0;0;42;42;0;0;0;0;0;0;42;42;0;0;0;0;0;0;0;0;0;0;0;0;0;0;0;0;24;0;0;0;14;0;14;10;1;1;0;0;0;24;0;0;0;14;0;14;10;1;1;0;0;0;0;0;0;0;0;0;0;0;0;0;0;0;0;294;311;70;264;24;243;2;2;0;0;0;384;206;15;0;0;2;395;200;8;605;408;197;0;0;0;0;0;0;0;0;0;0;408;408;0;0;0;0;0;0;408;408;0;0;197;0;197;0;0;42;0;42;0;0;42;0;42;0;0;0;0;0;0;0;0;0;0;0;0;0;0;0;0;0;24;14;10;0;0;24;14;10;0;0;0;0;0;0;0;563;0;0;0;408;0;408;155;0;0;0;0;0;23;23;0;0;598;7;0;199;199;0
2025;35049888;94;0;0;0;64;0;0;0;0;0;0;64;15;12;21;16;30;30;19;6;5;0;0;0;0;0;0;0;0;0;0;0;0;0;0;0;0;0;0;0;11;11;11;0;0;11;11;0;0;6;6;0;0;0;0;0;0;0;0;0;0;0;0;0;0;0;0;0;0;0;0;0;0;0;0;0;0;0;0;0;0;0;0;3;0;0;0;2;0;2;1;0;0;0;0;0;3;0;0;0;2;0;2;1;0;0;0;0;0;0;0;0;0;0;0;0;0;0;0;0;0;0;50;44;0;82;2;10;0;0;0;0;0;57;36;1;0;0;0;63;30;1;94;64;30;0;0;0;0;0;0;0;0;0;0;64;64;0;0;0;0;0;0;64;64;0;0;30;0;30;0;0;0;0;0;0;0;0;0;0;0;0;0;0;0;0;0;0;0;0;0;0;0;0;0;0;0;3;2;1;0;0;3;2;1;0;0;0;0;0;0;0;79;0;0;0;49;0;49;30;0;0;0;0;0;3;3;0;0;73;21;0;3;0;3
2025;35054082;738;0;0;0;271;148;30;26;30;32;30;123;27;33;32;31;284;269;94;82;93;0;0;1;0;1;0;0;0;0;0;0;0;0;0;14;0;14;0;0;0;0;0;0;0;0;0;0;0;0;0;0;0;0;0;0;0;1;0;0;1;0;0;0;0;61;61;46;0;0;0;0;0;137;137;137;12;125;0;0;0;0;0;72;0;0;0;24;19;5;41;7;7;1;1;0;72;0;0;0;24;19;5;41;7;7;1;1;0;0;0;0;0;0;0;0;0;0;0;0;0;0;378;360;117;302;45;272;1;1;0;0;139;123;283;193;0;0;146;124;288;180;512;195;317;226;0;0;0;0;0;0;0;0;0;271;0;271;0;148;0;148;0;123;0;123;0;195;195;0;89;0;60;14;46;1;0;60;14;46;1;0;0;0;0;137;0;0;0;0;137;0;0;0;0;0;0;68;38;30;4;0;68;38;30;4;0;0;0;0;0;0;251;0;0;0;56;56;0;195;14;14;0;0;0;44;44;0;0;738;0;0;42;0;42
2025;35058932;433;0;0;0;433;433;92;78;74;97;92;0;0;0;0;0;0;0;0;0;0;0;0;0;0;0;0;0;0;0;0;0;0;0;0;0;0;0;0;0;0;0;0;0;0;0;0;0;0;0;0;0;0;0;0;0;0;0;0;0;0;0;0;0;0;0;0;0;0;0;0;0;0;0;0;0;0;0;0;0;0;0;0;17;0;0;0;17;17;0;0;0;0;0;0;0;17;0;0;0;17;17;0;0;0;0;0;0;0;0;0;0;0;0;0;0;0;0;0;0;0;0;205;228;29;195;35;171;3;0;0;0;412;21;0;0;0;0;426;7;0;0;433;213;220;0;0;0;0;0;0;0;0;0;0;433;213;220;0;433;213;220;0;0;0;0;0;0;0;0;0;0;0;0;0;0;0;0;0;0;0;0;0;0;0;0;0;0;0;0;0;0;0;0;0;0;0;17;7;10;0;0;17;7;10;0;0;0;0;0;0;0;1;0;0;0;1;1;0;0;0;0;0;0;0;1;1;0;0;432;1;0;2;0;2
2025;35060215;761;0;0;0;761;444;102;79;81;101;81;317;84;81;80;72;0;0;0;0;0;0;0;0;0;0;0;0;0;0;0;0;0;0;0;0;0;0;0;0;0;0;0;0;0;0;0;0;0;0;0;0;0;0;0;0;0;0;0;0;0;0;0;0;0;0;0;0;0;0;0;0;0;0;0;0;0;0;0;0;0;0;0;27;0;0;0;27;21;6;0;0;0;0;0;0;27;0;0;0;27;21;6;0;0;0;0;0;0;0;0;0;0;0;0;0;0;0;0;0;0;0;353;408;27;412;36;273;11;2;0;0;440;307;14;0;0;0;457;294;10;0;761;414;347;0;0;0;0;0;0;0;0;0;0;761;414;347;0;444;220;224;0;317;194;123;0;0;0;0;0;0;0;0;0;0;0;0;0;0;0;0;0;0;0;0;0;0;0;0;0;0;0;0;0;0;0;27;13;14;0;0;27;13;14;0;0;0;0;0;0;0;152;0;0;0;152;143;9;0;0;0;0;0;0;18;18;0;0;744;17;0;11;0;11
2025;35070956;370;99;0;99;271;271;57;58;50;55;51;0;0;0;0;0;0;0;0;0;0;0;0;0;0;0;0;0;0;0;0;0;0;0;0;0;0;0;0;0;0;0;0;0;0;0;0;0;0;0;0;0;0;0;0;0;0;0;0;0;0;0;0;0;0;0;0;0;0;0;0;0;0;0;0;0;0;0;0;0;0;0;0;20;6;0;6;14;14;0;0;0;0;0;0;0;20;6;0;6;14;14;0;0;0;0;0;0;0;0;0;0;0;0;0;0;0;0;0;0;0;0;165;205;70;239;4;56;1;0;0;87;277;6;0;0;0;99;269;2;0;0;370;202;168;0;0;0;0;0;0;99;21;78;0;271;181;90;0;271;181;90;0;0;0;0;0;0;0;0;0;0;0;0;0;0;0;0;0;0;0;0;0;0;0;0;0;0;0;0;0;0;0;0;0;0;0;20;8;12;0;0;20;8;12;0;0;0;0;0;0;0;59;4;0;4;55;55;0;0;0;0;0;0;0;7;7;0;0;351;19;0;74;0;74
2025;35100432;1855;132;42;90;1213;555;84;89;116;122;144;658;160;161;166;171;510;510;180;184;146;0;0;0;0;0;0;0;0;0;0;0;0;0;0;0;0;0;0;0;510;268;268;0;0;450;450;0;0;302;302;0;0;0;0;0;0;0;0;0;0;0;0;0;0;0;0;0;0;0;0;0;0;0;0;0;0;0;0;0;0;0;0;46;2;0;2;31;15;16;13;0;0;0;0;0;46;2;0;2;31;15;16;13;0;0;0;0;0;0;0;0;0;0;0;0;0;0;0;0;0;0;915;940;198;1602;2;34;19;0;36;85;577;664;490;3;42;90;589;675;457;2;1855;1448;407;0;0;42;22;20;0;90;45;45;0;1213;889;324;0;555;329;226;0;658;560;98;0;510;492;18;0;0;0;0;0;0;0;0;0;0;0;0;0;0;0;0;0;0;0;0;0;0;0;0;0;0;0;46;34;12;0;0;46;34;12;0;0;0;0;0;0;0;0;0;0;0;0;0;0;0;0;0;0;0;0;0;0;0;0;1841;14;0;0;0;0
2025;35111173;1443;120;0;120;641;320;64;64;64;64;64;321;65;64;96;96;250;64;64;0;0;0;0;0;0;0;0;0;0;186;32;96;58;0;0;0;0;0;0;0;64;64;64;0;0;64;64;0;0;0;0;0;0;0;0;0;0;0;0;0;0;186;186;0;0;186;0;0;0;0;186;0;0;432;121;121;0;121;0;311;311;0;0;46;7;0;7;26;16;10;4;4;0;9;2;7;46;7;0;7;26;16;10;4;4;0;9;2;7;0;0;0;0;0;0;0;0;0;0;0;0;0;742;701;310;935;25;164;9;0;0;109;338;321;250;425;0;120;337;326;240;420;1011;726;285;0;432;0;0;0;0;120;60;60;0;641;416;225;0;320;320;0;0;321;96;225;0;250;250;0;0;0;186;186;0;0;0;0;0;0;0;0;0;0;0;0;432;0;0;0;0;121;0;0;0;0;311;37;26;11;0;9;37;26;11;0;9;0;0;0;0;0;320;0;0;0;320;320;0;0;0;0;0;0;0;16;16;0;0;1404;39;0;0;0;0
2025;35112513;1108;160;50;110;822;508;99;121;78;84;126;314;92;86;75;61;126;94;35;59;0;0;0;0;0;0;0;0;0;32;0;0;32;0;0;0;0;0;0;0;126;0;0;0;0;126;126;0;0;0;0;0;0;0;0;0;0;0;0;0;0;32;32;0;0;32;0;0;0;0;32;0;0;0;0;0;0;0;0;0;0;0;0;32;2;0;2;23;8;15;7;3;0;0;0;0;32;2;0;2;23;8;15;7;3;0;0;0;0;0;0;0;0;0;0;0;0;0;0;0;0;0;577;531;179;870;8;22;29;0;43;106;522;311;123;3;50;110;530;295;122;1;1108;853;255;0;0;50;27;23;0;110;67;43;0;822;633;189;0;508;319;189;0;314;314;0;0;126;126;0;0;0;32;32;0;0;0;0;0;0;0;0;0;0;0;0;0;0;0;0;0;0;0;0;0;0;0;32;26;6;0;0;32;26;6;0;0;0;0;0;0;0;0;0;0;0;0;0;0;0;0;0;0;0;0;0;0;0;0;1101;7;0;0;0;0
2025;35147205;91;1;0;1;90;90;12;26;26;13;13;0;0;0;0;0;0;0;0;0;0;0;0;0;0;0;0;0;0;0;0;0;0;0;0;0;0;0;0;0;0;0;0;0;0;0;0;0;0;0;0;0;0;0;0;0;0;0;0;0;0;0;0;0;0;0;0;0;0;0;0;0;0;0;0;0;0;0;0;0;0;0;0;91;1;0;1;90;90;0;0;0;0;0;0;0;0;0;0;0;0;0;0;0;0;0;0;0;0;91;1;0;1;90;90;0;0;0;0;0;0;0;43;48;8;67;0;16;0;0;0;1;17;12;4;57;0;1;17;12;5;56;91;48;43;0;0;0;0;0;0;1;1;0;0;90;47;43;0;90;47;43;0;0;0;0;0;0;0;0;0;0;0;0;0;0;0;0;0;0;0;0;0;0;0;0;0;0;0;0;0;0;0;0;0;0;0;91;48;43;0;0;0;0;0;0;0;91;48;43;0;0;0;0;0;0;0;0;0;0;0;0;0;0;0;0;0;0;0;81;10;0;0;0;0
2025;35159414;406;82;37;45;240;109;23;15;23;22;26;131;35;26;39;31;84;84;30;29;25;0;0;0;0;0;0;0;0;0;0;0;0;0;0;0;0;0;0;0;0;0;0;0;0;0;0;0;0;0;0;0;0;0;0;0;0;0;0;0;0;0;0;0;0;0;0;0;0;0;0;0;0;0;0;0;0;0;0;0;0;0;0;1;1;0;1;0;0;0;0;0;0;0;0;0;1;1;0;1;0;0;0;0;0;0;0;0;0;0;0;0;0;0;0;0;0;0;0;0;0;0;206;200;7;383;3;11;2;0;34;44;113;131;82;2;37;47;111;132;79;0;406;215;191;0;0;37;0;37;0;45;0;45;0;240;131;109;0;109;0;109;0;131;131;0;0;84;84;0;0;0;0;0;0;0;0;0;0;0;0;0;0;0;0;0;0;0;0;0;0;0;0;0;0;0;0;1;0;1;0;0;1;0;1;0;0;0;0;0;0;0;11;8;0;8;3;3;0;0;0;0;0;0;0;0;0;0;0;383;23;0;0;0;0
2025;35159612;357;88;41;47;231;116;23;22;24;25;22;115;29;33;33;20;38;38;12;13;13;0;0;0;0;0;0;0;0;0;0;0;0;0;0;0;0;0;0;0;38;0;0;0;0;0;0;0;0;38;38;0;0;38;38;0;0;0;0;0;0;0;0;0;0;0;0;0;0;0;0;0;0;0;0;0;0;0;0;0;0;0;0;2;0;0;0;2;1;1;0;0;0;0;0;0;2;0;0;0;2;1;1;0;0;0;0;0;0;0;0;0;0;0;0;0;0;0;0;0;0;0;168;189;17;335;0;5;0;0;39;40;124;115;38;1;41;47;121;112;36;0;357;153;204;0;0;41;0;41;0;47;0;47;0;231;115;116;0;116;0;116;0;115;115;0;0;38;38;0;0;0;0;0;0;0;0;0;0;0;0;0;0;0;0;0;0;0;0;0;0;0;0;0;0;0;0;2;1;1;0;0;2;1;1;0;0;0;0;0;0;0;8;3;0;3;5;5;0;0;0;0;0;0;0;0;0;0;0;343;14;0;0;0;0
2025;35201820;330;30;0;30;300;92;20;23;16;16;17;208;44;53;68;43;0;0;0;0;0;0;0;0;0;0;0;0;0;0;0;0;0;0;0;0;0;0;0;0;0;0;0;0;0;0;0;0;0;0;0;0;0;0;0;0;0;0;0;0;0;0;0;0;0;0;0;0;0;0;0;0;0;0;0;0;0;0;0;0;0;0;0;6;1;0;1;5;0;5;0;0;0;0;0;0;6;1;0;1;5;0;5;0;0;0;0;0;0;0;0;0;0;0;0;0;0;0;0;0;0;0;166;164;92;160;8;62;2;6;0;29;91;198;12;0;0;30;93;200;7;0;330;208;122;0;0;0;0;0;0;30;0;30;0;300;208;92;0;92;0;92;0;208;208;0;0;0;0;0;0;0;0;0;0;0;0;0;0;0;0;0;0;0;0;0;0;0;0;0;0;0;0;0;0;0;0;6;5;1;0;0;6;5;1;0;0;0;0;0;0;0;0;0;0;0;0;0;0;0;0;0;0;0;0;0;0;0;0;169;161;0;288;0;288
2025;35201856;380;108;0;108;272;272;56;45;61;57;53;0;0;0;0;0;0;0;0;0;0;0;0;0;0;0;0;0;0;0;0;0;0;0;0;0;0;0;0;0;0;0;0;0;0;0;0;0;0;0;0;0;0;0;0;0;0;0;0;0;0;0;0;0;0;0;0;0;0;0;0;0;0;0;0;0;0;0;0;0;0;0;0;27;10;0;10;17;17;0;0;0;0;0;0;0;27;10;0;10;17;17;0;0;0;0;0;0;0;0;0;0;0;0;0;0;0;0;0;0;0;0;185;195;71;266;1;42;0;0;0;93;276;11;0;0;0;108;271;1;0;0;380;167;213;0;0;0;0;0;0;108;61;47;0;272;106;166;0;272;106;166;0;0;0;0;0;0;0;0;0;0;0;0;0;0;0;0;0;0;0;0;0;0;0;0;0;0;0;0;0;0;0;0;0;0;0;27;8;19;0;0;27;8;19;0;0;0;0;0;0;0;35;27;0;27;8;8;0;0;0;0;0;0;0;11;11;0;0;303;77;0;43;0;43
2025;35217049;532;142;0;142;373;373;78;73;79;81;62;0;0;0;0;0;0;0;0;0;0;0;0;0;0;0;0;0;0;0;0;0;0;0;0;0;0;0;0;0;0;0;0;0;0;0;0;0;0;0;0;0;0;0;0;0;0;0;0;0;0;0;0;0;0;0;0;0;0;0;0;0;0;17;17;17;17;0;0;0;0;0;0;18;6;0;6;10;10;0;0;0;0;2;2;0;18;6;0;6;10;10;0;0;0;0;2;2;0;0;0;0;0;0;0;0;0;0;0;0;0;0;245;287;58;428;1;45;0;0;0;124;380;11;0;17;0;142;371;2;0;17;515;262;253;17;0;0;0;0;0;142;64;78;0;373;198;175;0;373;198;175;0;0;0;0;0;0;0;0;0;0;0;0;0;0;0;0;0;0;0;0;0;0;0;17;0;0;0;0;17;0;0;0;0;0;0;16;4;12;2;0;16;4;12;2;0;0;0;0;0;0;52;38;0;38;14;14;0;0;0;0;0;0;0;6;6;0;0;466;66;0;39;0;39
2025;35229573;174;0;0;0;174;0;0;0;0;0;0;174;43;38;40;53;0;0;0;0;0;0;0;0;0;0;0;0;0;0;0;0;0;0;0;0;0;0;0;0;0;0;0;0;0;0;0;0;0;0;0;0;0;0;0;0;0;0;0;0;0;0;0;0;0;0;0;0;0;0;0;0;0;0;0;0;0;0;0;0;0;0;0;8;0;0;0;8;0;8;0;0;0;0;0;0;8;0;0;0;8;0;8;0;0;0;0;0;0;0;0;0;0;0;0;0;0;0;0;0;0;0;94;80;5;100;10;58;1;0;0;0;3;164;6;1;0;0;7;160;6;1;174;174;0;0;0;0;0;0;0;0;0;0;0;174;174;0;0;0;0;0;0;174;174;0;0;0;0;0;0;0;0;0;0;0;0;0;0;0;0;0;0;0;0;0;0;0;0;0;0;0;0;0;0;0;0;8;8;0;0;0;8;8;0;0;0;0;0;0;0;0;49;0;0;0;49;0;49;0;0;0;0;0;0;5;5;0;0;167;7;0;0;0;0
2025;35246979;49;49;49;0;0;0;0;0;0;0;0;0;0;0;0;0;0;0;0;0;0;0;0;0;0;0;0;0;0;0;0;0;0;0;0;0;0;0;0;0;0;0;0;0;0;0;0;0;0;0;0;0;0;0;0;0;0;0;0;0;0;0;0;0;0;0;0;0;0;0;0;0;0;0;0;0;0;0;0;0;0;0;0;0;0;0;0;0;0;0;0;0;0;0;0;0;0;0;0;0;0;0;0;0;0;0;0;0;0;0;0;0;0;0;0;0;0;0;0;0;0;0;22;27;13;29;0;7;0;0;46;3;0;0;0;0;49;0;0;0;0;0;49;0;49;0;0;49;0;49;0;0;0;0;0;0;0;0;0;0;0;0;0;0;0;0;0;0;0;0;0;0;0;0;0;0;0;0;0;0;0;0;0;0;0;0;0;0;0;0;0;0;0;0;0;0;0;0;0;0;0;0;0;0;0;0;0;0;0;0;0;0;49;49;49;0;0;0;0;0;0;0;0;0;0;0;0;0;0;49;0;0;0;0;0
2025;35246980;214;214;97;117;0;0;0;0;0;0;0;0;0;0;0;0;0;0;0;0;0;0;0;0;0;0;0;0;0;0;0;0;0;0;0;0;0;0;0;0;0;0;0;0;0;0;0;0;0;0;0;0;0;0;0;0;0;0;0;0;0;0;0;0;0;0;0;0;0;0;0;0;0;0;0;0;0;0;0;0;0;0;0;12;12;3;9;0;0;0;0;0;0;0;0;0;12;12;3;9;0;0;0;0;0;0;0;0;0;0;0;0;0;0;0;0;0;0;0;0;0;0;101;113;122;79;0;13;0;0;89;120;5;0;0;0;97;117;0;0;0;0;214;0;214;0;0;97;0;97;0;117;0;117;0;0;0;0;0;0;0;0;0;0;0;0;0;0;0;0;0;0;0;0;0;0;0;0;0;0;0;0;0;0;0;0;0;0;0;0;0;0;0;0;0;0;0;12;0;12;0;0;12;0;12;0;0;0;0;0;0;0;214;214;97;117;0;0;0;0;0;0;0;0;0;12;12;0;0;193;21;0;0;0;0
2025;35277685;538;0;0;0;538;292;64;55;49;63;61;246;68;57;59;62;0;0;0;0;0;0;0;0;0;0;0;0;0;0;0;0;0;0;0;0;0;0;0;0;0;0;0;0;0;0;0;0;0;0;0;0;0;0;0;0;0;0;0;0;0;0;0;0;0;0;0;0;0;0;0;0;0;0;0;0;0;0;0;0;0;0;0;21;0;0;0;21;11;10;0;0;0;0;0;0;21;0;0;0;21;11;10;0;0;0;0;0;0;0;0;0;0;0;0;0;0;0;0;0;0;0;254;284;60;305;13;152;5;3;0;0;294;235;9;0;0;0;311;218;9;0;538;338;200;0;0;0;0;0;0;0;0;0;0;538;338;200;0;292;201;91;0;246;137;109;0;0;0;0;0;0;0;0;0;0;0;0;0;0;0;0;0;0;0;0;0;0;0;0;0;0;0;0;0;0;0;21;14;7;0;0;21;14;7;0;0;0;0;0;0;0;245;0;0;0;245;207;38;0;0;0;0;0;0;20;20;0;0;223;315;0;95;0;95
2025;35286485;333;333;333;0;0;0;0;0;0;0;0;0;0;0;0;0;0;0;0;0;0;0;0;0;0;0;0;0;0;0;0;0;0;0;0;0;0;0;0;0;0;0;0;0;0;0;0;0;0;0;0;0;0;0;0;0;0;0;0;0;0;0;0;0;0;0;0;0;0;0;0;0;0;0;0;0;0;0;0;0;0;0;0;5;5;5;0;0;0;0;0;0;0;0;0;0;5;5;5;0;0;0;0;0;0;0;0;0;0;0;0;0;0;0;0;0;0;0;0;0;0;0;169;164;8;282;2;41;0;0;325;8;0;0;0;0;333;0;0;0;0;0;333;0;333;0;0;333;0;333;0;0;0;0;0;0;0;0;0;0;0;0;0;0;0;0;0;0;0;0;0;0;0;0;0;0;0;0;0;0;0;0;0;0;0;0;0;0;0;0;0;0;0;0;0;0;0;5;0;5;0;0;5;0;5;0;0;0;0;0;0;0;333;333;333;0;0;0;0;0;0;0;0;0;0;5;5;0;0;329;4;0;0;0;0
2025;35290661;387;0;0;0;0;0;0;0;0;0;0;0;0;0;0;0;340;0;0;0;0;0;0;340;138;102;100;0;0;0;0;0;0;0;0;0;0;0;0;0;0;0;0;0;0;0;0;0;0;0;0;0;0;0;0;0;0;340;340;0;0;0;0;0;0;387;387;15;32;0;0;0;0;0;0;0;0;0;0;0;0;0;0;3;0;0;0;0;0;0;3;3;3;0;0;0;3;0;0;0;0;0;0;3;3;3;0;0;0;0;0;0;0;0;0;0;0;0;0;0;0;0;196;191;11;330;2;43;1;0;0;0;0;7;332;48;0;0;0;14;337;36;306;306;0;81;0;0;0;0;0;0;0;0;0;0;0;0;0;0;0;0;0;0;0;0;0;306;306;0;34;0;306;306;0;81;0;306;306;0;81;0;0;0;0;0;0;0;0;0;0;0;0;0;0;0;0;2;2;0;1;0;2;2;0;1;0;0;0;0;0;0;207;0;0;0;0;0;0;204;207;207;0;0;0;2;2;0;0;337;50;0;0;0;0
2025;35345507;295;0;0;0;295;295;61;45;55;78;56;0;0;0;0;0;0;0;0;0;0;0;0;0;0;0;0;0;0;0;0;0;0;0;0;0;0;0;0;0;0;0;0;0;0;0;0;0;0;0;0;0;0;0;0;0;0;0;0;0;0;0;0;0;0;0;0;0;0;0;0;0;0;0;0;0;0;0;0;0;0;0;0;9;0;0;0;9;9;0;0;0;0;0;0;0;9;0;0;0;9;9;0;0;0;0;0;0;0;0;0;0;0;0;0;0;0;0;0;0;0;0;140;155;48;225;1;21;0;0;0;0;286;9;0;0;0;0;295;0;0;0;295;152;143;0;0;0;0;0;0;0;0;0;0;295;152;143;0;295;152;143;0;0;0;0;0;0;0;0;0;0;0;0;0;0;0;0;0;0;0;0;0;0;0;0;0;0;0;0;0;0;0;0;0;0;0;9;5;4;0;0;9;5;4;0;0;0;0;0;0;0;58;0;0;0;58;58;0;0;0;0;0;0;0;2;2;0;0;222;73;0;62;0;62
2025;35414165;80;80;60;20;0;0;0;0;0;0;0;0;0;0;0;0;0;0;0;0;0;0;0;0;0;0;0;0;0;0;0;0;0;0;0;0;0;0;0;0;0;0;0;0;0;0;0;0;0;0;0;0;0;0;0;0;0;0;0;0;0;0;0;0;0;0;0;0;0;0;0;0;0;0;0;0;0;0;0;0;0;0;0;3;3;1;2;0;0;0;0;0;0;0;0;0;3;3;1;2;0;0;0;0;0;0;0;0;0;0;0;0;0;0;0;0;0;0;0;0;0;0;42;38;5;62;0;13;0;0;56;24;0;0;0;0;60;20;0;0;0;0;80;0;80;0;0;60;0;60;0;20;0;20;0;0;0;0;0;0;0;0;0;0;0;0;0;0;0;0;0;0;0;0;0;0;0;0;0;0;0;0;0;0;0;0;0;0;0;0;0;0;0;0;0;0;0;3;0;3;0;0;3;0;3;0;0;0;0;0;0;0;80;80;60;20;0;0;0;0;0;0;0;0;0;3;3;0;0;76;4;0;0;0;0
2025;35457197;1097;0;0;0;1087;331;0;0;0;164;167;756;179;193;206;178;0;0;0;0;0;0;0;0;0;0;0;0;0;0;0;0;0;0;0;0;0;0;0;0;0;0;0;0;0;0;0;0;0;0;0;0;0;0;0;0;0;0;0;0;0;0;0;0;0;0;0;0;0;0;0;0;0;10;10;10;10;0;0;0;0;0;0;32;0;0;0;31;14;17;0;0;0;1;1;0;32;0;0;0;31;14;17;0;0;0;1;1;0;0;0;0;0;0;0;0;0;0;0;0;0;0;550;547;39;728;49;266;11;4;0;0;341;731;16;9;0;0;366;710;12;9;1087;558;529;10;0;0;0;0;0;0;0;0;0;1087;558;529;0;331;161;170;0;756;397;359;0;0;0;0;0;0;0;0;0;0;0;0;0;0;0;0;0;0;0;10;0;0;0;0;10;0;0;0;0;0;0;31;13;18;1;0;31;13;18;1;0;0;0;0;0;0;495;0;0;0;495;212;283;0;0;0;0;0;0;29;29;0;0;1074;23;0;10;0;10
2025;35464824;86;86;66;20;0;0;0;0;0;0;0;0;0;0;0;0;0;0;0;0;0;0;0;0;0;0;0;0;0;0;0;0;0;0;0;0;0;0;0;0;0;0;0;0;0;0;0;0;0;0;0;0;0;0;0;0;0;0;0;0;0;0;0;0;0;0;0;0;0;0;0;0;0;0;0;0;0;0;0;0;0;0;0;2;2;2;0;0;0;0;0;0;0;0;0;0;2;2;2;0;0;0;0;0;0;0;0;0;0;0;0;0;0;0;0;0;0;0;0;0;0;0;44;42;16;55;2;13;0;0;57;29;0;0;0;0;66;20;0;0;0;0;86;0;86;0;0;66;0;66;0;20;0;20;0;0;0;0;0;0;0;0;0;0;0;0;0;0;0;0;0;0;0;0;0;0;0;0;0;0;0;0;0;0;0;0;0;0;0;0;0;0;0;0;0;0;0;2;0;2;0;0;2;0;2;0;0;0;0;0;0;0;86;86;66;20;0;0;0;0;0;0;0;0;0;2;2;0;0;82;4;0;0;0;0
2025;35500012;458;0;0;0;0;0;0;0;0;0;0;0;0;0;0;0;305;0;0;0;0;0;0;305;77;77;79;72;0;0;0;0;0;0;0;0;0;0;0;0;0;0;0;0;0;0;0;0;0;0;0;0;0;0;0;0;0;305;305;0;0;0;0;0;0;458;458;36;83;0;0;0;0;34;0;0;0;0;0;34;0;0;34;10;0;0;0;0;0;0;7;10;10;1;0;1;10;0;0;0;0;0;0;7;10;10;1;0;1;0;0;0;0;0;0;0;0;0;0;0;0;0;182;276;88;255;22;92;1;0;0;0;0;3;245;210;0;0;0;5;262;191;357;203;154;101;0;0;0;0;0;0;0;0;0;0;0;0;0;0;0;0;0;0;0;0;0;305;151;154;0;0;357;203;154;101;0;357;203;154;101;0;0;0;0;34;0;0;0;0;0;0;0;0;0;34;0;8;4;4;2;0;8;4;4;2;0;0;0;0;0;0;1;0;0;0;0;0;0;0;1;1;0;0;0;0;0;0;0;453;5;0;0;0;0
2025;35566937;129;69;38;31;60;60;14;14;13;8;11;0;0;0;0;0;0;0;0;0;0;0;0;0;0;0;0;0;0;0;0;0;0;0;0;0;0;0;0;0;0;0;0;0;0;0;0;0;0;0;0;0;0;0;0;0;0;0;0;0;0;0;0;0;0;0;0;0;0;0;0;0;0;0;0;0;0;0;0;0;0;0;0;4;1;1;0;3;3;0;0;0;0;0;0;0;4;1;1;0;3;3;0;0;0;0;0;0;0;0;0;0;0;0;0;0;0;0;0;0;0;0;53;76;7;101;2;19;0;0;36;31;61;1;0;0;38;31;60;0;0;0;129;70;59;0;0;38;10;28;0;31;0;31;0;60;60;0;0;60;60;0;0;0;0;0;0;0;0;0;0;0;0;0;0;0;0;0;0;0;0;0;0;0;0;0;0;0;0;0;0;0;0;0;0;0;0;4;3;1;0;0;4;3;1;0;0;0;0;0;0;0;129;69;38;31;60;60;0;0;0;0;0;0;0;4;4;0;0;119;10;0;7;0;7
2025;35567498;68;68;50;18;0;0;0;0;0;0;0;0;0;0;0;0;0;0;0;0;0;0;0;0;0;0;0;0;0;0;0;0;0;0;0;0;0;0;0;0;0;0;0;0;0;0;0;0;0;0;0;0;0;0;0;0;0;0;0;0;0;0;0;0;0;0;0;0;0;0;0;0;0;0;0;0;0;0;0;0;0;0;0;3;3;3;0;0;0;0;0;0;0;0;0;0;3;3;3;0;0;0;0;0;0;0;0;0;0;0;0;0;0;0;0;0;0;0;0;0;0;0;30;38;3;59;0;6;0;0;44;24;0;0;0;0;50;18;0;0;0;0;68;68;0;0;0;50;50;0;0;18;18;0;0;0;0;0;0;0;0;0;0;0;0;0;0;0;0;0;0;0;0;0;0;0;0;0;0;0;0;0;0;0;0;0;0;0;0;0;0;0;0;0;0;0;0;3;3;0;0;0;3;3;0;0;0;0;0;0;0;0;68;68;50;18;0;0;0;0;0;0;0;0;0;3;3;0;0;64;4;0;0;0;0
2025;35573735;142;0;0;0;0;0;0;0;0;0;0;0;0;0;0;0;0;0;0;0;0;0;0;0;0;0;0;0;0;0;0;0;0;0;0;0;0;0;0;0;0;0;0;0;0;0;0;0;0;0;0;0;0;0;0;0;0;0;0;0;0;0;0;0;0;0;0;0;0;0;0;0;0;142;80;80;21;59;0;62;62;0;0;4;0;0;0;0;0;0;0;0;0;4;3;1;4;0;0;0;0;0;0;0;0;0;4;3;1;0;0;0;0;0;0;0;0;0;0;0;0;0;0;142;3;40;12;87;0;0;0;0;0;0;0;142;0;0;0;0;0;142;142;89;53;0;0;0;0;0;0;0;0;0;0;0;0;0;0;0;0;0;0;0;0;0;0;0;0;0;0;0;0;0;0;0;0;0;0;0;0;0;142;89;53;0;0;80;53;27;0;0;62;36;26;0;0;4;2;2;0;0;4;2;2;0;0;0;0;0;0;0;0;0;0;0;0;0;0;0;0;0;0;0;0;0;0;0;0;6;136;0;0;0;0
2025;35659538;227;63;30;33;164;86;16;12;19;16;23;78;18;21;17;22;0;0;0;0;0;0;0;0;0;0;0;0;0;0;0;0;0;0;0;0;0;0;0;0;0;0;0;0;0;0;0;0;0;0;0;0;0;0;0;0;0;0;0;0;0;0;0;0;0;0;0;0;0;0;0;0;0;0;0;0;0;0;0;0;0;0;0;5;0;0;0;5;3;2;0;0;0;0;0;0;5;0;0;0;5;3;2;0;0;0;0;0;0;0;0;0;0;0;0;0;0;0;0;0;0;0;108;119;0;157;3;66;1;0;29;30;91;76;1;0;30;33;88;75;1;0;227;93;134;0;0;30;3;27;0;33;12;21;0;164;78;86;0;86;0;86;0;78;78;0;0;0;0;0;0;0;0;0;0;0;0;0;0;0;0;0;0;0;0;0;0;0;0;0;0;0;0;0;0;0;0;5;2;3;0;0;5;2;3;0;0;0;0;0;0;0;120;48;27;21;72;71;1;0;0;0;0;0;0;4;4;0;0;1;226;0;216;0;216
2025;35900424;419;0;0;0;295;0;0;0;0;0;0;295;81;72;73;69;124;99;70;12;17;0;0;25;0;25;0;0;0;0;0;0;0;0;0;0;0;0;0;0;29;29;29;0;0;29;29;0;0;12;12;0;0;0;0;0;0;25;25;0;0;0;0;0;0;25;25;0;0;0;0;0;0;0;0;0;0;0;0;0;0;0;0;14;0;0;0;11;0;11;3;0;0;0;0;0;14;0;0;0;11;0;11;3;0;0;0;0;0;0;0;0;0;0;0;0;0;0;0;0;0;0;197;222;3;331;2;82;1;0;0;0;4;274;140;1;0;0;5;286;128;0;419;295;124;0;0;0;0;0;0;0;0;0;0;295;295;0;0;0;0;0;0;295;295;0;0;124;0;124;0;0;25;0;25;0;0;25;0;25;0;0;0;0;0;0;0;0;0;0;0;0;0;0;0;0;0;14;11;3;0;0;14;11;3;0;0;0;0;0;0;0;394;0;0;0;295;0;295;99;0;0;0;0;0;14;14;0;0;316;103;0;89;0;89
2025;35910119;388;0;0;0;195;0;0;0;0;0;0;195;36;48;76;35;193;193;0;79;114;0;0;0;0;0;0;0;0;0;0;0;0;0;0;0;0;0;0;0;193;193;193;0;0;193;193;0;0;193;193;0;0;0;0;0;0;0;0;0;0;0;0;0;0;0;0;0;0;0;0;0;0;0;0;0;0;0;0;0;0;0;0;12;0;0;0;9;0;9;3;0;0;0;0;0;12;0;0;0;9;0;9;3;0;0;0;0;0;0;0;0;0;0;0;0;0;0;0;0;0;0;189;199;2;301;4;80;1;0;0;0;1;186;178;23;0;0;1;190;187;10;195;195;0;193;0;0;0;0;0;0;0;0;0;195;195;0;0;0;0;0;0;195;195;0;0;0;0;0;193;0;0;0;0;0;0;0;0;0;0;0;0;0;0;0;0;0;0;0;0;0;0;0;0;0;0;9;9;0;3;0;9;9;0;3;0;0;0;0;0;0;195;0;0;0;195;0;195;0;0;0;0;0;0;9;9;0;0;341;47;0;99;0;99
2025;35923692;356;159;79;80;197;197;37;40;40;39;41;0;0;0;0;0;0;0;0;0;0;0;0;0;0;0;0;0;0;0;0;0;0;0;0;0;0;0;0;0;0;0;0;0;0;0;0;0;0;0;0;0;0;0;0;0;0;0;0;0;0;0;0;0;0;0;0;0;0;0;0;0;0;0;0;0;0;0;0;0;0;0;0;11;2;1;1;9;9;0;0;0;0;0;0;0;11;2;1;1;9;9;0;0;0;0;0;0;0;0;0;0;0;0;0;0;0;0;0;0;0;0;174;182;42;229;13;66;6;0;71;80;202;3;0;0;79;80;196;1;0;0;356;99;257;0;0;79;0;79;0;80;0;80;0;197;99;98;0;197;99;98;0;0;0;0;0;0;0;0;0;0;0;0;0;0;0;0;0;0;0;0;0;0;0;0;0;0;0;0;0;0;0;0;0;0;0;11;4;7;0;0;11;4;7;0;0;0;0;0;0;0;159;159;79;80;0;0;0;0;0;0;0;0;0;2;2;0;0;355;1;0;0;0;0
2025;35924088;203;0;0;0;203;0;0;0;0;0;0;203;62;45;60;36;0;0;0;0;0;0;0;0;0;0;0;0;0;0;0;0;0;0;0;0;0;0;0;0;0;0;0;0;0;0;0;0;0;0;0;0;0;0;0;0;0;0;0;0;0;0;0;0;0;0;0;0;0;0;0;0;0;0;0;0;0;0;0;0;0;0;0;8;0;0;0;8;0;8;0;0;0;0;0;0;8;0;0;0;8;0;8;0;0;0;0;0;0;0;0;0;0;0;0;0;0;0;0;0;0;0;80;123;0;124;6;73;0;0;0;0;0;191;12;0;0;0;0;195;8;0;203;203;0;0;0;0;0;0;0;0;0;0;0;203;203;0;0;0;0;0;0;203;203;0;0;0;0;0;0;0;0;0;0;0;0;0;0;0;0;0;0;0;0;0;0;0;0;0;0;0;0;0;0;0;0;8;8;0;0;0;8;8;0;0;0;0;0;0;0;0;203;0;0;0;203;0;203;0;0;0;0;0;0;8;8;0;0;202;1;0;39;0;39
2025;41127013;371;0;0;0;371;145;25;28;29;35;28;226;70;68;0;88;0;0;0;0;0;0;0;0;0;0;0;0;0;0;0;0;0;0;0;0;0;0;0;0;0;0;0;0;0;0;0;0;0;0;0;0;0;0;0;0;0;0;0;0;0;0;0;0;0;0;0;0;0;0;0;0;0;0;0;0;0;0;0;0;0;0;0;34;0;0;0;34;7;27;0;0;0;0;0;0;34;0;0;0;34;7;27;0;0;0;0;0;0;0;0;0;0;0;0;0;0;0;0;0;0;0;185;186;5;259;17;89;1;0;0;0;162;190;18;1;0;0;173;183;14;1;371;226;145;0;0;0;0;0;0;0;0;0;0;371;226;145;0;145;0;145;0;226;226;0;0;0;0;0;0;0;0;0;0;0;0;0;0;0;0;0;0;0;0;0;0;0;0;0;0;0;0;0;0;0;0;34;27;7;0;0;34;27;7;0;0;0;0;0;0;0;113;0;0;0;113;77;36;0;0;0;0;0;0;4;4;0;0;368;3;0;0;0;0
2025;41127021;685;0;0;0;398;0;0;0;0;0;0;398;105;86;117;90;219;121;42;36;43;0;0;98;28;40;30;0;0;0;0;0;0;0;0;0;0;0;0;0;138;94;36;58;0;80;36;44;0;55;36;19;0;94;36;58;0;98;0;81;17;0;0;0;0;98;98;0;0;0;0;0;0;68;14;14;0;14;0;54;54;0;0;33;0;0;0;20;0;20;7;0;0;6;2;4;33;0;0;0;20;0;20;7;0;0;6;2;4;0;0;0;0;0;0;0;0;0;0;0;0;0;341;344;2;440;30;212;1;0;0;0;30;374;206;75;0;0;46;368;205;66;617;309;308;68;0;0;0;0;0;0;0;0;0;398;90;308;0;0;0;0;0;398;90;308;0;219;219;0;0;0;98;98;0;0;0;98;98;0;0;0;0;0;0;68;0;0;0;0;14;0;0;0;0;54;0;27;12;15;6;0;27;12;15;6;0;0;0;0;0;0;0;0;0;0;0;0;0;0;0;0;0;0;0;0;0;0;0;667;18;0;0;0;0
2025;41127200;806;0;0;0;380;0;0;0;0;0;0;380;88;86;103;103;426;394;134;144;116;0;0;32;0;0;32;0;0;0;0;0;0;0;0;0;0;0;0;0;392;317;134;183;0;392;134;258;0;392;134;258;0;317;134;183;0;32;0;32;0;0;0;0;0;32;32;0;0;0;0;0;0;0;0;0;0;0;0;0;0;0;0;54;0;0;0;23;0;23;31;3;3;0;0;0;54;0;0;0;23;0;23;31;3;3;0;0;0;0;0;0;0;0;0;0;0;0;0;0;0;0;419;387;7;716;6;73;4;0;0;0;37;400;355;14;0;0;54;409;331;12;806;426;380;0;0;0;0;0;0;0;0;0;0;380;0;380;0;0;0;0;0;380;0;380;0;426;426;0;0;0;32;32;0;0;0;32;32;0;0;0;0;0;0;0;0;0;0;0;0;0;0;0;0;0;0;54;31;23;0;0;54;31;23;0;0;0;0;0;0;0;1;0;0;0;1;0;1;0;0;0;0;0;0;0;0;0;0;799;7;0;0;0;0
2025;41127218;234;0;0;0;175;0;0;0;0;0;0;175;55;43;43;34;59;59;28;22;9;0;0;0;0;0;0;0;0;0;0;0;0;0;0;0;0;0;0;0;59;59;28;31;0;28;28;0;0;28;28;0;0;59;28;31;0;0;0;0;0;0;0;0;0;0;0;0;0;0;0;0;0;0;0;0;0;0;0;0;0;0;0;18;0;0;0;9;0;9;9;0;0;0;0;0;18;0;0;0;9;0;9;9;0;0;0;0;0;0;0;0;0;0;0;0;0;0;0;0;0;0;114;120;12;168;3;50;0;1;0;0;20;158;55;1;0;0;29;157;47;1;234;234;0;0;0;0;0;0;0;0;0;0;0;175;175;0;0;0;0;0;0;175;175;0;0;59;59;0;0;0;0;0;0;0;0;0;0;0;0;0;0;0;0;0;0;0;0;0;0;0;0;0;0;0;0;18;18;0;0;0;18;18;0;0;0;0;0;0;0;0;234;0;0;0;175;0;175;59;0;0;0;0;0;18;18;0;0;230;4;0;0;0;0
2025;41127382;566;0;0;0;255;0;0;0;0;0;0;255;43;68;61;83;241;152;60;44;48;0;0;89;48;20;21;0;0;0;0;0;0;0;0;0;0;0;0;0;152;112;59;53;0;152;59;93;0;151;59;92;0;112;59;53;0;89;0;70;19;0;0;0;0;89;89;0;0;0;0;0;0;70;22;22;0;22;0;48;48;0;0;31;0;0;0;14;0;14;12;4;4;5;3;2;31;0;0;0;14;0;14;12;4;4;5;3;2;0;0;0;0;0;0;0;0;0;0;0;0;0;245;321;20;399;12;132;3;0;0;0;17;262;228;59;0;0;21;275;214;56;496;355;141;70;0;0;0;0;0;0;0;0;0;255;134;121;0;0;0;0;0;255;134;121;0;241;221;20;0;0;89;70;19;0;0;89;70;19;0;0;0;0;0;70;0;0;0;0;22;0;0;0;0;48;0;26;18;8;5;0;26;18;8;5;0;0;0;0;0;0;4;0;0;0;0;0;0;4;2;2;0;0;0;2;2;0;0;556;10;0;0;0;0
2025;41127722;1396;0;0;0;629;200;20;36;44;42;58;429;68;116;122;123;767;767;264;244;259;0;0;0;0;0;0;0;0;0;0;0;0;0;0;0;0;0;0;0;493;493;0;493;0;493;0;493;0;493;0;493;0;493;0;493;0;0;0;0;0;0;0;0;0;0;0;0;0;0;0;0;0;0;0;0;0;0;0;0;0;0;0;57;0;0;0;32;13;19;25;0;0;0;0;0;57;0;0;0;32;13;19;25;0;0;0;0;0;0;0;0;0;0;0;0;0;0;0;0;0;0;711;685;327;885;9;103;72;0;0;0;208;528;653;7;0;0;224;555;613;4;1396;1274;122;0;0;0;0;0;0;0;0;0;0;629;507;122;0;200;126;74;0;429;381;48;0;767;767;0;0;0;0;0;0;0;0;0;0;0;0;0;0;0;0;0;0;0;0;0;0;0;0;0;0;0;0;57;53;4;0;0;57;53;4;0;0;0;0;0;0;0;0;0;0;0;0;0;0;0;0;0;0;0;0;0;0;0;0;1396;0;0;0;0;0
2025;41128052;359;0;0;0;250;0;0;0;0;0;0;250;64;81;48;57;80;53;19;27;7;0;0;27;27;0;0;0;0;0;0;0;0;0;0;0;0;0;0;0;80;53;19;34;0;46;19;27;0;19;19;0;0;53;19;34;0;27;0;0;27;0;0;0;0;27;27;0;0;0;0;0;0;29;14;14;0;14;0;15;15;0;0;23;0;0;0;16;0;16;3;0;0;4;3;1;23;0;0;0;16;0;16;3;0;0;4;3;1;0;0;0;0;0;0;0;0;0;0;0;0;0;179;180;25;210;16;105;3;0;0;0;23;233;78;25;0;0;30;235;69;25;330;27;303;29;0;0;0;0;0;0;0;0;0;250;0;250;0;0;0;0;0;250;0;250;0;80;27;53;0;0;27;27;0;0;0;27;27;0;0;0;0;0;0;29;0;0;0;0;14;0;0;0;0;15;0;19;0;19;4;0;19;0;19;4;0;0;0;0;0;0;330;0;0;0;250;0;250;80;27;27;0;0;0;19;19;0;0;350;9;0;0;0;0
2025;41131215;873;0;0;0;444;0;0;0;0;0;0;444;82;107;111;144;429;281;0;163;118;0;0;0;0;0;0;0;0;148;148;0;0;0;0;0;0;0;0;0;429;429;429;0;0;429;429;0;0;429;429;0;0;429;429;0;0;0;0;0;0;148;148;0;0;148;0;0;0;0;148;0;0;0;0;0;0;0;0;0;0;0;0;81;0;0;0;50;0;50;31;9;0;0;0;0;81;0;0;0;50;0;50;31;9;0;0;0;0;0;0;0;0;0;0;0;0;0;0;0;0;0;400;473;172;559;8;127;7;0;0;0;10;433;397;33;0;0;17;446;385;25;873;873;0;0;0;0;0;0;0;0;0;0;0;444;444;0;0;0;0;0;0;444;444;0;0;429;429;0;0;0;148;148;0;0;0;0;0;0;0;0;0;0;0;0;0;0;0;0;0;0;0;0;0;0;0;81;81;0;0;0;81;81;0;0;0;0;0;0;0;0;0;0;0;0;0;0;0;0;0;0;0;0;0;0;0;0;0;862;11;0;0;0;0
2025;43001807;30;30;21;9;0;0;0;0;0;0;0;0;0;0;0;0;0;0;0;0;0;0;0;0;0;0;0;0;0;0;0;0;0;0;0;0;0;0;0;0;0;0;0;0;0;0;0;0;0;0;0;0;0;0;0;0;0;0;0;0;0;0;0;0;0;0;0;0;0;0;0;0;0;0;0;0;0;0;0;0;0;0;0;0;0;0;0;0;0;0;0;0;0;0;0;0;0;0;0;0;0;0;0;0;0;0;0;0;0;0;0;0;0;0;0;0;0;0;0;0;0;0;15;15;3;26;0;1;0;0;19;10;1;0;0;0;21;9;0;0;0;0;30;0;30;0;0;21;0;21;0;9;0;9;0;0;0;0;0;0;0;0;0;0;0;0;0;0;0;0;0;0;0;0;0;0;0;0;0;0;0;0;0;0;0;0;0;0;0;0;0;0;0;0;0;0;0;0;0;0;0;0;0;0;0;0;0;0;0;0;0;0;21;21;21;0;0;0;0;0;0;0;0;0;0;0;0;0;0;29;1;0;0;0;0
2025;43119956;1183;0;0;0;531;266;49;50;52;56;59;265;59;66;70;70;652;652;230;219;203;0;0;0;0;0;0;0;0;0;0;0;0;0;0;0;0;0;0;0;219;64;64;0;0;0;0;0;0;219;219;0;0;155;155;0;0;0;0;0;0;0;0;0;0;0;0;0;0;0;0;0;0;0;0;0;0;0;0;0;0;0;0;38;0;0;0;23;12;11;15;0;0;0;0;0;38;0;0;0;23;12;11;15;0;0;0;0;0;0;0;0;0;0;0;0;0;0;0;0;0;0;626;557;2;1062;31;86;2;0;0;0;264;253;619;47;0;0;266;261;636;20;1094;571;523;89;0;0;0;0;0;0;0;0;0;531;270;261;0;266;136;130;0;265;134;131;0;563;301;262;89;0;0;0;0;0;0;0;0;0;0;0;0;0;0;0;0;0;0;0;0;0;0;0;0;0;0;38;20;18;0;0;38;20;18;0;0;0;0;0;0;0;0;0;0;0;0;0;0;0;0;0;0;0;0;0;0;0;0;1141;42;0;28;28;0
2025;43120318;280;0;0;0;280;173;39;37;30;29;38;107;29;27;24;27;0;0;0;0;0;0;0;0;0;0;0;0;0;0;0;0;0;0;0;0;0;0;0;0;0;0;0;0;0;0;0;0;0;0;0;0;0;0;0;0;0;0;0;0;0;0;0;0;0;0;0;0;0;0;0;0;0;0;0;0;0;0;0;0;0;0;0;12;0;0;0;12;9;3;0;0;0;0;0;0;12;0;0;0;12;9;3;0;0;0;0;0;0;0;0;0;0;0;0;0;0;0;0;0;0;0;142;138;8;250;3;19;0;0;0;0;162;107;11;0;0;0;168;106;6;0;280;159;121;0;0;0;0;0;0;0;0;0;0;280;159;121;0;173;52;121;0;107;107;0;0;0;0;0;0;0;0;0;0;0;0;0;0;0;0;0;0;0;0;0;0;0;0;0;0;0;0;0;0;0;0;12;5;7;0;0;12;5;7;0;0;0;0;0;0;0;0;0;0;0;0;0;0;0;0;0;0;0;0;0;0;0;0;267;13;0;53;0;53
2025;43122043;219;0;0;0;152;84;13;12;16;21;22;68;19;11;21;17;52;41;23;11;7;0;0;0;0;0;0;0;0;11;0;11;0;0;0;0;0;0;0;0;11;0;0;0;0;0;0;0;0;11;11;0;0;11;11;0;0;0;0;0;0;11;11;0;0;11;0;0;0;0;11;0;0;15;15;15;0;15;0;0;0;0;0;18;0;0;0;12;5;7;5;1;0;1;1;0;18;0;0;0;12;5;7;5;1;0;1;1;0;0;0;0;0;0;0;0;0;0;0;0;0;0;114;105;23;136;9;50;1;0;0;0;78;61;71;9;0;0;79;65;67;8;179;25;154;40;0;0;0;0;0;0;0;0;0;152;25;127;0;84;25;59;0;68;0;68;0;27;0;27;25;0;11;0;11;0;0;0;0;0;0;0;0;0;0;15;0;0;0;0;15;0;0;0;0;0;0;13;2;11;5;0;13;2;11;5;0;0;0;0;0;0;97;0;0;0;70;2;68;27;11;0;0;0;0;10;10;0;0;217;2;0;1;1;0
2025;43122051;180;0;0;0;180;105;19;20;26;19;21;75;20;23;18;14;0;0;0;0;0;0;0;0;0;0;0;0;0;0;0;0;0;0;0;0;0;0;0;0;0;0;0;0;0;0;0;0;0;0;0;0;0;0;0;0;0;0;0;0;0;0;0;0;0;0;0;0;0;0;0;0;0;0;0;0;0;0;0;0;0;0;0;10;0;0;0;10;5;5;0;0;0;0;0;0;10;0;0;0;10;5;5;0;0;0;0;0;0;0;0;0;0;0;0;0;0;0;0;0;0;0;88;92;30;112;2;36;0;0;0;0;90;75;15;0;0;0;93;76;11;0;180;96;84;0;0;0;0;0;0;0;0;0;0;180;96;84;0;105;21;84;0;75;75;0;0;0;0;0;0;0;0;0;0;0;0;0;0;0;0;0;0;0;0;0;0;0;0;0;0;0;0;0;0;0;0;10;6;4;0;0;10;6;4;0;0;0;0;0;0;0;1;0;0;0;1;0;1;0;0;0;0;0;0;0;0;0;0;180;0;0;0;0;0
2025;43123120;91;0;0;0;75;34;7;8;6;8;5;41;12;9;10;10;16;16;6;5;5;0;0;0;0;0;0;0;0;0;0;0;0;0;0;0;0;0;0;0;5;5;5;0;0;5;5;0;0;5;5;0;0;5;5;0;0;0;0;0;0;0;0;0;0;0;0;0;0;0;0;0;0;0;0;0;0;0;0;0;0;0;0;10;0;0;0;6;3;3;4;0;0;0;0;0;10;0;0;0;6;3;3;4;0;0;0;0;0;0;0;0;0;0;0;0;0;0;0;0;0;0;44;47;1;66;1;23;0;0;0;0;32;37;17;5;0;0;32;38;19;2;91;57;34;0;0;0;0;0;0;0;0;0;0;75;41;34;0;34;0;34;0;41;41;0;0;16;16;0;0;0;0;0;0;0;0;0;0;0;0;0;0;0;0;0;0;0;0;0;0;0;0;0;0;0;0;10;7;3;0;0;10;7;3;0;0;0;0;0;0;0;0;0;0;0;0;0;0;0;0;0;0;0;0;0;0;0;0;1;90;0;72;72;0
2025;43123180;526;0;0;0;451;251;47;54;51;57;42;200;54;46;44;56;75;75;31;19;25;0;0;0;0;0;0;0;0;0;0;0;0;0;0;0;0;0;0;0;19;0;0;0;0;0;0;0;0;19;19;0;0;19;19;0;0;0;0;0;0;0;0;0;0;0;0;0;0;0;0;0;0;0;0;0;0;0;0;0;0;0;0;29;0;0;0;19;10;9;10;0;0;0;0;0;29;0;0;0;19;10;9;10;0;0;0;0;0;0;0;0;0;0;0;0;0;0;0;0;0;0;240;286;36;417;13;60;0;0;0;0;233;200;86;7;0;0;242;197;82;5;451;200;251;75;0;0;0;0;0;0;0;0;0;451;200;251;0;251;0;251;0;200;200;0;0;0;0;0;75;0;0;0;0;0;0;0;0;0;0;0;0;0;0;0;0;0;0;0;0;0;0;0;0;0;0;19;9;10;10;0;19;9;10;10;0;0;0;0;0;0;2;0;0;0;1;0;1;1;0;0;0;0;0;1;1;0;0;519;7;0;5;5;0
2025;43123260;350;0;0;0;152;66;0;0;23;24;19;86;26;23;23;14;149;149;62;49;38;0;0;0;0;0;0;0;0;0;0;0;0;0;0;0;0;0;0;0;49;14;14;0;0;0;0;0;0;49;49;0;0;49;49;0;0;0;0;0;0;0;0;0;0;0;0;0;0;0;0;0;0;49;29;29;0;29;0;20;20;0;0;30;0;0;0;12;2;10;14;0;0;4;3;1;30;0;0;0;12;2;10;14;0;0;4;3;1;0;0;0;0;0;0;0;0;0;0;0;0;0;177;173;4;247;39;60;0;0;0;0;59;80;153;58;0;0;63;79;164;44;253;187;66;97;0;0;0;0;0;0;0;0;0;152;86;66;0;66;0;66;0;86;86;0;0;101;101;0;48;0;0;0;0;0;0;0;0;0;0;0;0;0;0;49;0;0;0;0;29;0;0;0;0;20;0;23;21;2;7;0;23;21;2;7;0;0;0;0;0;0;211;0;0;0;86;0;86;125;0;0;0;0;0;22;22;0;0;348;2;0;2;2;0
2025;43123279;189;0;0;0;60;0;0;0;0;0;0;60;15;18;20;7;100;90;50;24;16;0;0;0;0;0;0;0;0;10;0;10;0;0;0;0;0;0;0;0;34;34;34;0;0;0;0;0;0;34;34;0;0;0;0;0;0;0;0;0;0;10;10;0;0;10;0;0;0;0;10;0;0;29;29;29;0;29;0;0;0;0;0;19;0;0;0;8;0;8;10;1;0;1;1;0;19;0;0;0;8;0;8;10;1;0;1;1;0;0;0;0;0;0;0;0;0;0;0;0;0;0;97;92;6;112;28;43;0;0;0;0;0;51;93;45;0;0;1;51;94;43;92;92;0;97;0;0;0;0;0;0;0;0;0;60;60;0;0;0;0;0;0;60;60;0;0;32;32;0;68;0;10;10;0;0;0;0;0;0;0;0;0;0;0;29;0;0;0;0;29;0;0;0;0;0;0;13;13;0;6;0;13;13;0;6;0;0;0;0;0;0;93;0;0;0;60;0;60;33;10;0;0;0;0;14;14;0;0;189;0;0;0;0;0
2025;43123988;262;0;0;0;0;0;0;0;0;0;0;0;0;0;0;0;262;64;0;0;64;0;0;0;0;0;0;0;0;198;103;95;0;0;0;0;0;0;0;0;198;198;198;0;0;198;198;0;0;198;198;0;0;198;198;0;0;0;0;0;0;198;198;0;0;198;0;0;0;0;198;0;0;0;0;0;0;0;0;0;0;0;0;0;0;0;0;0;0;0;0;0;0;0;0;0;0;0;0;0;0;0;0;0;0;0;0;0;0;0;0;0;0;0;0;0;0;0;0;0;0;0;158;104;55;205;1;1;0;0;0;0;0;2;257;3;0;0;0;12;247;3;262;262;0;0;0;0;0;0;0;0;0;0;0;0;0;0;0;0;0;0;0;0;0;0;0;262;262;0;0;0;198;198;0;0;0;0;0;0;0;0;0;0;0;0;0;0;0;0;0;0;0;0;0;0;0;0;0;0;0;0;0;0;0;0;0;0;0;0;0;0;0;0;0;0;0;0;0;0;0;0;0;0;0;0;0;0;0;262;0;0;0;0;0
2025;43172210;387;0;0;0;387;247;36;38;62;55;56;140;53;32;36;19;0;0;0;0;0;0;0;0;0;0;0;0;0;0;0;0;0;0;0;0;0;0;0;0;0;0;0;0;0;0;0;0;0;0;0;0;0;0;0;0;0;0;0;0;0;0;0;0;0;0;0;0;0;0;0;0;0;0;0;0;0;0;0;0;0;0;0;25;0;0;0;25;15;10;0;0;0;0;0;0;25;0;0;0;25;15;10;0;0;0;0;0;0;0;0;0;0;0;0;0;0;0;0;0;0;0;189;198;49;193;32;111;2;0;0;0;213;154;20;0;0;0;219;153;15;0;387;202;185;0;0;0;0;0;0;0;0;0;0;387;202;185;0;247;108;139;0;140;94;46;0;0;0;0;0;0;0;0;0;0;0;0;0;0;0;0;0;0;0;0;0;0;0;0;0;0;0;0;0;0;0;25;15;10;0;0;25;15;10;0;0;0;0;0;0;0;0;0;0;0;0;0;0;0;0;0;0;0;0;0;0;0;0;385;2;0;0;0;0
2025;43184790;791;0;0;0;432;0;0;0;0;0;0;432;89;91;117;135;359;359;145;108;106;0;0;0;0;0;0;0;0;0;0;0;0;0;0;0;0;0;0;0;214;214;214;0;0;214;214;0;0;214;214;0;0;214;214;0;0;0;0;0;0;0;0;0;0;0;0;0;0;0;0;0;0;0;0;0;0;0;0;0;0;0;0;19;0;0;0;8;0;8;11;0;0;0;0;0;19;0;0;0;8;0;8;11;0;0;0;0;0;0;0;0;0;0;0;0;0;0;0;0;0;0;373;418;132;601;6;50;2;0;0;0;1;407;362;21;0;0;6;418;354;13;791;791;0;0;0;0;0;0;0;0;0;0;0;432;432;0;0;0;0;0;0;432;432;0;0;359;359;0;0;0;0;0;0;0;0;0;0;0;0;0;0;0;0;0;0;0;0;0;0;0;0;0;0;0;0;19;19;0;0;0;19;19;0;0;0;0;0;0;0;0;0;0;0;0;0;0;0;0;0;0;0;0;0;0;0;0;0;784;7;0;0;0;0
2025;51046946;233;55;0;55;178;178;43;31;29;26;49;0;0;0;0;0;0;0;0;0;0;0;0;0;0;0;0;0;0;0;0;0;0;0;0;0;0;0;0;0;0;0;0;0;0;0;0;0;0;0;0;0;0;0;0;0;0;0;0;0;0;0;0;0;0;0;0;0;0;0;0;0;0;0;0;0;0;0;0;0;0;0;0;14;3;0;3;11;11;0;0;0;0;0;0;0;14;3;0;3;11;11;0;0;0;0;0;0;0;0;0;0;0;0;0;0;0;0;0;0;0;0;130;103;0;62;8;162;1;0;0;48;179;6;0;0;0;57;176;0;0;0;233;233;0;0;0;0;0;0;0;55;55;0;0;178;178;0;0;178;178;0;0;0;0;0;0;0;0;0;0;0;0;0;0;0;0;0;0;0;0;0;0;0;0;0;0;0;0;0;0;0;0;0;0;0;0;14;14;0;0;0;14;14;0;0;0;0;0;0;0;0;0;0;0;0;0;0;0;0;0;0;0;0;0;0;0;0;0;0;233;0;233;0;233
2025;51047101;287;0;0;0;232;122;28;23;28;18;25;110;40;22;26;22;55;55;17;14;12;0;12;0;0;0;0;0;0;0;0;0;0;0;0;0;0;0;0;0;55;55;55;0;0;55;55;0;0;55;55;0;0;55;55;0;0;0;0;0;0;0;0;0;0;0;0;0;0;0;0;0;0;0;0;0;0;0;0;0;0;0;0;5;0;0;0;3;3;0;2;0;0;0;0;0;5;0;0;0;3;3;0;2;0;0;0;0;0;0;0;0;0;0;0;0;0;0;0;0;0;0;129;158;9;14;9;255;0;0;0;0;115;108;63;1;0;0;119;109;58;1;287;287;0;0;0;0;0;0;0;0;0;0;0;232;232;0;0;122;122;0;0;110;110;0;0;55;55;0;0;0;0;0;0;0;0;0;0;0;0;0;0;0;0;0;0;0;0;0;0;0;0;0;0;0;0;5;5;0;0;0;5;5;0;0;0;0;0;0;0;0;0;0;0;0;0;0;0;0;0;0;0;0;0;0;0;0;0;7;280;0;258;256;2
2025;51047110;772;0;0;0;581;0;0;0;0;0;0;581;154;177;141;109;191;191;88;69;34;0;0;0;0;0;0;0;0;0;0;0;0;0;0;0;0;0;0;0;191;142;142;0;0;191;191;0;0;107;107;0;0;191;191;0;0;0;0;0;0;0;0;0;0;0;0;0;0;0;0;0;0;0;0;0;0;0;0;0;0;0;0;35;0;0;0;23;0;23;12;0;0;0;0;0;35;0;0;0;23;0;23;12;0;0;0;0;0;0;0;0;0;0;0;0;0;0;0;0;0;0;355;417;734;5;0;33;0;0;0;0;1;541;219;11;0;0;1;560;204;7;772;566;206;0;0;0;0;0;0;0;0;0;0;581;375;206;0;0;0;0;0;581;375;206;0;191;191;0;0;0;0;0;0;0;0;0;0;0;0;0;0;0;0;0;0;0;0;0;0;0;0;0;0;0;0;35;29;6;0;0;35;29;6;0;0;0;0;0;0;0;24;0;0;0;15;0;15;9;0;0;0;0;0;24;24;0;0;733;39;0;33;33;0
2025;51055554;146;8;4;4;15;15;0;0;0;0;15;0;0;0;0;0;0;0;0;0;0;0;0;0;0;0;0;0;0;0;0;0;0;0;0;0;0;0;0;0;0;0;0;0;0;0;0;0;0;0;0;0;0;0;0;0;0;0;0;0;0;0;0;0;0;0;0;0;0;0;0;0;0;123;123;123;77;46;0;0;0;0;0;146;8;4;4;15;15;0;0;0;0;123;123;0;0;0;0;0;0;0;0;0;0;0;0;0;0;146;8;4;4;15;15;0;0;0;0;123;123;0;60;86;50;43;7;44;2;0;1;3;11;16;19;96;1;3;12;16;19;95;146;80;66;0;0;4;4;0;0;4;0;4;0;15;10;5;0;15;10;5;0;0;0;0;0;0;0;0;0;0;0;0;0;0;0;0;0;0;0;0;123;66;57;0;0;123;66;57;0;0;0;0;0;0;0;146;80;66;0;0;0;0;0;0;0;146;80;66;0;0;35;0;0;0;0;0;0;0;0;0;35;35;0;35;0;35;0;139;7;0;1;0;1
2025;51066610;527;0;0;0;0;0;0;0;0;0;0;0;0;0;0;0;500;0;0;0;0;0;0;500;182;168;150;0;0;0;0;0;0;0;0;0;0;0;0;0;0;0;0;0;0;0;0;0;0;0;0;0;0;0;0;0;0;500;500;0;0;0;0;0;0;527;527;0;27;0;0;0;0;0;0;0;0;0;0;0;0;0;0;14;0;0;0;0;0;0;14;14;14;0;0;0;14;0;0;0;0;0;0;14;14;14;0;0;0;0;0;0;0;0;0;0;0;0;0;0;0;0;265;262;348;38;2;135;2;2;0;0;0;4;468;55;0;0;0;8;484;35;500;218;282;27;0;0;0;0;0;0;0;0;0;0;0;0;0;0;0;0;0;0;0;0;0;500;218;282;0;0;500;218;282;27;0;500;218;282;27;0;0;0;0;0;0;0;0;0;0;0;0;0;0;0;0;14;7;7;0;0;14;7;7;0;0;0;0;0;0;0;0;0;0;0;0;0;0;0;0;0;0;0;0;0;0;0;0;502;25;0;129;0;129
2025;51066963;934;0;0;0;722;0;0;0;0;0;0;722;175;242;154;151;212;211;115;60;36;0;0;1;0;1;0;0;0;0;0;0;0;0;0;0;0;0;0;0;212;212;212;0;0;212;212;0;0;115;115;0;0;212;212;0;0;1;0;0;1;0;0;0;0;1;1;0;0;0;0;0;0;0;0;0;0;0;0;0;0;0;0;43;0;0;0;34;0;34;9;0;0;0;0;0;43;0;0;0;34;0;34;9;0;0;0;0;0;0;0;0;0;0;0;0;0;0;0;0;0;0;462;472;137;55;9;728;1;4;0;0;0;664;248;22;0;0;3;686;229;16;934;554;380;0;0;0;0;0;0;0;0;0;0;722;364;358;0;0;0;0;0;722;364;358;0;212;190;22;0;0;1;1;0;0;0;1;1;0;0;0;0;0;0;0;0;0;0;0;0;0;0;0;0;0;0;43;27;16;0;0;43;27;16;0;0;0;0;0;0;0;20;0;0;0;15;0;15;5;1;1;0;0;0;19;19;0;0;532;402;0;694;694;0
2025;51070120;780;0;0;0;235;0;0;0;0;0;0;235;54;43;56;82;380;306;116;82;108;0;0;74;32;42;0;0;0;0;0;0;0;0;0;0;0;0;0;0;306;215;215;0;0;306;306;0;0;176;176;0;0;306;306;0;0;74;74;0;0;0;0;0;0;74;74;0;0;0;0;0;0;165;64;64;0;64;0;101;101;0;0;29;0;0;0;9;0;9;10;1;1;10;3;7;29;0;0;0;9;0;9;10;1;1;10;3;7;0;0;0;0;0;0;0;0;0;0;0;0;0;408;372;132;60;9;574;0;5;0;0;2;199;448;131;0;0;4;216;448;112;615;320;295;165;0;0;0;0;0;0;0;0;0;235;60;175;0;0;0;0;0;235;60;175;0;380;260;120;0;0;74;74;0;0;0;74;74;0;0;0;0;0;0;165;0;0;0;0;64;0;0;0;0;101;0;19;5;14;10;0;19;5;14;10;0;0;0;0;0;0;30;0;0;0;23;0;23;4;1;1;3;3;0;9;9;0;0;756;24;0;0;0;0
2025;51143801;1070;0;0;0;696;0;0;0;0;0;0;696;149;186;182;179;374;290;159;70;61;0;0;84;0;66;18;0;0;0;0;0;0;0;0;0;0;0;0;0;308;176;176;0;0;308;308;0;0;245;245;0;0;308;308;0;0;84;66;0;18;0;0;0;0;84;84;0;0;0;0;0;0;0;0;0;0;0;0;0;0;0;0;46;0;0;0;40;0;40;6;1;1;0;0;0;46;0;0;0;40;0;40;6;1;1;0;0;0;0;0;0;0;0;0;0;0;0;0;0;0;0;542;528;108;49;4;902;1;6;0;0;1;650;386;33;0;0;1;674;379;16;1070;611;459;0;0;0;0;0;0;0;0;0;0;696;265;431;0;0;0;0;0;696;265;431;0;374;346;28;0;0;84;84;0;0;0;84;84;0;0;0;0;0;0;0;0;0;0;0;0;0;0;0;0;0;0;46;22;24;0;0;46;22;24;0;0;0;0;0;0;0;92;0;0;0;75;0;75;17;6;6;0;0;0;32;32;0;0;1050;20;0;0;0;0
